date,technology,segment,technology_note,color,desktop_origins,mobile_origins,total_origins,geo,rank,source,source_url,collected_at
2020-01-01,ALL,All origins,All HTTP Archive crawl origins,#0f172a,2976169,3402638,6378807,ALL,ALL,HTTP Archive Technology Report API adoption endpoint,https://cdn.httparchive.org/v1/adoption?technology=ALL%2CWordPress%2CShopify%2CWix%2CSquarespace%2CWebflow%2CDuda%2CTilda%2CNext.js%2CNuxt.js%2CAstro%2CGatsby%2CHugo%2CJekyll%2CEleventy%2CVercel%2CNetlify%2CGitHub+Pages%2CFramer+Sites%2CLovable%2CBase44&geo=ALL&rank=ALL&start=2020-01-01&end=2026-05-01,2026-06-15T22:17:28.655795Z
2020-01-01,Gatsby,Static/app framework,React static site generator,#663399,2636,2215,4851,ALL,ALL,HTTP Archive Technology Report API adoption endpoint,https://cdn.httparchive.org/v1/adoption?technology=ALL%2CWordPress%2CShopify%2CWix%2CSquarespace%2CWebflow%2CDuda%2CTilda%2CNext.js%2CNuxt.js%2CAstro%2CGatsby%2CHugo%2CJekyll%2CEleventy%2CVercel%2CNetlify%2CGitHub+Pages%2CFramer+Sites%2CLovable%2CBase44&geo=ALL&rank=ALL&start=2020-01-01&end=2026-05-01,2026-06-15T22:17:28.655795Z
2020-01-01,GitHub Pages,Deployment surface,Static hosting platform,#6e7781,8059,3986,12045,ALL,ALL,HTTP Archive Technology Report API adoption endpoint,https://cdn.httparchive.org/v1/adoption?technology=ALL%2CWordPress%2CShopify%2CWix%2CSquarespace%2CWebflow%2CDuda%2CTilda%2CNext.js%2CNuxt.js%2CAstro%2CGatsby%2CHugo%2CJekyll%2CEleventy%2CVercel%2CNetlify%2CGitHub+Pages%2CFramer+Sites%2CLovable%2CBase44&geo=ALL&rank=ALL&start=2020-01-01&end=2026-05-01,2026-06-15T22:17:28.655795Z
2020-01-01,Hugo,Static/app framework,Static site generator,#ff4088,1907,1348,3255,ALL,ALL,HTTP Archive Technology Report API adoption endpoint,https://cdn.httparchive.org/v1/adoption?technology=ALL%2CWordPress%2CShopify%2CWix%2CSquarespace%2CWebflow%2CDuda%2CTilda%2CNext.js%2CNuxt.js%2CAstro%2CGatsby%2CHugo%2CJekyll%2CEleventy%2CVercel%2CNetlify%2CGitHub+Pages%2CFramer+Sites%2CLovable%2CBase44&geo=ALL&rank=ALL&start=2020-01-01&end=2026-05-01,2026-06-15T22:17:28.655795Z
2020-01-01,Jekyll,Static/app framework,Static site generator,#cc0000,1382,830,2212,ALL,ALL,HTTP Archive Technology Report API adoption endpoint,https://cdn.httparchive.org/v1/adoption?technology=ALL%2CWordPress%2CShopify%2CWix%2CSquarespace%2CWebflow%2CDuda%2CTilda%2CNext.js%2CNuxt.js%2CAstro%2CGatsby%2CHugo%2CJekyll%2CEleventy%2CVercel%2CNetlify%2CGitHub+Pages%2CFramer+Sites%2CLovable%2CBase44&geo=ALL&rank=ALL&start=2020-01-01&end=2026-05-01,2026-06-15T22:17:28.655795Z
2020-01-01,Netlify,Deployment surface,Static/app deployment platform,#00ad9f,4367,3409,7776,ALL,ALL,HTTP Archive Technology Report API adoption endpoint,https://cdn.httparchive.org/v1/adoption?technology=ALL%2CWordPress%2CShopify%2CWix%2CSquarespace%2CWebflow%2CDuda%2CTilda%2CNext.js%2CNuxt.js%2CAstro%2CGatsby%2CHugo%2CJekyll%2CEleventy%2CVercel%2CNetlify%2CGitHub+Pages%2CFramer+Sites%2CLovable%2CBase44&geo=ALL&rank=ALL&start=2020-01-01&end=2026-05-01,2026-06-15T22:17:28.655795Z
2020-01-01,Next.js,Static/app framework,React app framework and static/hybrid generator,#111827,4084,4178,8262,ALL,ALL,HTTP Archive Technology Report API adoption endpoint,https://cdn.httparchive.org/v1/adoption?technology=ALL%2CWordPress%2CShopify%2CWix%2CSquarespace%2CWebflow%2CDuda%2CTilda%2CNext.js%2CNuxt.js%2CAstro%2CGatsby%2CHugo%2CJekyll%2CEleventy%2CVercel%2CNetlify%2CGitHub+Pages%2CFramer+Sites%2CLovable%2CBase44&geo=ALL&rank=ALL&start=2020-01-01&end=2026-05-01,2026-06-15T22:17:28.655795Z
2020-01-01,Nuxt.js,Static/app framework,Vue app framework and static/hybrid generator,#00dc82,3641,3593,7234,ALL,ALL,HTTP Archive Technology Report API adoption endpoint,https://cdn.httparchive.org/v1/adoption?technology=ALL%2CWordPress%2CShopify%2CWix%2CSquarespace%2CWebflow%2CDuda%2CTilda%2CNext.js%2CNuxt.js%2CAstro%2CGatsby%2CHugo%2CJekyll%2CEleventy%2CVercel%2CNetlify%2CGitHub+Pages%2CFramer+Sites%2CLovable%2CBase44&geo=ALL&rank=ALL&start=2020-01-01&end=2026-05-01,2026-06-15T22:17:28.655795Z
2020-01-01,Shopify,CMS/ecommerce/builder,Hosted ecommerce,#16a34a,56562,60749,117311,ALL,ALL,HTTP Archive Technology Report API adoption endpoint,https://cdn.httparchive.org/v1/adoption?technology=ALL%2CWordPress%2CShopify%2CWix%2CSquarespace%2CWebflow%2CDuda%2CTilda%2CNext.js%2CNuxt.js%2CAstro%2CGatsby%2CHugo%2CJekyll%2CEleventy%2CVercel%2CNetlify%2CGitHub+Pages%2CFramer+Sites%2CLovable%2CBase44&geo=ALL&rank=ALL&start=2020-01-01&end=2026-05-01,2026-06-15T22:17:28.655795Z
2020-01-01,Squarespace,CMS/ecommerce/builder,Hosted website builder,#64748b,27079,26198,53277,ALL,ALL,HTTP Archive Technology Report API adoption endpoint,https://cdn.httparchive.org/v1/adoption?technology=ALL%2CWordPress%2CShopify%2CWix%2CSquarespace%2CWebflow%2CDuda%2CTilda%2CNext.js%2CNuxt.js%2CAstro%2CGatsby%2CHugo%2CJekyll%2CEleventy%2CVercel%2CNetlify%2CGitHub+Pages%2CFramer+Sites%2CLovable%2CBase44&geo=ALL&rank=ALL&start=2020-01-01&end=2026-05-01,2026-06-15T22:17:28.655795Z
2020-01-01,Tilda,CMS/ecommerce/builder,Hosted website builder,#a855f7,1509,2074,3583,ALL,ALL,HTTP Archive Technology Report API adoption endpoint,https://cdn.httparchive.org/v1/adoption?technology=ALL%2CWordPress%2CShopify%2CWix%2CSquarespace%2CWebflow%2CDuda%2CTilda%2CNext.js%2CNuxt.js%2CAstro%2CGatsby%2CHugo%2CJekyll%2CEleventy%2CVercel%2CNetlify%2CGitHub+Pages%2CFramer+Sites%2CLovable%2CBase44&geo=ALL&rank=ALL&start=2020-01-01&end=2026-05-01,2026-06-15T22:17:28.655795Z
2020-01-01,Webflow,CMS/ecommerce/builder,Visual website builder/CMS,#0891b2,5370,5192,10562,ALL,ALL,HTTP Archive Technology Report API adoption endpoint,https://cdn.httparchive.org/v1/adoption?technology=ALL%2CWordPress%2CShopify%2CWix%2CSquarespace%2CWebflow%2CDuda%2CTilda%2CNext.js%2CNuxt.js%2CAstro%2CGatsby%2CHugo%2CJekyll%2CEleventy%2CVercel%2CNetlify%2CGitHub+Pages%2CFramer+Sites%2CLovable%2CBase44&geo=ALL&rank=ALL&start=2020-01-01&end=2026-05-01,2026-06-15T22:17:28.655795Z
2020-01-01,Wix,CMS/ecommerce/builder,Hosted website builder,#f59e0b,17398,27226,44624,ALL,ALL,HTTP Archive Technology Report API adoption endpoint,https://cdn.httparchive.org/v1/adoption?technology=ALL%2CWordPress%2CShopify%2CWix%2CSquarespace%2CWebflow%2CDuda%2CTilda%2CNext.js%2CNuxt.js%2CAstro%2CGatsby%2CHugo%2CJekyll%2CEleventy%2CVercel%2CNetlify%2CGitHub+Pages%2CFramer+Sites%2CLovable%2CBase44&geo=ALL&rank=ALL&start=2020-01-01&end=2026-05-01,2026-06-15T22:17:28.655795Z
2020-01-01,WordPress,CMS/ecommerce/builder,Open-source CMS,#2563eb,890004,1036502,1926506,ALL,ALL,HTTP Archive Technology Report API adoption endpoint,https://cdn.httparchive.org/v1/adoption?technology=ALL%2CWordPress%2CShopify%2CWix%2CSquarespace%2CWebflow%2CDuda%2CTilda%2CNext.js%2CNuxt.js%2CAstro%2CGatsby%2CHugo%2CJekyll%2CEleventy%2CVercel%2CNetlify%2CGitHub+Pages%2CFramer+Sites%2CLovable%2CBase44&geo=ALL&rank=ALL&start=2020-01-01&end=2026-05-01,2026-06-15T22:17:28.655795Z
2020-02-01,ALL,All origins,All HTTP Archive crawl origins,#0f172a,3343928,4045661,7389589,ALL,ALL,HTTP Archive Technology Report API adoption endpoint,https://cdn.httparchive.org/v1/adoption?technology=ALL%2CWordPress%2CShopify%2CWix%2CSquarespace%2CWebflow%2CDuda%2CTilda%2CNext.js%2CNuxt.js%2CAstro%2CGatsby%2CHugo%2CJekyll%2CEleventy%2CVercel%2CNetlify%2CGitHub+Pages%2CFramer+Sites%2CLovable%2CBase44&geo=ALL&rank=ALL&start=2020-01-01&end=2026-05-01,2026-06-15T22:17:28.655795Z
2020-02-01,Duda,CMS/ecommerce/builder,Hosted website builder,#dc2626,0,101,101,ALL,ALL,HTTP Archive Technology Report API adoption endpoint,https://cdn.httparchive.org/v1/adoption?technology=ALL%2CWordPress%2CShopify%2CWix%2CSquarespace%2CWebflow%2CDuda%2CTilda%2CNext.js%2CNuxt.js%2CAstro%2CGatsby%2CHugo%2CJekyll%2CEleventy%2CVercel%2CNetlify%2CGitHub+Pages%2CFramer+Sites%2CLovable%2CBase44&geo=ALL&rank=ALL&start=2020-01-01&end=2026-05-01,2026-06-15T22:17:28.655795Z
2020-02-01,Gatsby,Static/app framework,React static site generator,#663399,3473,3185,6658,ALL,ALL,HTTP Archive Technology Report API adoption endpoint,https://cdn.httparchive.org/v1/adoption?technology=ALL%2CWordPress%2CShopify%2CWix%2CSquarespace%2CWebflow%2CDuda%2CTilda%2CNext.js%2CNuxt.js%2CAstro%2CGatsby%2CHugo%2CJekyll%2CEleventy%2CVercel%2CNetlify%2CGitHub+Pages%2CFramer+Sites%2CLovable%2CBase44&geo=ALL&rank=ALL&start=2020-01-01&end=2026-05-01,2026-06-15T22:17:28.655795Z
2020-02-01,GitHub Pages,Deployment surface,Static hosting platform,#6e7781,8889,4983,13872,ALL,ALL,HTTP Archive Technology Report API adoption endpoint,https://cdn.httparchive.org/v1/adoption?technology=ALL%2CWordPress%2CShopify%2CWix%2CSquarespace%2CWebflow%2CDuda%2CTilda%2CNext.js%2CNuxt.js%2CAstro%2CGatsby%2CHugo%2CJekyll%2CEleventy%2CVercel%2CNetlify%2CGitHub+Pages%2CFramer+Sites%2CLovable%2CBase44&geo=ALL&rank=ALL&start=2020-01-01&end=2026-05-01,2026-06-15T22:17:28.655795Z
2020-02-01,Hugo,Static/app framework,Static site generator,#ff4088,2156,1677,3833,ALL,ALL,HTTP Archive Technology Report API adoption endpoint,https://cdn.httparchive.org/v1/adoption?technology=ALL%2CWordPress%2CShopify%2CWix%2CSquarespace%2CWebflow%2CDuda%2CTilda%2CNext.js%2CNuxt.js%2CAstro%2CGatsby%2CHugo%2CJekyll%2CEleventy%2CVercel%2CNetlify%2CGitHub+Pages%2CFramer+Sites%2CLovable%2CBase44&geo=ALL&rank=ALL&start=2020-01-01&end=2026-05-01,2026-06-15T22:17:28.655795Z
2020-02-01,Jekyll,Static/app framework,Static site generator,#cc0000,1616,1041,2657,ALL,ALL,HTTP Archive Technology Report API adoption endpoint,https://cdn.httparchive.org/v1/adoption?technology=ALL%2CWordPress%2CShopify%2CWix%2CSquarespace%2CWebflow%2CDuda%2CTilda%2CNext.js%2CNuxt.js%2CAstro%2CGatsby%2CHugo%2CJekyll%2CEleventy%2CVercel%2CNetlify%2CGitHub+Pages%2CFramer+Sites%2CLovable%2CBase44&geo=ALL&rank=ALL&start=2020-01-01&end=2026-05-01,2026-06-15T22:17:28.655795Z
2020-02-01,Netlify,Deployment surface,Static/app deployment platform,#00ad9f,5633,4855,10488,ALL,ALL,HTTP Archive Technology Report API adoption endpoint,https://cdn.httparchive.org/v1/adoption?technology=ALL%2CWordPress%2CShopify%2CWix%2CSquarespace%2CWebflow%2CDuda%2CTilda%2CNext.js%2CNuxt.js%2CAstro%2CGatsby%2CHugo%2CJekyll%2CEleventy%2CVercel%2CNetlify%2CGitHub+Pages%2CFramer+Sites%2CLovable%2CBase44&geo=ALL&rank=ALL&start=2020-01-01&end=2026-05-01,2026-06-15T22:17:28.655795Z
2020-02-01,Next.js,Static/app framework,React app framework and static/hybrid generator,#111827,5867,6265,12132,ALL,ALL,HTTP Archive Technology Report API adoption endpoint,https://cdn.httparchive.org/v1/adoption?technology=ALL%2CWordPress%2CShopify%2CWix%2CSquarespace%2CWebflow%2CDuda%2CTilda%2CNext.js%2CNuxt.js%2CAstro%2CGatsby%2CHugo%2CJekyll%2CEleventy%2CVercel%2CNetlify%2CGitHub+Pages%2CFramer+Sites%2CLovable%2CBase44&geo=ALL&rank=ALL&start=2020-01-01&end=2026-05-01,2026-06-15T22:17:28.655795Z
2020-02-01,Nuxt.js,Static/app framework,Vue app framework and static/hybrid generator,#00dc82,5114,5339,10453,ALL,ALL,HTTP Archive Technology Report API adoption endpoint,https://cdn.httparchive.org/v1/adoption?technology=ALL%2CWordPress%2CShopify%2CWix%2CSquarespace%2CWebflow%2CDuda%2CTilda%2CNext.js%2CNuxt.js%2CAstro%2CGatsby%2CHugo%2CJekyll%2CEleventy%2CVercel%2CNetlify%2CGitHub+Pages%2CFramer+Sites%2CLovable%2CBase44&geo=ALL&rank=ALL&start=2020-01-01&end=2026-05-01,2026-06-15T22:17:28.655795Z
2020-02-01,Shopify,CMS/ecommerce/builder,Hosted ecommerce,#16a34a,71556,80708,152264,ALL,ALL,HTTP Archive Technology Report API adoption endpoint,https://cdn.httparchive.org/v1/adoption?technology=ALL%2CWordPress%2CShopify%2CWix%2CSquarespace%2CWebflow%2CDuda%2CTilda%2CNext.js%2CNuxt.js%2CAstro%2CGatsby%2CHugo%2CJekyll%2CEleventy%2CVercel%2CNetlify%2CGitHub+Pages%2CFramer+Sites%2CLovable%2CBase44&geo=ALL&rank=ALL&start=2020-01-01&end=2026-05-01,2026-06-15T22:17:28.655795Z
2020-02-01,Squarespace,CMS/ecommerce/builder,Hosted website builder,#64748b,30271,30744,61015,ALL,ALL,HTTP Archive Technology Report API adoption endpoint,https://cdn.httparchive.org/v1/adoption?technology=ALL%2CWordPress%2CShopify%2CWix%2CSquarespace%2CWebflow%2CDuda%2CTilda%2CNext.js%2CNuxt.js%2CAstro%2CGatsby%2CHugo%2CJekyll%2CEleventy%2CVercel%2CNetlify%2CGitHub+Pages%2CFramer+Sites%2CLovable%2CBase44&geo=ALL&rank=ALL&start=2020-01-01&end=2026-05-01,2026-06-15T22:17:28.655795Z
2020-02-01,Tilda,CMS/ecommerce/builder,Hosted website builder,#a855f7,2754,4428,7182,ALL,ALL,HTTP Archive Technology Report API adoption endpoint,https://cdn.httparchive.org/v1/adoption?technology=ALL%2CWordPress%2CShopify%2CWix%2CSquarespace%2CWebflow%2CDuda%2CTilda%2CNext.js%2CNuxt.js%2CAstro%2CGatsby%2CHugo%2CJekyll%2CEleventy%2CVercel%2CNetlify%2CGitHub+Pages%2CFramer+Sites%2CLovable%2CBase44&geo=ALL&rank=ALL&start=2020-01-01&end=2026-05-01,2026-06-15T22:17:28.655795Z
2020-02-01,Webflow,CMS/ecommerce/builder,Visual website builder/CMS,#0891b2,6676,6913,13589,ALL,ALL,HTTP Archive Technology Report API adoption endpoint,https://cdn.httparchive.org/v1/adoption?technology=ALL%2CWordPress%2CShopify%2CWix%2CSquarespace%2CWebflow%2CDuda%2CTilda%2CNext.js%2CNuxt.js%2CAstro%2CGatsby%2CHugo%2CJekyll%2CEleventy%2CVercel%2CNetlify%2CGitHub+Pages%2CFramer+Sites%2CLovable%2CBase44&geo=ALL&rank=ALL&start=2020-01-01&end=2026-05-01,2026-06-15T22:17:28.655795Z
2020-02-01,Wix,CMS/ecommerce/builder,Hosted website builder,#f59e0b,20413,36561,56974,ALL,ALL,HTTP Archive Technology Report API adoption endpoint,https://cdn.httparchive.org/v1/adoption?technology=ALL%2CWordPress%2CShopify%2CWix%2CSquarespace%2CWebflow%2CDuda%2CTilda%2CNext.js%2CNuxt.js%2CAstro%2CGatsby%2CHugo%2CJekyll%2CEleventy%2CVercel%2CNetlify%2CGitHub+Pages%2CFramer+Sites%2CLovable%2CBase44&geo=ALL&rank=ALL&start=2020-01-01&end=2026-05-01,2026-06-15T22:17:28.655795Z
2020-02-01,WordPress,CMS/ecommerce/builder,Open-source CMS,#2563eb,1007825,1253230,2261055,ALL,ALL,HTTP Archive Technology Report API adoption endpoint,https://cdn.httparchive.org/v1/adoption?technology=ALL%2CWordPress%2CShopify%2CWix%2CSquarespace%2CWebflow%2CDuda%2CTilda%2CNext.js%2CNuxt.js%2CAstro%2CGatsby%2CHugo%2CJekyll%2CEleventy%2CVercel%2CNetlify%2CGitHub+Pages%2CFramer+Sites%2CLovable%2CBase44&geo=ALL&rank=ALL&start=2020-01-01&end=2026-05-01,2026-06-15T22:17:28.655795Z
2020-03-01,ALL,All origins,All HTTP Archive crawl origins,#0f172a,3451653,3998192,7449845,ALL,ALL,HTTP Archive Technology Report API adoption endpoint,https://cdn.httparchive.org/v1/adoption?technology=ALL%2CWordPress%2CShopify%2CWix%2CSquarespace%2CWebflow%2CDuda%2CTilda%2CNext.js%2CNuxt.js%2CAstro%2CGatsby%2CHugo%2CJekyll%2CEleventy%2CVercel%2CNetlify%2CGitHub+Pages%2CFramer+Sites%2CLovable%2CBase44&geo=ALL&rank=ALL&start=2020-01-01&end=2026-05-01,2026-06-15T22:17:28.655795Z
2020-03-01,Duda,CMS/ecommerce/builder,Hosted website builder,#dc2626,2079,3858,5937,ALL,ALL,HTTP Archive Technology Report API adoption endpoint,https://cdn.httparchive.org/v1/adoption?technology=ALL%2CWordPress%2CShopify%2CWix%2CSquarespace%2CWebflow%2CDuda%2CTilda%2CNext.js%2CNuxt.js%2CAstro%2CGatsby%2CHugo%2CJekyll%2CEleventy%2CVercel%2CNetlify%2CGitHub+Pages%2CFramer+Sites%2CLovable%2CBase44&geo=ALL&rank=ALL&start=2020-01-01&end=2026-05-01,2026-06-15T22:17:28.655795Z
2020-03-01,Gatsby,Static/app framework,React static site generator,#663399,3833,3393,7226,ALL,ALL,HTTP Archive Technology Report API adoption endpoint,https://cdn.httparchive.org/v1/adoption?technology=ALL%2CWordPress%2CShopify%2CWix%2CSquarespace%2CWebflow%2CDuda%2CTilda%2CNext.js%2CNuxt.js%2CAstro%2CGatsby%2CHugo%2CJekyll%2CEleventy%2CVercel%2CNetlify%2CGitHub+Pages%2CFramer+Sites%2CLovable%2CBase44&geo=ALL&rank=ALL&start=2020-01-01&end=2026-05-01,2026-06-15T22:17:28.655795Z
2020-03-01,GitHub Pages,Deployment surface,Static hosting platform,#6e7781,9347,4843,14190,ALL,ALL,HTTP Archive Technology Report API adoption endpoint,https://cdn.httparchive.org/v1/adoption?technology=ALL%2CWordPress%2CShopify%2CWix%2CSquarespace%2CWebflow%2CDuda%2CTilda%2CNext.js%2CNuxt.js%2CAstro%2CGatsby%2CHugo%2CJekyll%2CEleventy%2CVercel%2CNetlify%2CGitHub+Pages%2CFramer+Sites%2CLovable%2CBase44&geo=ALL&rank=ALL&start=2020-01-01&end=2026-05-01,2026-06-15T22:17:28.655795Z
2020-03-01,Hugo,Static/app framework,Static site generator,#ff4088,2314,1698,4012,ALL,ALL,HTTP Archive Technology Report API adoption endpoint,https://cdn.httparchive.org/v1/adoption?technology=ALL%2CWordPress%2CShopify%2CWix%2CSquarespace%2CWebflow%2CDuda%2CTilda%2CNext.js%2CNuxt.js%2CAstro%2CGatsby%2CHugo%2CJekyll%2CEleventy%2CVercel%2CNetlify%2CGitHub+Pages%2CFramer+Sites%2CLovable%2CBase44&geo=ALL&rank=ALL&start=2020-01-01&end=2026-05-01,2026-06-15T22:17:28.655795Z
2020-03-01,Jekyll,Static/app framework,Static site generator,#cc0000,1713,1029,2742,ALL,ALL,HTTP Archive Technology Report API adoption endpoint,https://cdn.httparchive.org/v1/adoption?technology=ALL%2CWordPress%2CShopify%2CWix%2CSquarespace%2CWebflow%2CDuda%2CTilda%2CNext.js%2CNuxt.js%2CAstro%2CGatsby%2CHugo%2CJekyll%2CEleventy%2CVercel%2CNetlify%2CGitHub+Pages%2CFramer+Sites%2CLovable%2CBase44&geo=ALL&rank=ALL&start=2020-01-01&end=2026-05-01,2026-06-15T22:17:28.655795Z
2020-03-01,Netlify,Deployment surface,Static/app deployment platform,#00ad9f,6078,4996,11074,ALL,ALL,HTTP Archive Technology Report API adoption endpoint,https://cdn.httparchive.org/v1/adoption?technology=ALL%2CWordPress%2CShopify%2CWix%2CSquarespace%2CWebflow%2CDuda%2CTilda%2CNext.js%2CNuxt.js%2CAstro%2CGatsby%2CHugo%2CJekyll%2CEleventy%2CVercel%2CNetlify%2CGitHub+Pages%2CFramer+Sites%2CLovable%2CBase44&geo=ALL&rank=ALL&start=2020-01-01&end=2026-05-01,2026-06-15T22:17:28.655795Z
2020-03-01,Next.js,Static/app framework,React app framework and static/hybrid generator,#111827,6207,7301,13508,ALL,ALL,HTTP Archive Technology Report API adoption endpoint,https://cdn.httparchive.org/v1/adoption?technology=ALL%2CWordPress%2CShopify%2CWix%2CSquarespace%2CWebflow%2CDuda%2CTilda%2CNext.js%2CNuxt.js%2CAstro%2CGatsby%2CHugo%2CJekyll%2CEleventy%2CVercel%2CNetlify%2CGitHub+Pages%2CFramer+Sites%2CLovable%2CBase44&geo=ALL&rank=ALL&start=2020-01-01&end=2026-05-01,2026-06-15T22:17:28.655795Z
2020-03-01,Nuxt.js,Static/app framework,Vue app framework and static/hybrid generator,#00dc82,5422,5438,10860,ALL,ALL,HTTP Archive Technology Report API adoption endpoint,https://cdn.httparchive.org/v1/adoption?technology=ALL%2CWordPress%2CShopify%2CWix%2CSquarespace%2CWebflow%2CDuda%2CTilda%2CNext.js%2CNuxt.js%2CAstro%2CGatsby%2CHugo%2CJekyll%2CEleventy%2CVercel%2CNetlify%2CGitHub+Pages%2CFramer+Sites%2CLovable%2CBase44&geo=ALL&rank=ALL&start=2020-01-01&end=2026-05-01,2026-06-15T22:17:28.655795Z
2020-03-01,Shopify,CMS/ecommerce/builder,Hosted ecommerce,#16a34a,73617,81125,154742,ALL,ALL,HTTP Archive Technology Report API adoption endpoint,https://cdn.httparchive.org/v1/adoption?technology=ALL%2CWordPress%2CShopify%2CWix%2CSquarespace%2CWebflow%2CDuda%2CTilda%2CNext.js%2CNuxt.js%2CAstro%2CGatsby%2CHugo%2CJekyll%2CEleventy%2CVercel%2CNetlify%2CGitHub+Pages%2CFramer+Sites%2CLovable%2CBase44&geo=ALL&rank=ALL&start=2020-01-01&end=2026-05-01,2026-06-15T22:17:28.655795Z
2020-03-01,Squarespace,CMS/ecommerce/builder,Hosted website builder,#64748b,29577,28626,58203,ALL,ALL,HTTP Archive Technology Report API adoption endpoint,https://cdn.httparchive.org/v1/adoption?technology=ALL%2CWordPress%2CShopify%2CWix%2CSquarespace%2CWebflow%2CDuda%2CTilda%2CNext.js%2CNuxt.js%2CAstro%2CGatsby%2CHugo%2CJekyll%2CEleventy%2CVercel%2CNetlify%2CGitHub+Pages%2CFramer+Sites%2CLovable%2CBase44&geo=ALL&rank=ALL&start=2020-01-01&end=2026-05-01,2026-06-15T22:17:28.655795Z
2020-03-01,Tilda,CMS/ecommerce/builder,Hosted website builder,#a855f7,2865,4486,7351,ALL,ALL,HTTP Archive Technology Report API adoption endpoint,https://cdn.httparchive.org/v1/adoption?technology=ALL%2CWordPress%2CShopify%2CWix%2CSquarespace%2CWebflow%2CDuda%2CTilda%2CNext.js%2CNuxt.js%2CAstro%2CGatsby%2CHugo%2CJekyll%2CEleventy%2CVercel%2CNetlify%2CGitHub+Pages%2CFramer+Sites%2CLovable%2CBase44&geo=ALL&rank=ALL&start=2020-01-01&end=2026-05-01,2026-06-15T22:17:28.655795Z
2020-03-01,Webflow,CMS/ecommerce/builder,Visual website builder/CMS,#0891b2,7193,7073,14266,ALL,ALL,HTTP Archive Technology Report API adoption endpoint,https://cdn.httparchive.org/v1/adoption?technology=ALL%2CWordPress%2CShopify%2CWix%2CSquarespace%2CWebflow%2CDuda%2CTilda%2CNext.js%2CNuxt.js%2CAstro%2CGatsby%2CHugo%2CJekyll%2CEleventy%2CVercel%2CNetlify%2CGitHub+Pages%2CFramer+Sites%2CLovable%2CBase44&geo=ALL&rank=ALL&start=2020-01-01&end=2026-05-01,2026-06-15T22:17:28.655795Z
2020-03-01,Wix,CMS/ecommerce/builder,Hosted website builder,#f59e0b,20635,33261,53896,ALL,ALL,HTTP Archive Technology Report API adoption endpoint,https://cdn.httparchive.org/v1/adoption?technology=ALL%2CWordPress%2CShopify%2CWix%2CSquarespace%2CWebflow%2CDuda%2CTilda%2CNext.js%2CNuxt.js%2CAstro%2CGatsby%2CHugo%2CJekyll%2CEleventy%2CVercel%2CNetlify%2CGitHub+Pages%2CFramer+Sites%2CLovable%2CBase44&geo=ALL&rank=ALL&start=2020-01-01&end=2026-05-01,2026-06-15T22:17:28.655795Z
2020-03-01,WordPress,CMS/ecommerce/builder,Open-source CMS,#2563eb,1055431,1245913,2301344,ALL,ALL,HTTP Archive Technology Report API adoption endpoint,https://cdn.httparchive.org/v1/adoption?technology=ALL%2CWordPress%2CShopify%2CWix%2CSquarespace%2CWebflow%2CDuda%2CTilda%2CNext.js%2CNuxt.js%2CAstro%2CGatsby%2CHugo%2CJekyll%2CEleventy%2CVercel%2CNetlify%2CGitHub+Pages%2CFramer+Sites%2CLovable%2CBase44&geo=ALL&rank=ALL&start=2020-01-01&end=2026-05-01,2026-06-15T22:17:28.655795Z
2020-04-01,ALL,All origins,All HTTP Archive crawl origins,#0f172a,3695618,4137654,7833272,ALL,ALL,HTTP Archive Technology Report API adoption endpoint,https://cdn.httparchive.org/v1/adoption?technology=ALL%2CWordPress%2CShopify%2CWix%2CSquarespace%2CWebflow%2CDuda%2CTilda%2CNext.js%2CNuxt.js%2CAstro%2CGatsby%2CHugo%2CJekyll%2CEleventy%2CVercel%2CNetlify%2CGitHub+Pages%2CFramer+Sites%2CLovable%2CBase44&geo=ALL&rank=ALL&start=2020-01-01&end=2026-05-01,2026-06-15T22:17:28.655795Z
2020-04-01,Duda,CMS/ecommerce/builder,Hosted website builder,#dc2626,2230,3833,6063,ALL,ALL,HTTP Archive Technology Report API adoption endpoint,https://cdn.httparchive.org/v1/adoption?technology=ALL%2CWordPress%2CShopify%2CWix%2CSquarespace%2CWebflow%2CDuda%2CTilda%2CNext.js%2CNuxt.js%2CAstro%2CGatsby%2CHugo%2CJekyll%2CEleventy%2CVercel%2CNetlify%2CGitHub+Pages%2CFramer+Sites%2CLovable%2CBase44&geo=ALL&rank=ALL&start=2020-01-01&end=2026-05-01,2026-06-15T22:17:28.655795Z
2020-04-01,Gatsby,Static/app framework,React static site generator,#663399,4165,3620,7785,ALL,ALL,HTTP Archive Technology Report API adoption endpoint,https://cdn.httparchive.org/v1/adoption?technology=ALL%2CWordPress%2CShopify%2CWix%2CSquarespace%2CWebflow%2CDuda%2CTilda%2CNext.js%2CNuxt.js%2CAstro%2CGatsby%2CHugo%2CJekyll%2CEleventy%2CVercel%2CNetlify%2CGitHub+Pages%2CFramer+Sites%2CLovable%2CBase44&geo=ALL&rank=ALL&start=2020-01-01&end=2026-05-01,2026-06-15T22:17:28.655795Z
2020-04-01,GitHub Pages,Deployment surface,Static hosting platform,#6e7781,10008,5283,15291,ALL,ALL,HTTP Archive Technology Report API adoption endpoint,https://cdn.httparchive.org/v1/adoption?technology=ALL%2CWordPress%2CShopify%2CWix%2CSquarespace%2CWebflow%2CDuda%2CTilda%2CNext.js%2CNuxt.js%2CAstro%2CGatsby%2CHugo%2CJekyll%2CEleventy%2CVercel%2CNetlify%2CGitHub+Pages%2CFramer+Sites%2CLovable%2CBase44&geo=ALL&rank=ALL&start=2020-01-01&end=2026-05-01,2026-06-15T22:17:28.655795Z
2020-04-01,Hugo,Static/app framework,Static site generator,#ff4088,2488,1801,4289,ALL,ALL,HTTP Archive Technology Report API adoption endpoint,https://cdn.httparchive.org/v1/adoption?technology=ALL%2CWordPress%2CShopify%2CWix%2CSquarespace%2CWebflow%2CDuda%2CTilda%2CNext.js%2CNuxt.js%2CAstro%2CGatsby%2CHugo%2CJekyll%2CEleventy%2CVercel%2CNetlify%2CGitHub+Pages%2CFramer+Sites%2CLovable%2CBase44&geo=ALL&rank=ALL&start=2020-01-01&end=2026-05-01,2026-06-15T22:17:28.655795Z
2020-04-01,Jekyll,Static/app framework,Static site generator,#cc0000,1872,1141,3013,ALL,ALL,HTTP Archive Technology Report API adoption endpoint,https://cdn.httparchive.org/v1/adoption?technology=ALL%2CWordPress%2CShopify%2CWix%2CSquarespace%2CWebflow%2CDuda%2CTilda%2CNext.js%2CNuxt.js%2CAstro%2CGatsby%2CHugo%2CJekyll%2CEleventy%2CVercel%2CNetlify%2CGitHub+Pages%2CFramer+Sites%2CLovable%2CBase44&geo=ALL&rank=ALL&start=2020-01-01&end=2026-05-01,2026-06-15T22:17:28.655795Z
2020-04-01,Netlify,Deployment surface,Static/app deployment platform,#00ad9f,6453,5299,11752,ALL,ALL,HTTP Archive Technology Report API adoption endpoint,https://cdn.httparchive.org/v1/adoption?technology=ALL%2CWordPress%2CShopify%2CWix%2CSquarespace%2CWebflow%2CDuda%2CTilda%2CNext.js%2CNuxt.js%2CAstro%2CGatsby%2CHugo%2CJekyll%2CEleventy%2CVercel%2CNetlify%2CGitHub+Pages%2CFramer+Sites%2CLovable%2CBase44&geo=ALL&rank=ALL&start=2020-01-01&end=2026-05-01,2026-06-15T22:17:28.655795Z
2020-04-01,Next.js,Static/app framework,React app framework and static/hybrid generator,#111827,6764,8280,15044,ALL,ALL,HTTP Archive Technology Report API adoption endpoint,https://cdn.httparchive.org/v1/adoption?technology=ALL%2CWordPress%2CShopify%2CWix%2CSquarespace%2CWebflow%2CDuda%2CTilda%2CNext.js%2CNuxt.js%2CAstro%2CGatsby%2CHugo%2CJekyll%2CEleventy%2CVercel%2CNetlify%2CGitHub+Pages%2CFramer+Sites%2CLovable%2CBase44&geo=ALL&rank=ALL&start=2020-01-01&end=2026-05-01,2026-06-15T22:17:28.655795Z
2020-04-01,Nuxt.js,Static/app framework,Vue app framework and static/hybrid generator,#00dc82,5777,5732,11509,ALL,ALL,HTTP Archive Technology Report API adoption endpoint,https://cdn.httparchive.org/v1/adoption?technology=ALL%2CWordPress%2CShopify%2CWix%2CSquarespace%2CWebflow%2CDuda%2CTilda%2CNext.js%2CNuxt.js%2CAstro%2CGatsby%2CHugo%2CJekyll%2CEleventy%2CVercel%2CNetlify%2CGitHub+Pages%2CFramer+Sites%2CLovable%2CBase44&geo=ALL&rank=ALL&start=2020-01-01&end=2026-05-01,2026-06-15T22:17:28.655795Z
2020-04-01,Shopify,CMS/ecommerce/builder,Hosted ecommerce,#16a34a,79389,86884,166273,ALL,ALL,HTTP Archive Technology Report API adoption endpoint,https://cdn.httparchive.org/v1/adoption?technology=ALL%2CWordPress%2CShopify%2CWix%2CSquarespace%2CWebflow%2CDuda%2CTilda%2CNext.js%2CNuxt.js%2CAstro%2CGatsby%2CHugo%2CJekyll%2CEleventy%2CVercel%2CNetlify%2CGitHub+Pages%2CFramer+Sites%2CLovable%2CBase44&geo=ALL&rank=ALL&start=2020-01-01&end=2026-05-01,2026-06-15T22:17:28.655795Z
2020-04-01,Squarespace,CMS/ecommerce/builder,Hosted website builder,#64748b,30329,28297,58626,ALL,ALL,HTTP Archive Technology Report API adoption endpoint,https://cdn.httparchive.org/v1/adoption?technology=ALL%2CWordPress%2CShopify%2CWix%2CSquarespace%2CWebflow%2CDuda%2CTilda%2CNext.js%2CNuxt.js%2CAstro%2CGatsby%2CHugo%2CJekyll%2CEleventy%2CVercel%2CNetlify%2CGitHub+Pages%2CFramer+Sites%2CLovable%2CBase44&geo=ALL&rank=ALL&start=2020-01-01&end=2026-05-01,2026-06-15T22:17:28.655795Z
2020-04-01,Tilda,CMS/ecommerce/builder,Hosted website builder,#a855f7,2942,4075,7017,ALL,ALL,HTTP Archive Technology Report API adoption endpoint,https://cdn.httparchive.org/v1/adoption?technology=ALL%2CWordPress%2CShopify%2CWix%2CSquarespace%2CWebflow%2CDuda%2CTilda%2CNext.js%2CNuxt.js%2CAstro%2CGatsby%2CHugo%2CJekyll%2CEleventy%2CVercel%2CNetlify%2CGitHub+Pages%2CFramer+Sites%2CLovable%2CBase44&geo=ALL&rank=ALL&start=2020-01-01&end=2026-05-01,2026-06-15T22:17:28.655795Z
2020-04-01,Webflow,CMS/ecommerce/builder,Visual website builder/CMS,#0891b2,7574,7199,14773,ALL,ALL,HTTP Archive Technology Report API adoption endpoint,https://cdn.httparchive.org/v1/adoption?technology=ALL%2CWordPress%2CShopify%2CWix%2CSquarespace%2CWebflow%2CDuda%2CTilda%2CNext.js%2CNuxt.js%2CAstro%2CGatsby%2CHugo%2CJekyll%2CEleventy%2CVercel%2CNetlify%2CGitHub+Pages%2CFramer+Sites%2CLovable%2CBase44&geo=ALL&rank=ALL&start=2020-01-01&end=2026-05-01,2026-06-15T22:17:28.655795Z
2020-04-01,Wix,CMS/ecommerce/builder,Hosted website builder,#f59e0b,21280,31537,52817,ALL,ALL,HTTP Archive Technology Report API adoption endpoint,https://cdn.httparchive.org/v1/adoption?technology=ALL%2CWordPress%2CShopify%2CWix%2CSquarespace%2CWebflow%2CDuda%2CTilda%2CNext.js%2CNuxt.js%2CAstro%2CGatsby%2CHugo%2CJekyll%2CEleventy%2CVercel%2CNetlify%2CGitHub+Pages%2CFramer+Sites%2CLovable%2CBase44&geo=ALL&rank=ALL&start=2020-01-01&end=2026-05-01,2026-06-15T22:17:28.655795Z
2020-04-01,WordPress,CMS/ecommerce/builder,Open-source CMS,#2563eb,1097226,1258388,2355614,ALL,ALL,HTTP Archive Technology Report API adoption endpoint,https://cdn.httparchive.org/v1/adoption?technology=ALL%2CWordPress%2CShopify%2CWix%2CSquarespace%2CWebflow%2CDuda%2CTilda%2CNext.js%2CNuxt.js%2CAstro%2CGatsby%2CHugo%2CJekyll%2CEleventy%2CVercel%2CNetlify%2CGitHub+Pages%2CFramer+Sites%2CLovable%2CBase44&geo=ALL&rank=ALL&start=2020-01-01&end=2026-05-01,2026-06-15T22:17:28.655795Z
2020-05-01,ALL,All origins,All HTTP Archive crawl origins,#0f172a,3905280,4306018,8211298,ALL,ALL,HTTP Archive Technology Report API adoption endpoint,https://cdn.httparchive.org/v1/adoption?technology=ALL%2CWordPress%2CShopify%2CWix%2CSquarespace%2CWebflow%2CDuda%2CTilda%2CNext.js%2CNuxt.js%2CAstro%2CGatsby%2CHugo%2CJekyll%2CEleventy%2CVercel%2CNetlify%2CGitHub+Pages%2CFramer+Sites%2CLovable%2CBase44&geo=ALL&rank=ALL&start=2020-01-01&end=2026-05-01,2026-06-15T22:17:28.655795Z
2020-05-01,Duda,CMS/ecommerce/builder,Hosted website builder,#dc2626,2931,6232,9163,ALL,ALL,HTTP Archive Technology Report API adoption endpoint,https://cdn.httparchive.org/v1/adoption?technology=ALL%2CWordPress%2CShopify%2CWix%2CSquarespace%2CWebflow%2CDuda%2CTilda%2CNext.js%2CNuxt.js%2CAstro%2CGatsby%2CHugo%2CJekyll%2CEleventy%2CVercel%2CNetlify%2CGitHub+Pages%2CFramer+Sites%2CLovable%2CBase44&geo=ALL&rank=ALL&start=2020-01-01&end=2026-05-01,2026-06-15T22:17:28.655795Z
2020-05-01,Gatsby,Static/app framework,React static site generator,#663399,4613,3969,8582,ALL,ALL,HTTP Archive Technology Report API adoption endpoint,https://cdn.httparchive.org/v1/adoption?technology=ALL%2CWordPress%2CShopify%2CWix%2CSquarespace%2CWebflow%2CDuda%2CTilda%2CNext.js%2CNuxt.js%2CAstro%2CGatsby%2CHugo%2CJekyll%2CEleventy%2CVercel%2CNetlify%2CGitHub+Pages%2CFramer+Sites%2CLovable%2CBase44&geo=ALL&rank=ALL&start=2020-01-01&end=2026-05-01,2026-06-15T22:17:28.655795Z
2020-05-01,GitHub Pages,Deployment surface,Static hosting platform,#6e7781,10543,5341,15884,ALL,ALL,HTTP Archive Technology Report API adoption endpoint,https://cdn.httparchive.org/v1/adoption?technology=ALL%2CWordPress%2CShopify%2CWix%2CSquarespace%2CWebflow%2CDuda%2CTilda%2CNext.js%2CNuxt.js%2CAstro%2CGatsby%2CHugo%2CJekyll%2CEleventy%2CVercel%2CNetlify%2CGitHub+Pages%2CFramer+Sites%2CLovable%2CBase44&geo=ALL&rank=ALL&start=2020-01-01&end=2026-05-01,2026-06-15T22:17:28.655795Z
2020-05-01,Hugo,Static/app framework,Static site generator,#ff4088,2621,1858,4479,ALL,ALL,HTTP Archive Technology Report API adoption endpoint,https://cdn.httparchive.org/v1/adoption?technology=ALL%2CWordPress%2CShopify%2CWix%2CSquarespace%2CWebflow%2CDuda%2CTilda%2CNext.js%2CNuxt.js%2CAstro%2CGatsby%2CHugo%2CJekyll%2CEleventy%2CVercel%2CNetlify%2CGitHub+Pages%2CFramer+Sites%2CLovable%2CBase44&geo=ALL&rank=ALL&start=2020-01-01&end=2026-05-01,2026-06-15T22:17:28.655795Z
2020-05-01,Jekyll,Static/app framework,Static site generator,#cc0000,1956,1115,3071,ALL,ALL,HTTP Archive Technology Report API adoption endpoint,https://cdn.httparchive.org/v1/adoption?technology=ALL%2CWordPress%2CShopify%2CWix%2CSquarespace%2CWebflow%2CDuda%2CTilda%2CNext.js%2CNuxt.js%2CAstro%2CGatsby%2CHugo%2CJekyll%2CEleventy%2CVercel%2CNetlify%2CGitHub+Pages%2CFramer+Sites%2CLovable%2CBase44&geo=ALL&rank=ALL&start=2020-01-01&end=2026-05-01,2026-06-15T22:17:28.655795Z
2020-05-01,Netlify,Deployment surface,Static/app deployment platform,#00ad9f,6818,5543,12361,ALL,ALL,HTTP Archive Technology Report API adoption endpoint,https://cdn.httparchive.org/v1/adoption?technology=ALL%2CWordPress%2CShopify%2CWix%2CSquarespace%2CWebflow%2CDuda%2CTilda%2CNext.js%2CNuxt.js%2CAstro%2CGatsby%2CHugo%2CJekyll%2CEleventy%2CVercel%2CNetlify%2CGitHub+Pages%2CFramer+Sites%2CLovable%2CBase44&geo=ALL&rank=ALL&start=2020-01-01&end=2026-05-01,2026-06-15T22:17:28.655795Z
2020-05-01,Next.js,Static/app framework,React app framework and static/hybrid generator,#111827,7465,9965,17430,ALL,ALL,HTTP Archive Technology Report API adoption endpoint,https://cdn.httparchive.org/v1/adoption?technology=ALL%2CWordPress%2CShopify%2CWix%2CSquarespace%2CWebflow%2CDuda%2CTilda%2CNext.js%2CNuxt.js%2CAstro%2CGatsby%2CHugo%2CJekyll%2CEleventy%2CVercel%2CNetlify%2CGitHub+Pages%2CFramer+Sites%2CLovable%2CBase44&geo=ALL&rank=ALL&start=2020-01-01&end=2026-05-01,2026-06-15T22:17:28.655795Z
2020-05-01,Nuxt.js,Static/app framework,Vue app framework and static/hybrid generator,#00dc82,6376,6283,12659,ALL,ALL,HTTP Archive Technology Report API adoption endpoint,https://cdn.httparchive.org/v1/adoption?technology=ALL%2CWordPress%2CShopify%2CWix%2CSquarespace%2CWebflow%2CDuda%2CTilda%2CNext.js%2CNuxt.js%2CAstro%2CGatsby%2CHugo%2CJekyll%2CEleventy%2CVercel%2CNetlify%2CGitHub+Pages%2CFramer+Sites%2CLovable%2CBase44&geo=ALL&rank=ALL&start=2020-01-01&end=2026-05-01,2026-06-15T22:17:28.655795Z
2020-05-01,Shopify,CMS/ecommerce/builder,Hosted ecommerce,#16a34a,85778,93279,179057,ALL,ALL,HTTP Archive Technology Report API adoption endpoint,https://cdn.httparchive.org/v1/adoption?technology=ALL%2CWordPress%2CShopify%2CWix%2CSquarespace%2CWebflow%2CDuda%2CTilda%2CNext.js%2CNuxt.js%2CAstro%2CGatsby%2CHugo%2CJekyll%2CEleventy%2CVercel%2CNetlify%2CGitHub+Pages%2CFramer+Sites%2CLovable%2CBase44&geo=ALL&rank=ALL&start=2020-01-01&end=2026-05-01,2026-06-15T22:17:28.655795Z
2020-05-01,Squarespace,CMS/ecommerce/builder,Hosted website builder,#64748b,32552,30535,63087,ALL,ALL,HTTP Archive Technology Report API adoption endpoint,https://cdn.httparchive.org/v1/adoption?technology=ALL%2CWordPress%2CShopify%2CWix%2CSquarespace%2CWebflow%2CDuda%2CTilda%2CNext.js%2CNuxt.js%2CAstro%2CGatsby%2CHugo%2CJekyll%2CEleventy%2CVercel%2CNetlify%2CGitHub+Pages%2CFramer+Sites%2CLovable%2CBase44&geo=ALL&rank=ALL&start=2020-01-01&end=2026-05-01,2026-06-15T22:17:28.655795Z
2020-05-01,Tilda,CMS/ecommerce/builder,Hosted website builder,#a855f7,3236,4538,7774,ALL,ALL,HTTP Archive Technology Report API adoption endpoint,https://cdn.httparchive.org/v1/adoption?technology=ALL%2CWordPress%2CShopify%2CWix%2CSquarespace%2CWebflow%2CDuda%2CTilda%2CNext.js%2CNuxt.js%2CAstro%2CGatsby%2CHugo%2CJekyll%2CEleventy%2CVercel%2CNetlify%2CGitHub+Pages%2CFramer+Sites%2CLovable%2CBase44&geo=ALL&rank=ALL&start=2020-01-01&end=2026-05-01,2026-06-15T22:17:28.655795Z
2020-05-01,Webflow,CMS/ecommerce/builder,Visual website builder/CMS,#0891b2,8285,7812,16097,ALL,ALL,HTTP Archive Technology Report API adoption endpoint,https://cdn.httparchive.org/v1/adoption?technology=ALL%2CWordPress%2CShopify%2CWix%2CSquarespace%2CWebflow%2CDuda%2CTilda%2CNext.js%2CNuxt.js%2CAstro%2CGatsby%2CHugo%2CJekyll%2CEleventy%2CVercel%2CNetlify%2CGitHub+Pages%2CFramer+Sites%2CLovable%2CBase44&geo=ALL&rank=ALL&start=2020-01-01&end=2026-05-01,2026-06-15T22:17:28.655795Z
2020-05-01,Wix,CMS/ecommerce/builder,Hosted website builder,#f59e0b,24737,35233,59970,ALL,ALL,HTTP Archive Technology Report API adoption endpoint,https://cdn.httparchive.org/v1/adoption?technology=ALL%2CWordPress%2CShopify%2CWix%2CSquarespace%2CWebflow%2CDuda%2CTilda%2CNext.js%2CNuxt.js%2CAstro%2CGatsby%2CHugo%2CJekyll%2CEleventy%2CVercel%2CNetlify%2CGitHub+Pages%2CFramer+Sites%2CLovable%2CBase44&geo=ALL&rank=ALL&start=2020-01-01&end=2026-05-01,2026-06-15T22:17:28.655795Z
2020-05-01,WordPress,CMS/ecommerce/builder,Open-source CMS,#2563eb,1158985,1310828,2469813,ALL,ALL,HTTP Archive Technology Report API adoption endpoint,https://cdn.httparchive.org/v1/adoption?technology=ALL%2CWordPress%2CShopify%2CWix%2CSquarespace%2CWebflow%2CDuda%2CTilda%2CNext.js%2CNuxt.js%2CAstro%2CGatsby%2CHugo%2CJekyll%2CEleventy%2CVercel%2CNetlify%2CGitHub+Pages%2CFramer+Sites%2CLovable%2CBase44&geo=ALL&rank=ALL&start=2020-01-01&end=2026-05-01,2026-06-15T22:17:28.655795Z
2020-06-01,ALL,All origins,All HTTP Archive crawl origins,#0f172a,4167474,4614197,8781671,ALL,ALL,HTTP Archive Technology Report API adoption endpoint,https://cdn.httparchive.org/v1/adoption?technology=ALL%2CWordPress%2CShopify%2CWix%2CSquarespace%2CWebflow%2CDuda%2CTilda%2CNext.js%2CNuxt.js%2CAstro%2CGatsby%2CHugo%2CJekyll%2CEleventy%2CVercel%2CNetlify%2CGitHub+Pages%2CFramer+Sites%2CLovable%2CBase44&geo=ALL&rank=ALL&start=2020-01-01&end=2026-05-01,2026-06-15T22:17:28.655795Z
2020-06-01,Duda,CMS/ecommerce/builder,Hosted website builder,#dc2626,3914,7873,11787,ALL,ALL,HTTP Archive Technology Report API adoption endpoint,https://cdn.httparchive.org/v1/adoption?technology=ALL%2CWordPress%2CShopify%2CWix%2CSquarespace%2CWebflow%2CDuda%2CTilda%2CNext.js%2CNuxt.js%2CAstro%2CGatsby%2CHugo%2CJekyll%2CEleventy%2CVercel%2CNetlify%2CGitHub+Pages%2CFramer+Sites%2CLovable%2CBase44&geo=ALL&rank=ALL&start=2020-01-01&end=2026-05-01,2026-06-15T22:17:28.655795Z
2020-06-01,Gatsby,Static/app framework,React static site generator,#663399,5129,4470,9599,ALL,ALL,HTTP Archive Technology Report API adoption endpoint,https://cdn.httparchive.org/v1/adoption?technology=ALL%2CWordPress%2CShopify%2CWix%2CSquarespace%2CWebflow%2CDuda%2CTilda%2CNext.js%2CNuxt.js%2CAstro%2CGatsby%2CHugo%2CJekyll%2CEleventy%2CVercel%2CNetlify%2CGitHub+Pages%2CFramer+Sites%2CLovable%2CBase44&geo=ALL&rank=ALL&start=2020-01-01&end=2026-05-01,2026-06-15T22:17:28.655795Z
2020-06-01,GitHub Pages,Deployment surface,Static hosting platform,#6e7781,11538,5986,17524,ALL,ALL,HTTP Archive Technology Report API adoption endpoint,https://cdn.httparchive.org/v1/adoption?technology=ALL%2CWordPress%2CShopify%2CWix%2CSquarespace%2CWebflow%2CDuda%2CTilda%2CNext.js%2CNuxt.js%2CAstro%2CGatsby%2CHugo%2CJekyll%2CEleventy%2CVercel%2CNetlify%2CGitHub+Pages%2CFramer+Sites%2CLovable%2CBase44&geo=ALL&rank=ALL&start=2020-01-01&end=2026-05-01,2026-06-15T22:17:28.655795Z
2020-06-01,Hugo,Static/app framework,Static site generator,#ff4088,2905,2029,4934,ALL,ALL,HTTP Archive Technology Report API adoption endpoint,https://cdn.httparchive.org/v1/adoption?technology=ALL%2CWordPress%2CShopify%2CWix%2CSquarespace%2CWebflow%2CDuda%2CTilda%2CNext.js%2CNuxt.js%2CAstro%2CGatsby%2CHugo%2CJekyll%2CEleventy%2CVercel%2CNetlify%2CGitHub+Pages%2CFramer+Sites%2CLovable%2CBase44&geo=ALL&rank=ALL&start=2020-01-01&end=2026-05-01,2026-06-15T22:17:28.655795Z
2020-06-01,Jekyll,Static/app framework,Static site generator,#cc0000,2170,1316,3486,ALL,ALL,HTTP Archive Technology Report API adoption endpoint,https://cdn.httparchive.org/v1/adoption?technology=ALL%2CWordPress%2CShopify%2CWix%2CSquarespace%2CWebflow%2CDuda%2CTilda%2CNext.js%2CNuxt.js%2CAstro%2CGatsby%2CHugo%2CJekyll%2CEleventy%2CVercel%2CNetlify%2CGitHub+Pages%2CFramer+Sites%2CLovable%2CBase44&geo=ALL&rank=ALL&start=2020-01-01&end=2026-05-01,2026-06-15T22:17:28.655795Z
2020-06-01,Netlify,Deployment surface,Static/app deployment platform,#00ad9f,7699,6346,14045,ALL,ALL,HTTP Archive Technology Report API adoption endpoint,https://cdn.httparchive.org/v1/adoption?technology=ALL%2CWordPress%2CShopify%2CWix%2CSquarespace%2CWebflow%2CDuda%2CTilda%2CNext.js%2CNuxt.js%2CAstro%2CGatsby%2CHugo%2CJekyll%2CEleventy%2CVercel%2CNetlify%2CGitHub+Pages%2CFramer+Sites%2CLovable%2CBase44&geo=ALL&rank=ALL&start=2020-01-01&end=2026-05-01,2026-06-15T22:17:28.655795Z
2020-06-01,Next.js,Static/app framework,React app framework and static/hybrid generator,#111827,8291,10906,19197,ALL,ALL,HTTP Archive Technology Report API adoption endpoint,https://cdn.httparchive.org/v1/adoption?technology=ALL%2CWordPress%2CShopify%2CWix%2CSquarespace%2CWebflow%2CDuda%2CTilda%2CNext.js%2CNuxt.js%2CAstro%2CGatsby%2CHugo%2CJekyll%2CEleventy%2CVercel%2CNetlify%2CGitHub+Pages%2CFramer+Sites%2CLovable%2CBase44&geo=ALL&rank=ALL&start=2020-01-01&end=2026-05-01,2026-06-15T22:17:28.655795Z
2020-06-01,Nuxt.js,Static/app framework,Vue app framework and static/hybrid generator,#00dc82,7162,6982,14144,ALL,ALL,HTTP Archive Technology Report API adoption endpoint,https://cdn.httparchive.org/v1/adoption?technology=ALL%2CWordPress%2CShopify%2CWix%2CSquarespace%2CWebflow%2CDuda%2CTilda%2CNext.js%2CNuxt.js%2CAstro%2CGatsby%2CHugo%2CJekyll%2CEleventy%2CVercel%2CNetlify%2CGitHub+Pages%2CFramer+Sites%2CLovable%2CBase44&geo=ALL&rank=ALL&start=2020-01-01&end=2026-05-01,2026-06-15T22:17:28.655795Z
2020-06-01,Shopify,CMS/ecommerce/builder,Hosted ecommerce,#16a34a,103849,112148,215997,ALL,ALL,HTTP Archive Technology Report API adoption endpoint,https://cdn.httparchive.org/v1/adoption?technology=ALL%2CWordPress%2CShopify%2CWix%2CSquarespace%2CWebflow%2CDuda%2CTilda%2CNext.js%2CNuxt.js%2CAstro%2CGatsby%2CHugo%2CJekyll%2CEleventy%2CVercel%2CNetlify%2CGitHub+Pages%2CFramer+Sites%2CLovable%2CBase44&geo=ALL&rank=ALL&start=2020-01-01&end=2026-05-01,2026-06-15T22:17:28.655795Z
2020-06-01,Squarespace,CMS/ecommerce/builder,Hosted website builder,#64748b,37522,35139,72661,ALL,ALL,HTTP Archive Technology Report API adoption endpoint,https://cdn.httparchive.org/v1/adoption?technology=ALL%2CWordPress%2CShopify%2CWix%2CSquarespace%2CWebflow%2CDuda%2CTilda%2CNext.js%2CNuxt.js%2CAstro%2CGatsby%2CHugo%2CJekyll%2CEleventy%2CVercel%2CNetlify%2CGitHub+Pages%2CFramer+Sites%2CLovable%2CBase44&geo=ALL&rank=ALL&start=2020-01-01&end=2026-05-01,2026-06-15T22:17:28.655795Z
2020-06-01,Tilda,CMS/ecommerce/builder,Hosted website builder,#a855f7,3806,5195,9001,ALL,ALL,HTTP Archive Technology Report API adoption endpoint,https://cdn.httparchive.org/v1/adoption?technology=ALL%2CWordPress%2CShopify%2CWix%2CSquarespace%2CWebflow%2CDuda%2CTilda%2CNext.js%2CNuxt.js%2CAstro%2CGatsby%2CHugo%2CJekyll%2CEleventy%2CVercel%2CNetlify%2CGitHub+Pages%2CFramer+Sites%2CLovable%2CBase44&geo=ALL&rank=ALL&start=2020-01-01&end=2026-05-01,2026-06-15T22:17:28.655795Z
2020-06-01,Vercel,Deployment surface,Frontend cloud/PaaS often paired with Next.js,#000000,0,12,12,ALL,ALL,HTTP Archive Technology Report API adoption endpoint,https://cdn.httparchive.org/v1/adoption?technology=ALL%2CWordPress%2CShopify%2CWix%2CSquarespace%2CWebflow%2CDuda%2CTilda%2CNext.js%2CNuxt.js%2CAstro%2CGatsby%2CHugo%2CJekyll%2CEleventy%2CVercel%2CNetlify%2CGitHub+Pages%2CFramer+Sites%2CLovable%2CBase44&geo=ALL&rank=ALL&start=2020-01-01&end=2026-05-01,2026-06-15T22:17:28.655795Z
2020-06-01,Webflow,CMS/ecommerce/builder,Visual website builder/CMS,#0891b2,9230,8672,17902,ALL,ALL,HTTP Archive Technology Report API adoption endpoint,https://cdn.httparchive.org/v1/adoption?technology=ALL%2CWordPress%2CShopify%2CWix%2CSquarespace%2CWebflow%2CDuda%2CTilda%2CNext.js%2CNuxt.js%2CAstro%2CGatsby%2CHugo%2CJekyll%2CEleventy%2CVercel%2CNetlify%2CGitHub+Pages%2CFramer+Sites%2CLovable%2CBase44&geo=ALL&rank=ALL&start=2020-01-01&end=2026-05-01,2026-06-15T22:17:28.655795Z
2020-06-01,Wix,CMS/ecommerce/builder,Hosted website builder,#f59e0b,31028,43405,74433,ALL,ALL,HTTP Archive Technology Report API adoption endpoint,https://cdn.httparchive.org/v1/adoption?technology=ALL%2CWordPress%2CShopify%2CWix%2CSquarespace%2CWebflow%2CDuda%2CTilda%2CNext.js%2CNuxt.js%2CAstro%2CGatsby%2CHugo%2CJekyll%2CEleventy%2CVercel%2CNetlify%2CGitHub+Pages%2CFramer+Sites%2CLovable%2CBase44&geo=ALL&rank=ALL&start=2020-01-01&end=2026-05-01,2026-06-15T22:17:28.655795Z
2020-06-01,WordPress,CMS/ecommerce/builder,Open-source CMS,#2563eb,1257570,1425656,2683226,ALL,ALL,HTTP Archive Technology Report API adoption endpoint,https://cdn.httparchive.org/v1/adoption?technology=ALL%2CWordPress%2CShopify%2CWix%2CSquarespace%2CWebflow%2CDuda%2CTilda%2CNext.js%2CNuxt.js%2CAstro%2CGatsby%2CHugo%2CJekyll%2CEleventy%2CVercel%2CNetlify%2CGitHub+Pages%2CFramer+Sites%2CLovable%2CBase44&geo=ALL&rank=ALL&start=2020-01-01&end=2026-05-01,2026-06-15T22:17:28.655795Z
2020-07-01,ALL,All origins,All HTTP Archive crawl origins,#0f172a,4439616,5009049,9448665,ALL,ALL,HTTP Archive Technology Report API adoption endpoint,https://cdn.httparchive.org/v1/adoption?technology=ALL%2CWordPress%2CShopify%2CWix%2CSquarespace%2CWebflow%2CDuda%2CTilda%2CNext.js%2CNuxt.js%2CAstro%2CGatsby%2CHugo%2CJekyll%2CEleventy%2CVercel%2CNetlify%2CGitHub+Pages%2CFramer+Sites%2CLovable%2CBase44&geo=ALL&rank=ALL&start=2020-01-01&end=2026-05-01,2026-06-15T22:17:28.655795Z
2020-07-01,Duda,CMS/ecommerce/builder,Hosted website builder,#dc2626,4784,10105,14889,ALL,ALL,HTTP Archive Technology Report API adoption endpoint,https://cdn.httparchive.org/v1/adoption?technology=ALL%2CWordPress%2CShopify%2CWix%2CSquarespace%2CWebflow%2CDuda%2CTilda%2CNext.js%2CNuxt.js%2CAstro%2CGatsby%2CHugo%2CJekyll%2CEleventy%2CVercel%2CNetlify%2CGitHub+Pages%2CFramer+Sites%2CLovable%2CBase44&geo=ALL&rank=ALL&start=2020-01-01&end=2026-05-01,2026-06-15T22:17:28.655795Z
2020-07-01,Gatsby,Static/app framework,React static site generator,#663399,5718,5023,10741,ALL,ALL,HTTP Archive Technology Report API adoption endpoint,https://cdn.httparchive.org/v1/adoption?technology=ALL%2CWordPress%2CShopify%2CWix%2CSquarespace%2CWebflow%2CDuda%2CTilda%2CNext.js%2CNuxt.js%2CAstro%2CGatsby%2CHugo%2CJekyll%2CEleventy%2CVercel%2CNetlify%2CGitHub+Pages%2CFramer+Sites%2CLovable%2CBase44&geo=ALL&rank=ALL&start=2020-01-01&end=2026-05-01,2026-06-15T22:17:28.655795Z
2020-07-01,GitHub Pages,Deployment surface,Static hosting platform,#6e7781,12072,6342,18414,ALL,ALL,HTTP Archive Technology Report API adoption endpoint,https://cdn.httparchive.org/v1/adoption?technology=ALL%2CWordPress%2CShopify%2CWix%2CSquarespace%2CWebflow%2CDuda%2CTilda%2CNext.js%2CNuxt.js%2CAstro%2CGatsby%2CHugo%2CJekyll%2CEleventy%2CVercel%2CNetlify%2CGitHub+Pages%2CFramer+Sites%2CLovable%2CBase44&geo=ALL&rank=ALL&start=2020-01-01&end=2026-05-01,2026-06-15T22:17:28.655795Z
2020-07-01,Hugo,Static/app framework,Static site generator,#ff4088,3061,2174,5235,ALL,ALL,HTTP Archive Technology Report API adoption endpoint,https://cdn.httparchive.org/v1/adoption?technology=ALL%2CWordPress%2CShopify%2CWix%2CSquarespace%2CWebflow%2CDuda%2CTilda%2CNext.js%2CNuxt.js%2CAstro%2CGatsby%2CHugo%2CJekyll%2CEleventy%2CVercel%2CNetlify%2CGitHub+Pages%2CFramer+Sites%2CLovable%2CBase44&geo=ALL&rank=ALL&start=2020-01-01&end=2026-05-01,2026-06-15T22:17:28.655795Z
2020-07-01,Jekyll,Static/app framework,Static site generator,#cc0000,2308,1394,3702,ALL,ALL,HTTP Archive Technology Report API adoption endpoint,https://cdn.httparchive.org/v1/adoption?technology=ALL%2CWordPress%2CShopify%2CWix%2CSquarespace%2CWebflow%2CDuda%2CTilda%2CNext.js%2CNuxt.js%2CAstro%2CGatsby%2CHugo%2CJekyll%2CEleventy%2CVercel%2CNetlify%2CGitHub+Pages%2CFramer+Sites%2CLovable%2CBase44&geo=ALL&rank=ALL&start=2020-01-01&end=2026-05-01,2026-06-15T22:17:28.655795Z
2020-07-01,Netlify,Deployment surface,Static/app deployment platform,#00ad9f,8433,7063,15496,ALL,ALL,HTTP Archive Technology Report API adoption endpoint,https://cdn.httparchive.org/v1/adoption?technology=ALL%2CWordPress%2CShopify%2CWix%2CSquarespace%2CWebflow%2CDuda%2CTilda%2CNext.js%2CNuxt.js%2CAstro%2CGatsby%2CHugo%2CJekyll%2CEleventy%2CVercel%2CNetlify%2CGitHub+Pages%2CFramer+Sites%2CLovable%2CBase44&geo=ALL&rank=ALL&start=2020-01-01&end=2026-05-01,2026-06-15T22:17:28.655795Z
2020-07-01,Next.js,Static/app framework,React app framework and static/hybrid generator,#111827,8923,11678,20601,ALL,ALL,HTTP Archive Technology Report API adoption endpoint,https://cdn.httparchive.org/v1/adoption?technology=ALL%2CWordPress%2CShopify%2CWix%2CSquarespace%2CWebflow%2CDuda%2CTilda%2CNext.js%2CNuxt.js%2CAstro%2CGatsby%2CHugo%2CJekyll%2CEleventy%2CVercel%2CNetlify%2CGitHub+Pages%2CFramer+Sites%2CLovable%2CBase44&geo=ALL&rank=ALL&start=2020-01-01&end=2026-05-01,2026-06-15T22:17:28.655795Z
2020-07-01,Nuxt.js,Static/app framework,Vue app framework and static/hybrid generator,#00dc82,7887,7807,15694,ALL,ALL,HTTP Archive Technology Report API adoption endpoint,https://cdn.httparchive.org/v1/adoption?technology=ALL%2CWordPress%2CShopify%2CWix%2CSquarespace%2CWebflow%2CDuda%2CTilda%2CNext.js%2CNuxt.js%2CAstro%2CGatsby%2CHugo%2CJekyll%2CEleventy%2CVercel%2CNetlify%2CGitHub+Pages%2CFramer+Sites%2CLovable%2CBase44&geo=ALL&rank=ALL&start=2020-01-01&end=2026-05-01,2026-06-15T22:17:28.655795Z
2020-07-01,Shopify,CMS/ecommerce/builder,Hosted ecommerce,#16a34a,113569,123370,236939,ALL,ALL,HTTP Archive Technology Report API adoption endpoint,https://cdn.httparchive.org/v1/adoption?technology=ALL%2CWordPress%2CShopify%2CWix%2CSquarespace%2CWebflow%2CDuda%2CTilda%2CNext.js%2CNuxt.js%2CAstro%2CGatsby%2CHugo%2CJekyll%2CEleventy%2CVercel%2CNetlify%2CGitHub+Pages%2CFramer+Sites%2CLovable%2CBase44&geo=ALL&rank=ALL&start=2020-01-01&end=2026-05-01,2026-06-15T22:17:28.655795Z
2020-07-01,Squarespace,CMS/ecommerce/builder,Hosted website builder,#64748b,42270,40476,82746,ALL,ALL,HTTP Archive Technology Report API adoption endpoint,https://cdn.httparchive.org/v1/adoption?technology=ALL%2CWordPress%2CShopify%2CWix%2CSquarespace%2CWebflow%2CDuda%2CTilda%2CNext.js%2CNuxt.js%2CAstro%2CGatsby%2CHugo%2CJekyll%2CEleventy%2CVercel%2CNetlify%2CGitHub+Pages%2CFramer+Sites%2CLovable%2CBase44&geo=ALL&rank=ALL&start=2020-01-01&end=2026-05-01,2026-06-15T22:17:28.655795Z
2020-07-01,Tilda,CMS/ecommerce/builder,Hosted website builder,#a855f7,4209,6070,10279,ALL,ALL,HTTP Archive Technology Report API adoption endpoint,https://cdn.httparchive.org/v1/adoption?technology=ALL%2CWordPress%2CShopify%2CWix%2CSquarespace%2CWebflow%2CDuda%2CTilda%2CNext.js%2CNuxt.js%2CAstro%2CGatsby%2CHugo%2CJekyll%2CEleventy%2CVercel%2CNetlify%2CGitHub+Pages%2CFramer+Sites%2CLovable%2CBase44&geo=ALL&rank=ALL&start=2020-01-01&end=2026-05-01,2026-06-15T22:17:28.655795Z
2020-07-01,Vercel,Deployment surface,Frontend cloud/PaaS often paired with Next.js,#000000,1405,1241,2646,ALL,ALL,HTTP Archive Technology Report API adoption endpoint,https://cdn.httparchive.org/v1/adoption?technology=ALL%2CWordPress%2CShopify%2CWix%2CSquarespace%2CWebflow%2CDuda%2CTilda%2CNext.js%2CNuxt.js%2CAstro%2CGatsby%2CHugo%2CJekyll%2CEleventy%2CVercel%2CNetlify%2CGitHub+Pages%2CFramer+Sites%2CLovable%2CBase44&geo=ALL&rank=ALL&start=2020-01-01&end=2026-05-01,2026-06-15T22:17:28.655795Z
2020-07-01,Webflow,CMS/ecommerce/builder,Visual website builder/CMS,#0891b2,10348,9886,20234,ALL,ALL,HTTP Archive Technology Report API adoption endpoint,https://cdn.httparchive.org/v1/adoption?technology=ALL%2CWordPress%2CShopify%2CWix%2CSquarespace%2CWebflow%2CDuda%2CTilda%2CNext.js%2CNuxt.js%2CAstro%2CGatsby%2CHugo%2CJekyll%2CEleventy%2CVercel%2CNetlify%2CGitHub+Pages%2CFramer+Sites%2CLovable%2CBase44&geo=ALL&rank=ALL&start=2020-01-01&end=2026-05-01,2026-06-15T22:17:28.655795Z
2020-07-01,Wix,CMS/ecommerce/builder,Hosted website builder,#f59e0b,37385,53575,90960,ALL,ALL,HTTP Archive Technology Report API adoption endpoint,https://cdn.httparchive.org/v1/adoption?technology=ALL%2CWordPress%2CShopify%2CWix%2CSquarespace%2CWebflow%2CDuda%2CTilda%2CNext.js%2CNuxt.js%2CAstro%2CGatsby%2CHugo%2CJekyll%2CEleventy%2CVercel%2CNetlify%2CGitHub+Pages%2CFramer+Sites%2CLovable%2CBase44&geo=ALL&rank=ALL&start=2020-01-01&end=2026-05-01,2026-06-15T22:17:28.655795Z
2020-07-01,WordPress,CMS/ecommerce/builder,Open-source CMS,#2563eb,1370786,1582417,2953203,ALL,ALL,HTTP Archive Technology Report API adoption endpoint,https://cdn.httparchive.org/v1/adoption?technology=ALL%2CWordPress%2CShopify%2CWix%2CSquarespace%2CWebflow%2CDuda%2CTilda%2CNext.js%2CNuxt.js%2CAstro%2CGatsby%2CHugo%2CJekyll%2CEleventy%2CVercel%2CNetlify%2CGitHub+Pages%2CFramer+Sites%2CLovable%2CBase44&geo=ALL&rank=ALL&start=2020-01-01&end=2026-05-01,2026-06-15T22:17:28.655795Z
2020-08-01,ALL,All origins,All HTTP Archive crawl origins,#0f172a,4601844,4876268,9478112,ALL,ALL,HTTP Archive Technology Report API adoption endpoint,https://cdn.httparchive.org/v1/adoption?technology=ALL%2CWordPress%2CShopify%2CWix%2CSquarespace%2CWebflow%2CDuda%2CTilda%2CNext.js%2CNuxt.js%2CAstro%2CGatsby%2CHugo%2CJekyll%2CEleventy%2CVercel%2CNetlify%2CGitHub+Pages%2CFramer+Sites%2CLovable%2CBase44&geo=ALL&rank=ALL&start=2020-01-01&end=2026-05-01,2026-06-15T22:17:28.655795Z
2020-08-01,Duda,CMS/ecommerce/builder,Hosted website builder,#dc2626,5164,9446,14610,ALL,ALL,HTTP Archive Technology Report API adoption endpoint,https://cdn.httparchive.org/v1/adoption?technology=ALL%2CWordPress%2CShopify%2CWix%2CSquarespace%2CWebflow%2CDuda%2CTilda%2CNext.js%2CNuxt.js%2CAstro%2CGatsby%2CHugo%2CJekyll%2CEleventy%2CVercel%2CNetlify%2CGitHub+Pages%2CFramer+Sites%2CLovable%2CBase44&geo=ALL&rank=ALL&start=2020-01-01&end=2026-05-01,2026-06-15T22:17:28.655795Z
2020-08-01,Gatsby,Static/app framework,React static site generator,#663399,6170,5048,11218,ALL,ALL,HTTP Archive Technology Report API adoption endpoint,https://cdn.httparchive.org/v1/adoption?technology=ALL%2CWordPress%2CShopify%2CWix%2CSquarespace%2CWebflow%2CDuda%2CTilda%2CNext.js%2CNuxt.js%2CAstro%2CGatsby%2CHugo%2CJekyll%2CEleventy%2CVercel%2CNetlify%2CGitHub+Pages%2CFramer+Sites%2CLovable%2CBase44&geo=ALL&rank=ALL&start=2020-01-01&end=2026-05-01,2026-06-15T22:17:28.655795Z
2020-08-01,GitHub Pages,Deployment surface,Static hosting platform,#6e7781,12159,6129,18288,ALL,ALL,HTTP Archive Technology Report API adoption endpoint,https://cdn.httparchive.org/v1/adoption?technology=ALL%2CWordPress%2CShopify%2CWix%2CSquarespace%2CWebflow%2CDuda%2CTilda%2CNext.js%2CNuxt.js%2CAstro%2CGatsby%2CHugo%2CJekyll%2CEleventy%2CVercel%2CNetlify%2CGitHub+Pages%2CFramer+Sites%2CLovable%2CBase44&geo=ALL&rank=ALL&start=2020-01-01&end=2026-05-01,2026-06-15T22:17:28.655795Z
2020-08-01,Hugo,Static/app framework,Static site generator,#ff4088,3166,2161,5327,ALL,ALL,HTTP Archive Technology Report API adoption endpoint,https://cdn.httparchive.org/v1/adoption?technology=ALL%2CWordPress%2CShopify%2CWix%2CSquarespace%2CWebflow%2CDuda%2CTilda%2CNext.js%2CNuxt.js%2CAstro%2CGatsby%2CHugo%2CJekyll%2CEleventy%2CVercel%2CNetlify%2CGitHub+Pages%2CFramer+Sites%2CLovable%2CBase44&geo=ALL&rank=ALL&start=2020-01-01&end=2026-05-01,2026-06-15T22:17:28.655795Z
2020-08-01,Jekyll,Static/app framework,Static site generator,#cc0000,2368,1361,3729,ALL,ALL,HTTP Archive Technology Report API adoption endpoint,https://cdn.httparchive.org/v1/adoption?technology=ALL%2CWordPress%2CShopify%2CWix%2CSquarespace%2CWebflow%2CDuda%2CTilda%2CNext.js%2CNuxt.js%2CAstro%2CGatsby%2CHugo%2CJekyll%2CEleventy%2CVercel%2CNetlify%2CGitHub+Pages%2CFramer+Sites%2CLovable%2CBase44&geo=ALL&rank=ALL&start=2020-01-01&end=2026-05-01,2026-06-15T22:17:28.655795Z
2020-08-01,Netlify,Deployment surface,Static/app deployment platform,#00ad9f,8914,6875,15789,ALL,ALL,HTTP Archive Technology Report API adoption endpoint,https://cdn.httparchive.org/v1/adoption?technology=ALL%2CWordPress%2CShopify%2CWix%2CSquarespace%2CWebflow%2CDuda%2CTilda%2CNext.js%2CNuxt.js%2CAstro%2CGatsby%2CHugo%2CJekyll%2CEleventy%2CVercel%2CNetlify%2CGitHub+Pages%2CFramer+Sites%2CLovable%2CBase44&geo=ALL&rank=ALL&start=2020-01-01&end=2026-05-01,2026-06-15T22:17:28.655795Z
2020-08-01,Next.js,Static/app framework,React app framework and static/hybrid generator,#111827,9763,11599,21362,ALL,ALL,HTTP Archive Technology Report API adoption endpoint,https://cdn.httparchive.org/v1/adoption?technology=ALL%2CWordPress%2CShopify%2CWix%2CSquarespace%2CWebflow%2CDuda%2CTilda%2CNext.js%2CNuxt.js%2CAstro%2CGatsby%2CHugo%2CJekyll%2CEleventy%2CVercel%2CNetlify%2CGitHub+Pages%2CFramer+Sites%2CLovable%2CBase44&geo=ALL&rank=ALL&start=2020-01-01&end=2026-05-01,2026-06-15T22:17:28.655795Z
2020-08-01,Nuxt.js,Static/app framework,Vue app framework and static/hybrid generator,#00dc82,8566,7851,16417,ALL,ALL,HTTP Archive Technology Report API adoption endpoint,https://cdn.httparchive.org/v1/adoption?technology=ALL%2CWordPress%2CShopify%2CWix%2CSquarespace%2CWebflow%2CDuda%2CTilda%2CNext.js%2CNuxt.js%2CAstro%2CGatsby%2CHugo%2CJekyll%2CEleventy%2CVercel%2CNetlify%2CGitHub+Pages%2CFramer+Sites%2CLovable%2CBase44&geo=ALL&rank=ALL&start=2020-01-01&end=2026-05-01,2026-06-15T22:17:28.655795Z
2020-08-01,Shopify,CMS/ecommerce/builder,Hosted ecommerce,#16a34a,116427,118719,235146,ALL,ALL,HTTP Archive Technology Report API adoption endpoint,https://cdn.httparchive.org/v1/adoption?technology=ALL%2CWordPress%2CShopify%2CWix%2CSquarespace%2CWebflow%2CDuda%2CTilda%2CNext.js%2CNuxt.js%2CAstro%2CGatsby%2CHugo%2CJekyll%2CEleventy%2CVercel%2CNetlify%2CGitHub+Pages%2CFramer+Sites%2CLovable%2CBase44&geo=ALL&rank=ALL&start=2020-01-01&end=2026-05-01,2026-06-15T22:17:28.655795Z
2020-08-01,Squarespace,CMS/ecommerce/builder,Hosted website builder,#64748b,46089,39700,85789,ALL,ALL,HTTP Archive Technology Report API adoption endpoint,https://cdn.httparchive.org/v1/adoption?technology=ALL%2CWordPress%2CShopify%2CWix%2CSquarespace%2CWebflow%2CDuda%2CTilda%2CNext.js%2CNuxt.js%2CAstro%2CGatsby%2CHugo%2CJekyll%2CEleventy%2CVercel%2CNetlify%2CGitHub+Pages%2CFramer+Sites%2CLovable%2CBase44&geo=ALL&rank=ALL&start=2020-01-01&end=2026-05-01,2026-06-15T22:17:28.655795Z
2020-08-01,Tilda,CMS/ecommerce/builder,Hosted website builder,#a855f7,4455,5673,10128,ALL,ALL,HTTP Archive Technology Report API adoption endpoint,https://cdn.httparchive.org/v1/adoption?technology=ALL%2CWordPress%2CShopify%2CWix%2CSquarespace%2CWebflow%2CDuda%2CTilda%2CNext.js%2CNuxt.js%2CAstro%2CGatsby%2CHugo%2CJekyll%2CEleventy%2CVercel%2CNetlify%2CGitHub+Pages%2CFramer+Sites%2CLovable%2CBase44&geo=ALL&rank=ALL&start=2020-01-01&end=2026-05-01,2026-06-15T22:17:28.655795Z
2020-08-01,Vercel,Deployment surface,Frontend cloud/PaaS often paired with Next.js,#000000,1591,1265,2856,ALL,ALL,HTTP Archive Technology Report API adoption endpoint,https://cdn.httparchive.org/v1/adoption?technology=ALL%2CWordPress%2CShopify%2CWix%2CSquarespace%2CWebflow%2CDuda%2CTilda%2CNext.js%2CNuxt.js%2CAstro%2CGatsby%2CHugo%2CJekyll%2CEleventy%2CVercel%2CNetlify%2CGitHub+Pages%2CFramer+Sites%2CLovable%2CBase44&geo=ALL&rank=ALL&start=2020-01-01&end=2026-05-01,2026-06-15T22:17:28.655795Z
2020-08-01,Webflow,CMS/ecommerce/builder,Visual website builder/CMS,#0891b2,11159,9626,20785,ALL,ALL,HTTP Archive Technology Report API adoption endpoint,https://cdn.httparchive.org/v1/adoption?technology=ALL%2CWordPress%2CShopify%2CWix%2CSquarespace%2CWebflow%2CDuda%2CTilda%2CNext.js%2CNuxt.js%2CAstro%2CGatsby%2CHugo%2CJekyll%2CEleventy%2CVercel%2CNetlify%2CGitHub+Pages%2CFramer+Sites%2CLovable%2CBase44&geo=ALL&rank=ALL&start=2020-01-01&end=2026-05-01,2026-06-15T22:17:28.655795Z
2020-08-01,Wix,CMS/ecommerce/builder,Hosted website builder,#f59e0b,42178,51601,93779,ALL,ALL,HTTP Archive Technology Report API adoption endpoint,https://cdn.httparchive.org/v1/adoption?technology=ALL%2CWordPress%2CShopify%2CWix%2CSquarespace%2CWebflow%2CDuda%2CTilda%2CNext.js%2CNuxt.js%2CAstro%2CGatsby%2CHugo%2CJekyll%2CEleventy%2CVercel%2CNetlify%2CGitHub+Pages%2CFramer+Sites%2CLovable%2CBase44&geo=ALL&rank=ALL&start=2020-01-01&end=2026-05-01,2026-06-15T22:17:28.655795Z
2020-08-01,WordPress,CMS/ecommerce/builder,Open-source CMS,#2563eb,1436600,1542418,2979018,ALL,ALL,HTTP Archive Technology Report API adoption endpoint,https://cdn.httparchive.org/v1/adoption?technology=ALL%2CWordPress%2CShopify%2CWix%2CSquarespace%2CWebflow%2CDuda%2CTilda%2CNext.js%2CNuxt.js%2CAstro%2CGatsby%2CHugo%2CJekyll%2CEleventy%2CVercel%2CNetlify%2CGitHub+Pages%2CFramer+Sites%2CLovable%2CBase44&geo=ALL&rank=ALL&start=2020-01-01&end=2026-05-01,2026-06-15T22:17:28.655795Z
2020-09-01,ALL,All origins,All HTTP Archive crawl origins,#0f172a,4624946,5401809,10026755,ALL,ALL,HTTP Archive Technology Report API adoption endpoint,https://cdn.httparchive.org/v1/adoption?technology=ALL%2CWordPress%2CShopify%2CWix%2CSquarespace%2CWebflow%2CDuda%2CTilda%2CNext.js%2CNuxt.js%2CAstro%2CGatsby%2CHugo%2CJekyll%2CEleventy%2CVercel%2CNetlify%2CGitHub+Pages%2CFramer+Sites%2CLovable%2CBase44&geo=ALL&rank=ALL&start=2020-01-01&end=2026-05-01,2026-06-15T22:17:28.655795Z
2020-09-01,Duda,CMS/ecommerce/builder,Hosted website builder,#dc2626,5262,13162,18424,ALL,ALL,HTTP Archive Technology Report API adoption endpoint,https://cdn.httparchive.org/v1/adoption?technology=ALL%2CWordPress%2CShopify%2CWix%2CSquarespace%2CWebflow%2CDuda%2CTilda%2CNext.js%2CNuxt.js%2CAstro%2CGatsby%2CHugo%2CJekyll%2CEleventy%2CVercel%2CNetlify%2CGitHub+Pages%2CFramer+Sites%2CLovable%2CBase44&geo=ALL&rank=ALL&start=2020-01-01&end=2026-05-01,2026-06-15T22:17:28.655795Z
2020-09-01,Gatsby,Static/app framework,React static site generator,#663399,6574,5904,12478,ALL,ALL,HTTP Archive Technology Report API adoption endpoint,https://cdn.httparchive.org/v1/adoption?technology=ALL%2CWordPress%2CShopify%2CWix%2CSquarespace%2CWebflow%2CDuda%2CTilda%2CNext.js%2CNuxt.js%2CAstro%2CGatsby%2CHugo%2CJekyll%2CEleventy%2CVercel%2CNetlify%2CGitHub+Pages%2CFramer+Sites%2CLovable%2CBase44&geo=ALL&rank=ALL&start=2020-01-01&end=2026-05-01,2026-06-15T22:17:28.655795Z
2020-09-01,GitHub Pages,Deployment surface,Static hosting platform,#6e7781,12282,6440,18722,ALL,ALL,HTTP Archive Technology Report API adoption endpoint,https://cdn.httparchive.org/v1/adoption?technology=ALL%2CWordPress%2CShopify%2CWix%2CSquarespace%2CWebflow%2CDuda%2CTilda%2CNext.js%2CNuxt.js%2CAstro%2CGatsby%2CHugo%2CJekyll%2CEleventy%2CVercel%2CNetlify%2CGitHub+Pages%2CFramer+Sites%2CLovable%2CBase44&geo=ALL&rank=ALL&start=2020-01-01&end=2026-05-01,2026-06-15T22:17:28.655795Z
2020-09-01,Hugo,Static/app framework,Static site generator,#ff4088,3236,2349,5585,ALL,ALL,HTTP Archive Technology Report API adoption endpoint,https://cdn.httparchive.org/v1/adoption?technology=ALL%2CWordPress%2CShopify%2CWix%2CSquarespace%2CWebflow%2CDuda%2CTilda%2CNext.js%2CNuxt.js%2CAstro%2CGatsby%2CHugo%2CJekyll%2CEleventy%2CVercel%2CNetlify%2CGitHub+Pages%2CFramer+Sites%2CLovable%2CBase44&geo=ALL&rank=ALL&start=2020-01-01&end=2026-05-01,2026-06-15T22:17:28.655795Z
2020-09-01,Jekyll,Static/app framework,Static site generator,#cc0000,2402,1441,3843,ALL,ALL,HTTP Archive Technology Report API adoption endpoint,https://cdn.httparchive.org/v1/adoption?technology=ALL%2CWordPress%2CShopify%2CWix%2CSquarespace%2CWebflow%2CDuda%2CTilda%2CNext.js%2CNuxt.js%2CAstro%2CGatsby%2CHugo%2CJekyll%2CEleventy%2CVercel%2CNetlify%2CGitHub+Pages%2CFramer+Sites%2CLovable%2CBase44&geo=ALL&rank=ALL&start=2020-01-01&end=2026-05-01,2026-06-15T22:17:28.655795Z
2020-09-01,Netlify,Deployment surface,Static/app deployment platform,#00ad9f,9384,8114,17498,ALL,ALL,HTTP Archive Technology Report API adoption endpoint,https://cdn.httparchive.org/v1/adoption?technology=ALL%2CWordPress%2CShopify%2CWix%2CSquarespace%2CWebflow%2CDuda%2CTilda%2CNext.js%2CNuxt.js%2CAstro%2CGatsby%2CHugo%2CJekyll%2CEleventy%2CVercel%2CNetlify%2CGitHub+Pages%2CFramer+Sites%2CLovable%2CBase44&geo=ALL&rank=ALL&start=2020-01-01&end=2026-05-01,2026-06-15T22:17:28.655795Z
2020-09-01,Next.js,Static/app framework,React app framework and static/hybrid generator,#111827,10558,13548,24106,ALL,ALL,HTTP Archive Technology Report API adoption endpoint,https://cdn.httparchive.org/v1/adoption?technology=ALL%2CWordPress%2CShopify%2CWix%2CSquarespace%2CWebflow%2CDuda%2CTilda%2CNext.js%2CNuxt.js%2CAstro%2CGatsby%2CHugo%2CJekyll%2CEleventy%2CVercel%2CNetlify%2CGitHub+Pages%2CFramer+Sites%2CLovable%2CBase44&geo=ALL&rank=ALL&start=2020-01-01&end=2026-05-01,2026-06-15T22:17:28.655795Z
2020-09-01,Nuxt.js,Static/app framework,Vue app framework and static/hybrid generator,#00dc82,9160,9218,18378,ALL,ALL,HTTP Archive Technology Report API adoption endpoint,https://cdn.httparchive.org/v1/adoption?technology=ALL%2CWordPress%2CShopify%2CWix%2CSquarespace%2CWebflow%2CDuda%2CTilda%2CNext.js%2CNuxt.js%2CAstro%2CGatsby%2CHugo%2CJekyll%2CEleventy%2CVercel%2CNetlify%2CGitHub+Pages%2CFramer+Sites%2CLovable%2CBase44&geo=ALL&rank=ALL&start=2020-01-01&end=2026-05-01,2026-06-15T22:17:28.655795Z
2020-09-01,Shopify,CMS/ecommerce/builder,Hosted ecommerce,#16a34a,119758,130987,250745,ALL,ALL,HTTP Archive Technology Report API adoption endpoint,https://cdn.httparchive.org/v1/adoption?technology=ALL%2CWordPress%2CShopify%2CWix%2CSquarespace%2CWebflow%2CDuda%2CTilda%2CNext.js%2CNuxt.js%2CAstro%2CGatsby%2CHugo%2CJekyll%2CEleventy%2CVercel%2CNetlify%2CGitHub+Pages%2CFramer+Sites%2CLovable%2CBase44&geo=ALL&rank=ALL&start=2020-01-01&end=2026-05-01,2026-06-15T22:17:28.655795Z
2020-09-01,Squarespace,CMS/ecommerce/builder,Hosted website builder,#64748b,47236,46502,93738,ALL,ALL,HTTP Archive Technology Report API adoption endpoint,https://cdn.httparchive.org/v1/adoption?technology=ALL%2CWordPress%2CShopify%2CWix%2CSquarespace%2CWebflow%2CDuda%2CTilda%2CNext.js%2CNuxt.js%2CAstro%2CGatsby%2CHugo%2CJekyll%2CEleventy%2CVercel%2CNetlify%2CGitHub+Pages%2CFramer+Sites%2CLovable%2CBase44&geo=ALL&rank=ALL&start=2020-01-01&end=2026-05-01,2026-06-15T22:17:28.655795Z
2020-09-01,Tilda,CMS/ecommerce/builder,Hosted website builder,#a855f7,4828,7804,12632,ALL,ALL,HTTP Archive Technology Report API adoption endpoint,https://cdn.httparchive.org/v1/adoption?technology=ALL%2CWordPress%2CShopify%2CWix%2CSquarespace%2CWebflow%2CDuda%2CTilda%2CNext.js%2CNuxt.js%2CAstro%2CGatsby%2CHugo%2CJekyll%2CEleventy%2CVercel%2CNetlify%2CGitHub+Pages%2CFramer+Sites%2CLovable%2CBase44&geo=ALL&rank=ALL&start=2020-01-01&end=2026-05-01,2026-06-15T22:17:28.655795Z
2020-09-01,Vercel,Deployment surface,Frontend cloud/PaaS often paired with Next.js,#000000,1813,1600,3413,ALL,ALL,HTTP Archive Technology Report API adoption endpoint,https://cdn.httparchive.org/v1/adoption?technology=ALL%2CWordPress%2CShopify%2CWix%2CSquarespace%2CWebflow%2CDuda%2CTilda%2CNext.js%2CNuxt.js%2CAstro%2CGatsby%2CHugo%2CJekyll%2CEleventy%2CVercel%2CNetlify%2CGitHub+Pages%2CFramer+Sites%2CLovable%2CBase44&geo=ALL&rank=ALL&start=2020-01-01&end=2026-05-01,2026-06-15T22:17:28.655795Z
2020-09-01,Webflow,CMS/ecommerce/builder,Visual website builder/CMS,#0891b2,11830,11455,23285,ALL,ALL,HTTP Archive Technology Report API adoption endpoint,https://cdn.httparchive.org/v1/adoption?technology=ALL%2CWordPress%2CShopify%2CWix%2CSquarespace%2CWebflow%2CDuda%2CTilda%2CNext.js%2CNuxt.js%2CAstro%2CGatsby%2CHugo%2CJekyll%2CEleventy%2CVercel%2CNetlify%2CGitHub+Pages%2CFramer+Sites%2CLovable%2CBase44&geo=ALL&rank=ALL&start=2020-01-01&end=2026-05-01,2026-06-15T22:17:28.655795Z
2020-09-01,Wix,CMS/ecommerce/builder,Hosted website builder,#f59e0b,42633,67515,110148,ALL,ALL,HTTP Archive Technology Report API adoption endpoint,https://cdn.httparchive.org/v1/adoption?technology=ALL%2CWordPress%2CShopify%2CWix%2CSquarespace%2CWebflow%2CDuda%2CTilda%2CNext.js%2CNuxt.js%2CAstro%2CGatsby%2CHugo%2CJekyll%2CEleventy%2CVercel%2CNetlify%2CGitHub+Pages%2CFramer+Sites%2CLovable%2CBase44&geo=ALL&rank=ALL&start=2020-01-01&end=2026-05-01,2026-06-15T22:17:28.655795Z
2020-09-01,WordPress,CMS/ecommerce/builder,Open-source CMS,#2563eb,1454287,1741594,3195881,ALL,ALL,HTTP Archive Technology Report API adoption endpoint,https://cdn.httparchive.org/v1/adoption?technology=ALL%2CWordPress%2CShopify%2CWix%2CSquarespace%2CWebflow%2CDuda%2CTilda%2CNext.js%2CNuxt.js%2CAstro%2CGatsby%2CHugo%2CJekyll%2CEleventy%2CVercel%2CNetlify%2CGitHub+Pages%2CFramer+Sites%2CLovable%2CBase44&geo=ALL&rank=ALL&start=2020-01-01&end=2026-05-01,2026-06-15T22:17:28.655795Z
2020-10-01,ALL,All origins,All HTTP Archive crawl origins,#0f172a,4683651,5437162,10120813,ALL,ALL,HTTP Archive Technology Report API adoption endpoint,https://cdn.httparchive.org/v1/adoption?technology=ALL%2CWordPress%2CShopify%2CWix%2CSquarespace%2CWebflow%2CDuda%2CTilda%2CNext.js%2CNuxt.js%2CAstro%2CGatsby%2CHugo%2CJekyll%2CEleventy%2CVercel%2CNetlify%2CGitHub+Pages%2CFramer+Sites%2CLovable%2CBase44&geo=ALL&rank=ALL&start=2020-01-01&end=2026-05-01,2026-06-15T22:17:28.655795Z
2020-10-01,Duda,CMS/ecommerce/builder,Hosted website builder,#dc2626,5371,12594,17965,ALL,ALL,HTTP Archive Technology Report API adoption endpoint,https://cdn.httparchive.org/v1/adoption?technology=ALL%2CWordPress%2CShopify%2CWix%2CSquarespace%2CWebflow%2CDuda%2CTilda%2CNext.js%2CNuxt.js%2CAstro%2CGatsby%2CHugo%2CJekyll%2CEleventy%2CVercel%2CNetlify%2CGitHub+Pages%2CFramer+Sites%2CLovable%2CBase44&geo=ALL&rank=ALL&start=2020-01-01&end=2026-05-01,2026-06-15T22:17:28.655795Z
2020-10-01,Gatsby,Static/app framework,React static site generator,#663399,7041,6271,13312,ALL,ALL,HTTP Archive Technology Report API adoption endpoint,https://cdn.httparchive.org/v1/adoption?technology=ALL%2CWordPress%2CShopify%2CWix%2CSquarespace%2CWebflow%2CDuda%2CTilda%2CNext.js%2CNuxt.js%2CAstro%2CGatsby%2CHugo%2CJekyll%2CEleventy%2CVercel%2CNetlify%2CGitHub+Pages%2CFramer+Sites%2CLovable%2CBase44&geo=ALL&rank=ALL&start=2020-01-01&end=2026-05-01,2026-06-15T22:17:28.655795Z
2020-10-01,GitHub Pages,Deployment surface,Static hosting platform,#6e7781,12681,6589,19270,ALL,ALL,HTTP Archive Technology Report API adoption endpoint,https://cdn.httparchive.org/v1/adoption?technology=ALL%2CWordPress%2CShopify%2CWix%2CSquarespace%2CWebflow%2CDuda%2CTilda%2CNext.js%2CNuxt.js%2CAstro%2CGatsby%2CHugo%2CJekyll%2CEleventy%2CVercel%2CNetlify%2CGitHub+Pages%2CFramer+Sites%2CLovable%2CBase44&geo=ALL&rank=ALL&start=2020-01-01&end=2026-05-01,2026-06-15T22:17:28.655795Z
2020-10-01,Hugo,Static/app framework,Static site generator,#ff4088,3434,2465,5899,ALL,ALL,HTTP Archive Technology Report API adoption endpoint,https://cdn.httparchive.org/v1/adoption?technology=ALL%2CWordPress%2CShopify%2CWix%2CSquarespace%2CWebflow%2CDuda%2CTilda%2CNext.js%2CNuxt.js%2CAstro%2CGatsby%2CHugo%2CJekyll%2CEleventy%2CVercel%2CNetlify%2CGitHub+Pages%2CFramer+Sites%2CLovable%2CBase44&geo=ALL&rank=ALL&start=2020-01-01&end=2026-05-01,2026-06-15T22:17:28.655795Z
2020-10-01,Jekyll,Static/app framework,Static site generator,#cc0000,2512,1472,3984,ALL,ALL,HTTP Archive Technology Report API adoption endpoint,https://cdn.httparchive.org/v1/adoption?technology=ALL%2CWordPress%2CShopify%2CWix%2CSquarespace%2CWebflow%2CDuda%2CTilda%2CNext.js%2CNuxt.js%2CAstro%2CGatsby%2CHugo%2CJekyll%2CEleventy%2CVercel%2CNetlify%2CGitHub+Pages%2CFramer+Sites%2CLovable%2CBase44&geo=ALL&rank=ALL&start=2020-01-01&end=2026-05-01,2026-06-15T22:17:28.655795Z
2020-10-01,Netlify,Deployment surface,Static/app deployment platform,#00ad9f,9950,8565,18515,ALL,ALL,HTTP Archive Technology Report API adoption endpoint,https://cdn.httparchive.org/v1/adoption?technology=ALL%2CWordPress%2CShopify%2CWix%2CSquarespace%2CWebflow%2CDuda%2CTilda%2CNext.js%2CNuxt.js%2CAstro%2CGatsby%2CHugo%2CJekyll%2CEleventy%2CVercel%2CNetlify%2CGitHub+Pages%2CFramer+Sites%2CLovable%2CBase44&geo=ALL&rank=ALL&start=2020-01-01&end=2026-05-01,2026-06-15T22:17:28.655795Z
2020-10-01,Next.js,Static/app framework,React app framework and static/hybrid generator,#111827,11616,14705,26321,ALL,ALL,HTTP Archive Technology Report API adoption endpoint,https://cdn.httparchive.org/v1/adoption?technology=ALL%2CWordPress%2CShopify%2CWix%2CSquarespace%2CWebflow%2CDuda%2CTilda%2CNext.js%2CNuxt.js%2CAstro%2CGatsby%2CHugo%2CJekyll%2CEleventy%2CVercel%2CNetlify%2CGitHub+Pages%2CFramer+Sites%2CLovable%2CBase44&geo=ALL&rank=ALL&start=2020-01-01&end=2026-05-01,2026-06-15T22:17:28.655795Z
2020-10-01,Nuxt.js,Static/app framework,Vue app framework and static/hybrid generator,#00dc82,9706,9900,19606,ALL,ALL,HTTP Archive Technology Report API adoption endpoint,https://cdn.httparchive.org/v1/adoption?technology=ALL%2CWordPress%2CShopify%2CWix%2CSquarespace%2CWebflow%2CDuda%2CTilda%2CNext.js%2CNuxt.js%2CAstro%2CGatsby%2CHugo%2CJekyll%2CEleventy%2CVercel%2CNetlify%2CGitHub+Pages%2CFramer+Sites%2CLovable%2CBase44&geo=ALL&rank=ALL&start=2020-01-01&end=2026-05-01,2026-06-15T22:17:28.655795Z
2020-10-01,Shopify,CMS/ecommerce/builder,Hosted ecommerce,#16a34a,123539,134563,258102,ALL,ALL,HTTP Archive Technology Report API adoption endpoint,https://cdn.httparchive.org/v1/adoption?technology=ALL%2CWordPress%2CShopify%2CWix%2CSquarespace%2CWebflow%2CDuda%2CTilda%2CNext.js%2CNuxt.js%2CAstro%2CGatsby%2CHugo%2CJekyll%2CEleventy%2CVercel%2CNetlify%2CGitHub+Pages%2CFramer+Sites%2CLovable%2CBase44&geo=ALL&rank=ALL&start=2020-01-01&end=2026-05-01,2026-06-15T22:17:28.655795Z
2020-10-01,Squarespace,CMS/ecommerce/builder,Hosted website builder,#64748b,49176,47807,96983,ALL,ALL,HTTP Archive Technology Report API adoption endpoint,https://cdn.httparchive.org/v1/adoption?technology=ALL%2CWordPress%2CShopify%2CWix%2CSquarespace%2CWebflow%2CDuda%2CTilda%2CNext.js%2CNuxt.js%2CAstro%2CGatsby%2CHugo%2CJekyll%2CEleventy%2CVercel%2CNetlify%2CGitHub+Pages%2CFramer+Sites%2CLovable%2CBase44&geo=ALL&rank=ALL&start=2020-01-01&end=2026-05-01,2026-06-15T22:17:28.655795Z
2020-10-01,Tilda,CMS/ecommerce/builder,Hosted website builder,#a855f7,4951,8277,13228,ALL,ALL,HTTP Archive Technology Report API adoption endpoint,https://cdn.httparchive.org/v1/adoption?technology=ALL%2CWordPress%2CShopify%2CWix%2CSquarespace%2CWebflow%2CDuda%2CTilda%2CNext.js%2CNuxt.js%2CAstro%2CGatsby%2CHugo%2CJekyll%2CEleventy%2CVercel%2CNetlify%2CGitHub+Pages%2CFramer+Sites%2CLovable%2CBase44&geo=ALL&rank=ALL&start=2020-01-01&end=2026-05-01,2026-06-15T22:17:28.655795Z
2020-10-01,Vercel,Deployment surface,Frontend cloud/PaaS often paired with Next.js,#000000,2026,1805,3831,ALL,ALL,HTTP Archive Technology Report API adoption endpoint,https://cdn.httparchive.org/v1/adoption?technology=ALL%2CWordPress%2CShopify%2CWix%2CSquarespace%2CWebflow%2CDuda%2CTilda%2CNext.js%2CNuxt.js%2CAstro%2CGatsby%2CHugo%2CJekyll%2CEleventy%2CVercel%2CNetlify%2CGitHub+Pages%2CFramer+Sites%2CLovable%2CBase44&geo=ALL&rank=ALL&start=2020-01-01&end=2026-05-01,2026-06-15T22:17:28.655795Z
2020-10-01,Webflow,CMS/ecommerce/builder,Visual website builder/CMS,#0891b2,12402,11762,24164,ALL,ALL,HTTP Archive Technology Report API adoption endpoint,https://cdn.httparchive.org/v1/adoption?technology=ALL%2CWordPress%2CShopify%2CWix%2CSquarespace%2CWebflow%2CDuda%2CTilda%2CNext.js%2CNuxt.js%2CAstro%2CGatsby%2CHugo%2CJekyll%2CEleventy%2CVercel%2CNetlify%2CGitHub+Pages%2CFramer+Sites%2CLovable%2CBase44&geo=ALL&rank=ALL&start=2020-01-01&end=2026-05-01,2026-06-15T22:17:28.655795Z
2020-10-01,Wix,CMS/ecommerce/builder,Hosted website builder,#f59e0b,44300,69397,113697,ALL,ALL,HTTP Archive Technology Report API adoption endpoint,https://cdn.httparchive.org/v1/adoption?technology=ALL%2CWordPress%2CShopify%2CWix%2CSquarespace%2CWebflow%2CDuda%2CTilda%2CNext.js%2CNuxt.js%2CAstro%2CGatsby%2CHugo%2CJekyll%2CEleventy%2CVercel%2CNetlify%2CGitHub+Pages%2CFramer+Sites%2CLovable%2CBase44&geo=ALL&rank=ALL&start=2020-01-01&end=2026-05-01,2026-06-15T22:17:28.655795Z
2020-10-01,WordPress,CMS/ecommerce/builder,Open-source CMS,#2563eb,1482522,1768431,3250953,ALL,ALL,HTTP Archive Technology Report API adoption endpoint,https://cdn.httparchive.org/v1/adoption?technology=ALL%2CWordPress%2CShopify%2CWix%2CSquarespace%2CWebflow%2CDuda%2CTilda%2CNext.js%2CNuxt.js%2CAstro%2CGatsby%2CHugo%2CJekyll%2CEleventy%2CVercel%2CNetlify%2CGitHub+Pages%2CFramer+Sites%2CLovable%2CBase44&geo=ALL&rank=ALL&start=2020-01-01&end=2026-05-01,2026-06-15T22:17:28.655795Z
2020-11-01,ALL,All origins,All HTTP Archive crawl origins,#0f172a,4911896,5135063,10046959,ALL,ALL,HTTP Archive Technology Report API adoption endpoint,https://cdn.httparchive.org/v1/adoption?technology=ALL%2CWordPress%2CShopify%2CWix%2CSquarespace%2CWebflow%2CDuda%2CTilda%2CNext.js%2CNuxt.js%2CAstro%2CGatsby%2CHugo%2CJekyll%2CEleventy%2CVercel%2CNetlify%2CGitHub+Pages%2CFramer+Sites%2CLovable%2CBase44&geo=ALL&rank=ALL&start=2020-01-01&end=2026-05-01,2026-06-15T22:17:28.655795Z
2020-11-01,Duda,CMS/ecommerce/builder,Hosted website builder,#dc2626,5376,10672,16048,ALL,ALL,HTTP Archive Technology Report API adoption endpoint,https://cdn.httparchive.org/v1/adoption?technology=ALL%2CWordPress%2CShopify%2CWix%2CSquarespace%2CWebflow%2CDuda%2CTilda%2CNext.js%2CNuxt.js%2CAstro%2CGatsby%2CHugo%2CJekyll%2CEleventy%2CVercel%2CNetlify%2CGitHub+Pages%2CFramer+Sites%2CLovable%2CBase44&geo=ALL&rank=ALL&start=2020-01-01&end=2026-05-01,2026-06-15T22:17:28.655795Z
2020-11-01,Gatsby,Static/app framework,React static site generator,#663399,7620,6207,13827,ALL,ALL,HTTP Archive Technology Report API adoption endpoint,https://cdn.httparchive.org/v1/adoption?technology=ALL%2CWordPress%2CShopify%2CWix%2CSquarespace%2CWebflow%2CDuda%2CTilda%2CNext.js%2CNuxt.js%2CAstro%2CGatsby%2CHugo%2CJekyll%2CEleventy%2CVercel%2CNetlify%2CGitHub+Pages%2CFramer+Sites%2CLovable%2CBase44&geo=ALL&rank=ALL&start=2020-01-01&end=2026-05-01,2026-06-15T22:17:28.655795Z
2020-11-01,GitHub Pages,Deployment surface,Static hosting platform,#6e7781,13581,6388,19969,ALL,ALL,HTTP Archive Technology Report API adoption endpoint,https://cdn.httparchive.org/v1/adoption?technology=ALL%2CWordPress%2CShopify%2CWix%2CSquarespace%2CWebflow%2CDuda%2CTilda%2CNext.js%2CNuxt.js%2CAstro%2CGatsby%2CHugo%2CJekyll%2CEleventy%2CVercel%2CNetlify%2CGitHub+Pages%2CFramer+Sites%2CLovable%2CBase44&geo=ALL&rank=ALL&start=2020-01-01&end=2026-05-01,2026-06-15T22:17:28.655795Z
2020-11-01,Hugo,Static/app framework,Static site generator,#ff4088,3567,2385,5952,ALL,ALL,HTTP Archive Technology Report API adoption endpoint,https://cdn.httparchive.org/v1/adoption?technology=ALL%2CWordPress%2CShopify%2CWix%2CSquarespace%2CWebflow%2CDuda%2CTilda%2CNext.js%2CNuxt.js%2CAstro%2CGatsby%2CHugo%2CJekyll%2CEleventy%2CVercel%2CNetlify%2CGitHub+Pages%2CFramer+Sites%2CLovable%2CBase44&geo=ALL&rank=ALL&start=2020-01-01&end=2026-05-01,2026-06-15T22:17:28.655795Z
2020-11-01,Jekyll,Static/app framework,Static site generator,#cc0000,2690,1400,4090,ALL,ALL,HTTP Archive Technology Report API adoption endpoint,https://cdn.httparchive.org/v1/adoption?technology=ALL%2CWordPress%2CShopify%2CWix%2CSquarespace%2CWebflow%2CDuda%2CTilda%2CNext.js%2CNuxt.js%2CAstro%2CGatsby%2CHugo%2CJekyll%2CEleventy%2CVercel%2CNetlify%2CGitHub+Pages%2CFramer+Sites%2CLovable%2CBase44&geo=ALL&rank=ALL&start=2020-01-01&end=2026-05-01,2026-06-15T22:17:28.655795Z
2020-11-01,Netlify,Deployment surface,Static/app deployment platform,#00ad9f,10646,8251,18897,ALL,ALL,HTTP Archive Technology Report API adoption endpoint,https://cdn.httparchive.org/v1/adoption?technology=ALL%2CWordPress%2CShopify%2CWix%2CSquarespace%2CWebflow%2CDuda%2CTilda%2CNext.js%2CNuxt.js%2CAstro%2CGatsby%2CHugo%2CJekyll%2CEleventy%2CVercel%2CNetlify%2CGitHub+Pages%2CFramer+Sites%2CLovable%2CBase44&geo=ALL&rank=ALL&start=2020-01-01&end=2026-05-01,2026-06-15T22:17:28.655795Z
2020-11-01,Next.js,Static/app framework,React app framework and static/hybrid generator,#111827,12887,14537,27424,ALL,ALL,HTTP Archive Technology Report API adoption endpoint,https://cdn.httparchive.org/v1/adoption?technology=ALL%2CWordPress%2CShopify%2CWix%2CSquarespace%2CWebflow%2CDuda%2CTilda%2CNext.js%2CNuxt.js%2CAstro%2CGatsby%2CHugo%2CJekyll%2CEleventy%2CVercel%2CNetlify%2CGitHub+Pages%2CFramer+Sites%2CLovable%2CBase44&geo=ALL&rank=ALL&start=2020-01-01&end=2026-05-01,2026-06-15T22:17:28.655795Z
2020-11-01,Nuxt.js,Static/app framework,Vue app framework and static/hybrid generator,#00dc82,10735,9853,20588,ALL,ALL,HTTP Archive Technology Report API adoption endpoint,https://cdn.httparchive.org/v1/adoption?technology=ALL%2CWordPress%2CShopify%2CWix%2CSquarespace%2CWebflow%2CDuda%2CTilda%2CNext.js%2CNuxt.js%2CAstro%2CGatsby%2CHugo%2CJekyll%2CEleventy%2CVercel%2CNetlify%2CGitHub+Pages%2CFramer+Sites%2CLovable%2CBase44&geo=ALL&rank=ALL&start=2020-01-01&end=2026-05-01,2026-06-15T22:17:28.655795Z
2020-11-01,Shopify,CMS/ecommerce/builder,Hosted ecommerce,#16a34a,130462,132540,263002,ALL,ALL,HTTP Archive Technology Report API adoption endpoint,https://cdn.httparchive.org/v1/adoption?technology=ALL%2CWordPress%2CShopify%2CWix%2CSquarespace%2CWebflow%2CDuda%2CTilda%2CNext.js%2CNuxt.js%2CAstro%2CGatsby%2CHugo%2CJekyll%2CEleventy%2CVercel%2CNetlify%2CGitHub+Pages%2CFramer+Sites%2CLovable%2CBase44&geo=ALL&rank=ALL&start=2020-01-01&end=2026-05-01,2026-06-15T22:17:28.655795Z
2020-11-01,Squarespace,CMS/ecommerce/builder,Hosted website builder,#64748b,49583,43751,93334,ALL,ALL,HTTP Archive Technology Report API adoption endpoint,https://cdn.httparchive.org/v1/adoption?technology=ALL%2CWordPress%2CShopify%2CWix%2CSquarespace%2CWebflow%2CDuda%2CTilda%2CNext.js%2CNuxt.js%2CAstro%2CGatsby%2CHugo%2CJekyll%2CEleventy%2CVercel%2CNetlify%2CGitHub+Pages%2CFramer+Sites%2CLovable%2CBase44&geo=ALL&rank=ALL&start=2020-01-01&end=2026-05-01,2026-06-15T22:17:28.655795Z
2020-11-01,Tilda,CMS/ecommerce/builder,Hosted website builder,#a855f7,5537,7642,13179,ALL,ALL,HTTP Archive Technology Report API adoption endpoint,https://cdn.httparchive.org/v1/adoption?technology=ALL%2CWordPress%2CShopify%2CWix%2CSquarespace%2CWebflow%2CDuda%2CTilda%2CNext.js%2CNuxt.js%2CAstro%2CGatsby%2CHugo%2CJekyll%2CEleventy%2CVercel%2CNetlify%2CGitHub+Pages%2CFramer+Sites%2CLovable%2CBase44&geo=ALL&rank=ALL&start=2020-01-01&end=2026-05-01,2026-06-15T22:17:28.655795Z
2020-11-01,Vercel,Deployment surface,Frontend cloud/PaaS often paired with Next.js,#000000,2313,1809,4122,ALL,ALL,HTTP Archive Technology Report API adoption endpoint,https://cdn.httparchive.org/v1/adoption?technology=ALL%2CWordPress%2CShopify%2CWix%2CSquarespace%2CWebflow%2CDuda%2CTilda%2CNext.js%2CNuxt.js%2CAstro%2CGatsby%2CHugo%2CJekyll%2CEleventy%2CVercel%2CNetlify%2CGitHub+Pages%2CFramer+Sites%2CLovable%2CBase44&geo=ALL&rank=ALL&start=2020-01-01&end=2026-05-01,2026-06-15T22:17:28.655795Z
2020-11-01,Webflow,CMS/ecommerce/builder,Visual website builder/CMS,#0891b2,13300,11219,24519,ALL,ALL,HTTP Archive Technology Report API adoption endpoint,https://cdn.httparchive.org/v1/adoption?technology=ALL%2CWordPress%2CShopify%2CWix%2CSquarespace%2CWebflow%2CDuda%2CTilda%2CNext.js%2CNuxt.js%2CAstro%2CGatsby%2CHugo%2CJekyll%2CEleventy%2CVercel%2CNetlify%2CGitHub+Pages%2CFramer+Sites%2CLovable%2CBase44&geo=ALL&rank=ALL&start=2020-01-01&end=2026-05-01,2026-06-15T22:17:28.655795Z
2020-11-01,Wix,CMS/ecommerce/builder,Hosted website builder,#f59e0b,38653,59565,98218,ALL,ALL,HTTP Archive Technology Report API adoption endpoint,https://cdn.httparchive.org/v1/adoption?technology=ALL%2CWordPress%2CShopify%2CWix%2CSquarespace%2CWebflow%2CDuda%2CTilda%2CNext.js%2CNuxt.js%2CAstro%2CGatsby%2CHugo%2CJekyll%2CEleventy%2CVercel%2CNetlify%2CGitHub+Pages%2CFramer+Sites%2CLovable%2CBase44&geo=ALL&rank=ALL&start=2020-01-01&end=2026-05-01,2026-06-15T22:17:28.655795Z
2020-11-01,WordPress,CMS/ecommerce/builder,Open-source CMS,#2563eb,1550805,1659411,3210216,ALL,ALL,HTTP Archive Technology Report API adoption endpoint,https://cdn.httparchive.org/v1/adoption?technology=ALL%2CWordPress%2CShopify%2CWix%2CSquarespace%2CWebflow%2CDuda%2CTilda%2CNext.js%2CNuxt.js%2CAstro%2CGatsby%2CHugo%2CJekyll%2CEleventy%2CVercel%2CNetlify%2CGitHub+Pages%2CFramer+Sites%2CLovable%2CBase44&geo=ALL&rank=ALL&start=2020-01-01&end=2026-05-01,2026-06-15T22:17:28.655795Z
2020-12-01,ALL,All origins,All HTTP Archive crawl origins,#0f172a,4780344,5401061,10181405,ALL,ALL,HTTP Archive Technology Report API adoption endpoint,https://cdn.httparchive.org/v1/adoption?technology=ALL%2CWordPress%2CShopify%2CWix%2CSquarespace%2CWebflow%2CDuda%2CTilda%2CNext.js%2CNuxt.js%2CAstro%2CGatsby%2CHugo%2CJekyll%2CEleventy%2CVercel%2CNetlify%2CGitHub+Pages%2CFramer+Sites%2CLovable%2CBase44&geo=ALL&rank=ALL&start=2020-01-01&end=2026-05-01,2026-06-15T22:17:28.655795Z
2020-12-01,Duda,CMS/ecommerce/builder,Hosted website builder,#dc2626,5280,11885,17165,ALL,ALL,HTTP Archive Technology Report API adoption endpoint,https://cdn.httparchive.org/v1/adoption?technology=ALL%2CWordPress%2CShopify%2CWix%2CSquarespace%2CWebflow%2CDuda%2CTilda%2CNext.js%2CNuxt.js%2CAstro%2CGatsby%2CHugo%2CJekyll%2CEleventy%2CVercel%2CNetlify%2CGitHub+Pages%2CFramer+Sites%2CLovable%2CBase44&geo=ALL&rank=ALL&start=2020-01-01&end=2026-05-01,2026-06-15T22:17:28.655795Z
2020-12-01,Gatsby,Static/app framework,React static site generator,#663399,7687,6804,14491,ALL,ALL,HTTP Archive Technology Report API adoption endpoint,https://cdn.httparchive.org/v1/adoption?technology=ALL%2CWordPress%2CShopify%2CWix%2CSquarespace%2CWebflow%2CDuda%2CTilda%2CNext.js%2CNuxt.js%2CAstro%2CGatsby%2CHugo%2CJekyll%2CEleventy%2CVercel%2CNetlify%2CGitHub+Pages%2CFramer+Sites%2CLovable%2CBase44&geo=ALL&rank=ALL&start=2020-01-01&end=2026-05-01,2026-06-15T22:17:28.655795Z
2020-12-01,GitHub Pages,Deployment surface,Static hosting platform,#6e7781,13356,6792,20148,ALL,ALL,HTTP Archive Technology Report API adoption endpoint,https://cdn.httparchive.org/v1/adoption?technology=ALL%2CWordPress%2CShopify%2CWix%2CSquarespace%2CWebflow%2CDuda%2CTilda%2CNext.js%2CNuxt.js%2CAstro%2CGatsby%2CHugo%2CJekyll%2CEleventy%2CVercel%2CNetlify%2CGitHub+Pages%2CFramer+Sites%2CLovable%2CBase44&geo=ALL&rank=ALL&start=2020-01-01&end=2026-05-01,2026-06-15T22:17:28.655795Z
2020-12-01,Hugo,Static/app framework,Static site generator,#ff4088,3570,2551,6121,ALL,ALL,HTTP Archive Technology Report API adoption endpoint,https://cdn.httparchive.org/v1/adoption?technology=ALL%2CWordPress%2CShopify%2CWix%2CSquarespace%2CWebflow%2CDuda%2CTilda%2CNext.js%2CNuxt.js%2CAstro%2CGatsby%2CHugo%2CJekyll%2CEleventy%2CVercel%2CNetlify%2CGitHub+Pages%2CFramer+Sites%2CLovable%2CBase44&geo=ALL&rank=ALL&start=2020-01-01&end=2026-05-01,2026-06-15T22:17:28.655795Z
2020-12-01,Jekyll,Static/app framework,Static site generator,#cc0000,2714,1557,4271,ALL,ALL,HTTP Archive Technology Report API adoption endpoint,https://cdn.httparchive.org/v1/adoption?technology=ALL%2CWordPress%2CShopify%2CWix%2CSquarespace%2CWebflow%2CDuda%2CTilda%2CNext.js%2CNuxt.js%2CAstro%2CGatsby%2CHugo%2CJekyll%2CEleventy%2CVercel%2CNetlify%2CGitHub+Pages%2CFramer+Sites%2CLovable%2CBase44&geo=ALL&rank=ALL&start=2020-01-01&end=2026-05-01,2026-06-15T22:17:28.655795Z
2020-12-01,Netlify,Deployment surface,Static/app deployment platform,#00ad9f,10754,9211,19965,ALL,ALL,HTTP Archive Technology Report API adoption endpoint,https://cdn.httparchive.org/v1/adoption?technology=ALL%2CWordPress%2CShopify%2CWix%2CSquarespace%2CWebflow%2CDuda%2CTilda%2CNext.js%2CNuxt.js%2CAstro%2CGatsby%2CHugo%2CJekyll%2CEleventy%2CVercel%2CNetlify%2CGitHub+Pages%2CFramer+Sites%2CLovable%2CBase44&geo=ALL&rank=ALL&start=2020-01-01&end=2026-05-01,2026-06-15T22:17:28.655795Z
2020-12-01,Next.js,Static/app framework,React app framework and static/hybrid generator,#111827,13294,16122,29416,ALL,ALL,HTTP Archive Technology Report API adoption endpoint,https://cdn.httparchive.org/v1/adoption?technology=ALL%2CWordPress%2CShopify%2CWix%2CSquarespace%2CWebflow%2CDuda%2CTilda%2CNext.js%2CNuxt.js%2CAstro%2CGatsby%2CHugo%2CJekyll%2CEleventy%2CVercel%2CNetlify%2CGitHub+Pages%2CFramer+Sites%2CLovable%2CBase44&geo=ALL&rank=ALL&start=2020-01-01&end=2026-05-01,2026-06-15T22:17:28.655795Z
2020-12-01,Nuxt.js,Static/app framework,Vue app framework and static/hybrid generator,#00dc82,11144,11166,22310,ALL,ALL,HTTP Archive Technology Report API adoption endpoint,https://cdn.httparchive.org/v1/adoption?technology=ALL%2CWordPress%2CShopify%2CWix%2CSquarespace%2CWebflow%2CDuda%2CTilda%2CNext.js%2CNuxt.js%2CAstro%2CGatsby%2CHugo%2CJekyll%2CEleventy%2CVercel%2CNetlify%2CGitHub+Pages%2CFramer+Sites%2CLovable%2CBase44&geo=ALL&rank=ALL&start=2020-01-01&end=2026-05-01,2026-06-15T22:17:28.655795Z
2020-12-01,Shopify,CMS/ecommerce/builder,Hosted ecommerce,#16a34a,132902,143711,276613,ALL,ALL,HTTP Archive Technology Report API adoption endpoint,https://cdn.httparchive.org/v1/adoption?technology=ALL%2CWordPress%2CShopify%2CWix%2CSquarespace%2CWebflow%2CDuda%2CTilda%2CNext.js%2CNuxt.js%2CAstro%2CGatsby%2CHugo%2CJekyll%2CEleventy%2CVercel%2CNetlify%2CGitHub+Pages%2CFramer+Sites%2CLovable%2CBase44&geo=ALL&rank=ALL&start=2020-01-01&end=2026-05-01,2026-06-15T22:17:28.655795Z
2020-12-01,Squarespace,CMS/ecommerce/builder,Hosted website builder,#64748b,48415,46129,94544,ALL,ALL,HTTP Archive Technology Report API adoption endpoint,https://cdn.httparchive.org/v1/adoption?technology=ALL%2CWordPress%2CShopify%2CWix%2CSquarespace%2CWebflow%2CDuda%2CTilda%2CNext.js%2CNuxt.js%2CAstro%2CGatsby%2CHugo%2CJekyll%2CEleventy%2CVercel%2CNetlify%2CGitHub+Pages%2CFramer+Sites%2CLovable%2CBase44&geo=ALL&rank=ALL&start=2020-01-01&end=2026-05-01,2026-06-15T22:17:28.655795Z
2020-12-01,Tilda,CMS/ecommerce/builder,Hosted website builder,#a855f7,5719,9253,14972,ALL,ALL,HTTP Archive Technology Report API adoption endpoint,https://cdn.httparchive.org/v1/adoption?technology=ALL%2CWordPress%2CShopify%2CWix%2CSquarespace%2CWebflow%2CDuda%2CTilda%2CNext.js%2CNuxt.js%2CAstro%2CGatsby%2CHugo%2CJekyll%2CEleventy%2CVercel%2CNetlify%2CGitHub+Pages%2CFramer+Sites%2CLovable%2CBase44&geo=ALL&rank=ALL&start=2020-01-01&end=2026-05-01,2026-06-15T22:17:28.655795Z
2020-12-01,Vercel,Deployment surface,Frontend cloud/PaaS often paired with Next.js,#000000,2591,2298,4889,ALL,ALL,HTTP Archive Technology Report API adoption endpoint,https://cdn.httparchive.org/v1/adoption?technology=ALL%2CWordPress%2CShopify%2CWix%2CSquarespace%2CWebflow%2CDuda%2CTilda%2CNext.js%2CNuxt.js%2CAstro%2CGatsby%2CHugo%2CJekyll%2CEleventy%2CVercel%2CNetlify%2CGitHub+Pages%2CFramer+Sites%2CLovable%2CBase44&geo=ALL&rank=ALL&start=2020-01-01&end=2026-05-01,2026-06-15T22:17:28.655795Z
2020-12-01,Webflow,CMS/ecommerce/builder,Visual website builder/CMS,#0891b2,13091,12334,25425,ALL,ALL,HTTP Archive Technology Report API adoption endpoint,https://cdn.httparchive.org/v1/adoption?technology=ALL%2CWordPress%2CShopify%2CWix%2CSquarespace%2CWebflow%2CDuda%2CTilda%2CNext.js%2CNuxt.js%2CAstro%2CGatsby%2CHugo%2CJekyll%2CEleventy%2CVercel%2CNetlify%2CGitHub+Pages%2CFramer+Sites%2CLovable%2CBase44&geo=ALL&rank=ALL&start=2020-01-01&end=2026-05-01,2026-06-15T22:17:28.655795Z
2020-12-01,Wix,CMS/ecommerce/builder,Hosted website builder,#f59e0b,36879,61460,98339,ALL,ALL,HTTP Archive Technology Report API adoption endpoint,https://cdn.httparchive.org/v1/adoption?technology=ALL%2CWordPress%2CShopify%2CWix%2CSquarespace%2CWebflow%2CDuda%2CTilda%2CNext.js%2CNuxt.js%2CAstro%2CGatsby%2CHugo%2CJekyll%2CEleventy%2CVercel%2CNetlify%2CGitHub+Pages%2CFramer+Sites%2CLovable%2CBase44&geo=ALL&rank=ALL&start=2020-01-01&end=2026-05-01,2026-06-15T22:17:28.655795Z
2020-12-01,WordPress,CMS/ecommerce/builder,Open-source CMS,#2563eb,1509424,1751321,3260745,ALL,ALL,HTTP Archive Technology Report API adoption endpoint,https://cdn.httparchive.org/v1/adoption?technology=ALL%2CWordPress%2CShopify%2CWix%2CSquarespace%2CWebflow%2CDuda%2CTilda%2CNext.js%2CNuxt.js%2CAstro%2CGatsby%2CHugo%2CJekyll%2CEleventy%2CVercel%2CNetlify%2CGitHub+Pages%2CFramer+Sites%2CLovable%2CBase44&geo=ALL&rank=ALL&start=2020-01-01&end=2026-05-01,2026-06-15T22:17:28.655795Z
2021-01-01,ALL,All origins,All HTTP Archive crawl origins,#0f172a,5148521,5704102,10852623,ALL,ALL,HTTP Archive Technology Report API adoption endpoint,https://cdn.httparchive.org/v1/adoption?technology=ALL%2CWordPress%2CShopify%2CWix%2CSquarespace%2CWebflow%2CDuda%2CTilda%2CNext.js%2CNuxt.js%2CAstro%2CGatsby%2CHugo%2CJekyll%2CEleventy%2CVercel%2CNetlify%2CGitHub+Pages%2CFramer+Sites%2CLovable%2CBase44&geo=ALL&rank=ALL&start=2020-01-01&end=2026-05-01,2026-06-15T22:17:28.655795Z
2021-01-01,Duda,CMS/ecommerce/builder,Hosted website builder,#dc2626,6085,11977,18062,ALL,ALL,HTTP Archive Technology Report API adoption endpoint,https://cdn.httparchive.org/v1/adoption?technology=ALL%2CWordPress%2CShopify%2CWix%2CSquarespace%2CWebflow%2CDuda%2CTilda%2CNext.js%2CNuxt.js%2CAstro%2CGatsby%2CHugo%2CJekyll%2CEleventy%2CVercel%2CNetlify%2CGitHub+Pages%2CFramer+Sites%2CLovable%2CBase44&geo=ALL&rank=ALL&start=2020-01-01&end=2026-05-01,2026-06-15T22:17:28.655795Z
2021-01-01,Gatsby,Static/app framework,React static site generator,#663399,8442,7207,15649,ALL,ALL,HTTP Archive Technology Report API adoption endpoint,https://cdn.httparchive.org/v1/adoption?technology=ALL%2CWordPress%2CShopify%2CWix%2CSquarespace%2CWebflow%2CDuda%2CTilda%2CNext.js%2CNuxt.js%2CAstro%2CGatsby%2CHugo%2CJekyll%2CEleventy%2CVercel%2CNetlify%2CGitHub+Pages%2CFramer+Sites%2CLovable%2CBase44&geo=ALL&rank=ALL&start=2020-01-01&end=2026-05-01,2026-06-15T22:17:28.655795Z
2021-01-01,GitHub Pages,Deployment surface,Static hosting platform,#6e7781,14406,7039,21445,ALL,ALL,HTTP Archive Technology Report API adoption endpoint,https://cdn.httparchive.org/v1/adoption?technology=ALL%2CWordPress%2CShopify%2CWix%2CSquarespace%2CWebflow%2CDuda%2CTilda%2CNext.js%2CNuxt.js%2CAstro%2CGatsby%2CHugo%2CJekyll%2CEleventy%2CVercel%2CNetlify%2CGitHub+Pages%2CFramer+Sites%2CLovable%2CBase44&geo=ALL&rank=ALL&start=2020-01-01&end=2026-05-01,2026-06-15T22:17:28.655795Z
2021-01-01,Hugo,Static/app framework,Static site generator,#ff4088,3850,2733,6583,ALL,ALL,HTTP Archive Technology Report API adoption endpoint,https://cdn.httparchive.org/v1/adoption?technology=ALL%2CWordPress%2CShopify%2CWix%2CSquarespace%2CWebflow%2CDuda%2CTilda%2CNext.js%2CNuxt.js%2CAstro%2CGatsby%2CHugo%2CJekyll%2CEleventy%2CVercel%2CNetlify%2CGitHub+Pages%2CFramer+Sites%2CLovable%2CBase44&geo=ALL&rank=ALL&start=2020-01-01&end=2026-05-01,2026-06-15T22:17:28.655795Z
2021-01-01,Jekyll,Static/app framework,Static site generator,#cc0000,2964,1632,4596,ALL,ALL,HTTP Archive Technology Report API adoption endpoint,https://cdn.httparchive.org/v1/adoption?technology=ALL%2CWordPress%2CShopify%2CWix%2CSquarespace%2CWebflow%2CDuda%2CTilda%2CNext.js%2CNuxt.js%2CAstro%2CGatsby%2CHugo%2CJekyll%2CEleventy%2CVercel%2CNetlify%2CGitHub+Pages%2CFramer+Sites%2CLovable%2CBase44&geo=ALL&rank=ALL&start=2020-01-01&end=2026-05-01,2026-06-15T22:17:28.655795Z
2021-01-01,Netlify,Deployment surface,Static/app deployment platform,#00ad9f,11833,9735,21568,ALL,ALL,HTTP Archive Technology Report API adoption endpoint,https://cdn.httparchive.org/v1/adoption?technology=ALL%2CWordPress%2CShopify%2CWix%2CSquarespace%2CWebflow%2CDuda%2CTilda%2CNext.js%2CNuxt.js%2CAstro%2CGatsby%2CHugo%2CJekyll%2CEleventy%2CVercel%2CNetlify%2CGitHub+Pages%2CFramer+Sites%2CLovable%2CBase44&geo=ALL&rank=ALL&start=2020-01-01&end=2026-05-01,2026-06-15T22:17:28.655795Z
2021-01-01,Next.js,Static/app framework,React app framework and static/hybrid generator,#111827,14655,16683,31338,ALL,ALL,HTTP Archive Technology Report API adoption endpoint,https://cdn.httparchive.org/v1/adoption?technology=ALL%2CWordPress%2CShopify%2CWix%2CSquarespace%2CWebflow%2CDuda%2CTilda%2CNext.js%2CNuxt.js%2CAstro%2CGatsby%2CHugo%2CJekyll%2CEleventy%2CVercel%2CNetlify%2CGitHub+Pages%2CFramer+Sites%2CLovable%2CBase44&geo=ALL&rank=ALL&start=2020-01-01&end=2026-05-01,2026-06-15T22:17:28.655795Z
2021-01-01,Nuxt.js,Static/app framework,Vue app framework and static/hybrid generator,#00dc82,12283,12016,24299,ALL,ALL,HTTP Archive Technology Report API adoption endpoint,https://cdn.httparchive.org/v1/adoption?technology=ALL%2CWordPress%2CShopify%2CWix%2CSquarespace%2CWebflow%2CDuda%2CTilda%2CNext.js%2CNuxt.js%2CAstro%2CGatsby%2CHugo%2CJekyll%2CEleventy%2CVercel%2CNetlify%2CGitHub+Pages%2CFramer+Sites%2CLovable%2CBase44&geo=ALL&rank=ALL&start=2020-01-01&end=2026-05-01,2026-06-15T22:17:28.655795Z
2021-01-01,Shopify,CMS/ecommerce/builder,Hosted ecommerce,#16a34a,145538,152253,297791,ALL,ALL,HTTP Archive Technology Report API adoption endpoint,https://cdn.httparchive.org/v1/adoption?technology=ALL%2CWordPress%2CShopify%2CWix%2CSquarespace%2CWebflow%2CDuda%2CTilda%2CNext.js%2CNuxt.js%2CAstro%2CGatsby%2CHugo%2CJekyll%2CEleventy%2CVercel%2CNetlify%2CGitHub+Pages%2CFramer+Sites%2CLovable%2CBase44&geo=ALL&rank=ALL&start=2020-01-01&end=2026-05-01,2026-06-15T22:17:28.655795Z
2021-01-01,Squarespace,CMS/ecommerce/builder,Hosted website builder,#64748b,53164,48304,101468,ALL,ALL,HTTP Archive Technology Report API adoption endpoint,https://cdn.httparchive.org/v1/adoption?technology=ALL%2CWordPress%2CShopify%2CWix%2CSquarespace%2CWebflow%2CDuda%2CTilda%2CNext.js%2CNuxt.js%2CAstro%2CGatsby%2CHugo%2CJekyll%2CEleventy%2CVercel%2CNetlify%2CGitHub+Pages%2CFramer+Sites%2CLovable%2CBase44&geo=ALL&rank=ALL&start=2020-01-01&end=2026-05-01,2026-06-15T22:17:28.655795Z
2021-01-01,Tilda,CMS/ecommerce/builder,Hosted website builder,#a855f7,6311,10064,16375,ALL,ALL,HTTP Archive Technology Report API adoption endpoint,https://cdn.httparchive.org/v1/adoption?technology=ALL%2CWordPress%2CShopify%2CWix%2CSquarespace%2CWebflow%2CDuda%2CTilda%2CNext.js%2CNuxt.js%2CAstro%2CGatsby%2CHugo%2CJekyll%2CEleventy%2CVercel%2CNetlify%2CGitHub+Pages%2CFramer+Sites%2CLovable%2CBase44&geo=ALL&rank=ALL&start=2020-01-01&end=2026-05-01,2026-06-15T22:17:28.655795Z
2021-01-01,Vercel,Deployment surface,Frontend cloud/PaaS often paired with Next.js,#000000,2975,2569,5544,ALL,ALL,HTTP Archive Technology Report API adoption endpoint,https://cdn.httparchive.org/v1/adoption?technology=ALL%2CWordPress%2CShopify%2CWix%2CSquarespace%2CWebflow%2CDuda%2CTilda%2CNext.js%2CNuxt.js%2CAstro%2CGatsby%2CHugo%2CJekyll%2CEleventy%2CVercel%2CNetlify%2CGitHub+Pages%2CFramer+Sites%2CLovable%2CBase44&geo=ALL&rank=ALL&start=2020-01-01&end=2026-05-01,2026-06-15T22:17:28.655795Z
2021-01-01,Webflow,CMS/ecommerce/builder,Visual website builder/CMS,#0891b2,14865,13298,28163,ALL,ALL,HTTP Archive Technology Report API adoption endpoint,https://cdn.httparchive.org/v1/adoption?technology=ALL%2CWordPress%2CShopify%2CWix%2CSquarespace%2CWebflow%2CDuda%2CTilda%2CNext.js%2CNuxt.js%2CAstro%2CGatsby%2CHugo%2CJekyll%2CEleventy%2CVercel%2CNetlify%2CGitHub+Pages%2CFramer+Sites%2CLovable%2CBase44&geo=ALL&rank=ALL&start=2020-01-01&end=2026-05-01,2026-06-15T22:17:28.655795Z
2021-01-01,Wix,CMS/ecommerce/builder,Hosted website builder,#f59e0b,40757,61122,101879,ALL,ALL,HTTP Archive Technology Report API adoption endpoint,https://cdn.httparchive.org/v1/adoption?technology=ALL%2CWordPress%2CShopify%2CWix%2CSquarespace%2CWebflow%2CDuda%2CTilda%2CNext.js%2CNuxt.js%2CAstro%2CGatsby%2CHugo%2CJekyll%2CEleventy%2CVercel%2CNetlify%2CGitHub+Pages%2CFramer+Sites%2CLovable%2CBase44&geo=ALL&rank=ALL&start=2020-01-01&end=2026-05-01,2026-06-15T22:17:28.655795Z
2021-01-01,WordPress,CMS/ecommerce/builder,Open-source CMS,#2563eb,1650752,1836831,3487583,ALL,ALL,HTTP Archive Technology Report API adoption endpoint,https://cdn.httparchive.org/v1/adoption?technology=ALL%2CWordPress%2CShopify%2CWix%2CSquarespace%2CWebflow%2CDuda%2CTilda%2CNext.js%2CNuxt.js%2CAstro%2CGatsby%2CHugo%2CJekyll%2CEleventy%2CVercel%2CNetlify%2CGitHub+Pages%2CFramer+Sites%2CLovable%2CBase44&geo=ALL&rank=ALL&start=2020-01-01&end=2026-05-01,2026-06-15T22:17:28.655795Z
2021-02-01,ALL,All origins,All HTTP Archive crawl origins,#0f172a,4936789,5493297,10430086,ALL,ALL,HTTP Archive Technology Report API adoption endpoint,https://cdn.httparchive.org/v1/adoption?technology=ALL%2CWordPress%2CShopify%2CWix%2CSquarespace%2CWebflow%2CDuda%2CTilda%2CNext.js%2CNuxt.js%2CAstro%2CGatsby%2CHugo%2CJekyll%2CEleventy%2CVercel%2CNetlify%2CGitHub+Pages%2CFramer+Sites%2CLovable%2CBase44&geo=ALL&rank=ALL&start=2020-01-01&end=2026-05-01,2026-06-15T22:17:28.655795Z
2021-02-01,Duda,CMS/ecommerce/builder,Hosted website builder,#dc2626,5836,12009,17845,ALL,ALL,HTTP Archive Technology Report API adoption endpoint,https://cdn.httparchive.org/v1/adoption?technology=ALL%2CWordPress%2CShopify%2CWix%2CSquarespace%2CWebflow%2CDuda%2CTilda%2CNext.js%2CNuxt.js%2CAstro%2CGatsby%2CHugo%2CJekyll%2CEleventy%2CVercel%2CNetlify%2CGitHub+Pages%2CFramer+Sites%2CLovable%2CBase44&geo=ALL&rank=ALL&start=2020-01-01&end=2026-05-01,2026-06-15T22:17:28.655795Z
2021-02-01,Gatsby,Static/app framework,React static site generator,#663399,8069,6955,15024,ALL,ALL,HTTP Archive Technology Report API adoption endpoint,https://cdn.httparchive.org/v1/adoption?technology=ALL%2CWordPress%2CShopify%2CWix%2CSquarespace%2CWebflow%2CDuda%2CTilda%2CNext.js%2CNuxt.js%2CAstro%2CGatsby%2CHugo%2CJekyll%2CEleventy%2CVercel%2CNetlify%2CGitHub+Pages%2CFramer+Sites%2CLovable%2CBase44&geo=ALL&rank=ALL&start=2020-01-01&end=2026-05-01,2026-06-15T22:17:28.655795Z
2021-02-01,GitHub Pages,Deployment surface,Static hosting platform,#6e7781,13778,6936,20714,ALL,ALL,HTTP Archive Technology Report API adoption endpoint,https://cdn.httparchive.org/v1/adoption?technology=ALL%2CWordPress%2CShopify%2CWix%2CSquarespace%2CWebflow%2CDuda%2CTilda%2CNext.js%2CNuxt.js%2CAstro%2CGatsby%2CHugo%2CJekyll%2CEleventy%2CVercel%2CNetlify%2CGitHub+Pages%2CFramer+Sites%2CLovable%2CBase44&geo=ALL&rank=ALL&start=2020-01-01&end=2026-05-01,2026-06-15T22:17:28.655795Z
2021-02-01,Hugo,Static/app framework,Static site generator,#ff4088,531,2,533,ALL,ALL,HTTP Archive Technology Report API adoption endpoint,https://cdn.httparchive.org/v1/adoption?technology=ALL%2CWordPress%2CShopify%2CWix%2CSquarespace%2CWebflow%2CDuda%2CTilda%2CNext.js%2CNuxt.js%2CAstro%2CGatsby%2CHugo%2CJekyll%2CEleventy%2CVercel%2CNetlify%2CGitHub+Pages%2CFramer+Sites%2CLovable%2CBase44&geo=ALL&rank=ALL&start=2020-01-01&end=2026-05-01,2026-06-15T22:17:28.655795Z
2021-02-01,Jekyll,Static/app framework,Static site generator,#cc0000,2500,1223,3723,ALL,ALL,HTTP Archive Technology Report API adoption endpoint,https://cdn.httparchive.org/v1/adoption?technology=ALL%2CWordPress%2CShopify%2CWix%2CSquarespace%2CWebflow%2CDuda%2CTilda%2CNext.js%2CNuxt.js%2CAstro%2CGatsby%2CHugo%2CJekyll%2CEleventy%2CVercel%2CNetlify%2CGitHub+Pages%2CFramer+Sites%2CLovable%2CBase44&geo=ALL&rank=ALL&start=2020-01-01&end=2026-05-01,2026-06-15T22:17:28.655795Z
2021-02-01,Netlify,Deployment surface,Static/app deployment platform,#00ad9f,11589,9599,21188,ALL,ALL,HTTP Archive Technology Report API adoption endpoint,https://cdn.httparchive.org/v1/adoption?technology=ALL%2CWordPress%2CShopify%2CWix%2CSquarespace%2CWebflow%2CDuda%2CTilda%2CNext.js%2CNuxt.js%2CAstro%2CGatsby%2CHugo%2CJekyll%2CEleventy%2CVercel%2CNetlify%2CGitHub+Pages%2CFramer+Sites%2CLovable%2CBase44&geo=ALL&rank=ALL&start=2020-01-01&end=2026-05-01,2026-06-15T22:17:28.655795Z
2021-02-01,Next.js,Static/app framework,React app framework and static/hybrid generator,#111827,8281,7153,15434,ALL,ALL,HTTP Archive Technology Report API adoption endpoint,https://cdn.httparchive.org/v1/adoption?technology=ALL%2CWordPress%2CShopify%2CWix%2CSquarespace%2CWebflow%2CDuda%2CTilda%2CNext.js%2CNuxt.js%2CAstro%2CGatsby%2CHugo%2CJekyll%2CEleventy%2CVercel%2CNetlify%2CGitHub+Pages%2CFramer+Sites%2CLovable%2CBase44&geo=ALL&rank=ALL&start=2020-01-01&end=2026-05-01,2026-06-15T22:17:28.655795Z
2021-02-01,Nuxt.js,Static/app framework,Vue app framework and static/hybrid generator,#00dc82,12681,12057,24738,ALL,ALL,HTTP Archive Technology Report API adoption endpoint,https://cdn.httparchive.org/v1/adoption?technology=ALL%2CWordPress%2CShopify%2CWix%2CSquarespace%2CWebflow%2CDuda%2CTilda%2CNext.js%2CNuxt.js%2CAstro%2CGatsby%2CHugo%2CJekyll%2CEleventy%2CVercel%2CNetlify%2CGitHub+Pages%2CFramer+Sites%2CLovable%2CBase44&geo=ALL&rank=ALL&start=2020-01-01&end=2026-05-01,2026-06-15T22:17:28.655795Z
2021-02-01,Shopify,CMS/ecommerce/builder,Hosted ecommerce,#16a34a,142501,149727,292228,ALL,ALL,HTTP Archive Technology Report API adoption endpoint,https://cdn.httparchive.org/v1/adoption?technology=ALL%2CWordPress%2CShopify%2CWix%2CSquarespace%2CWebflow%2CDuda%2CTilda%2CNext.js%2CNuxt.js%2CAstro%2CGatsby%2CHugo%2CJekyll%2CEleventy%2CVercel%2CNetlify%2CGitHub+Pages%2CFramer+Sites%2CLovable%2CBase44&geo=ALL&rank=ALL&start=2020-01-01&end=2026-05-01,2026-06-15T22:17:28.655795Z
2021-02-01,Squarespace,CMS/ecommerce/builder,Hosted website builder,#64748b,51035,47989,99024,ALL,ALL,HTTP Archive Technology Report API adoption endpoint,https://cdn.httparchive.org/v1/adoption?technology=ALL%2CWordPress%2CShopify%2CWix%2CSquarespace%2CWebflow%2CDuda%2CTilda%2CNext.js%2CNuxt.js%2CAstro%2CGatsby%2CHugo%2CJekyll%2CEleventy%2CVercel%2CNetlify%2CGitHub+Pages%2CFramer+Sites%2CLovable%2CBase44&geo=ALL&rank=ALL&start=2020-01-01&end=2026-05-01,2026-06-15T22:17:28.655795Z
2021-02-01,Tilda,CMS/ecommerce/builder,Hosted website builder,#a855f7,6445,9827,16272,ALL,ALL,HTTP Archive Technology Report API adoption endpoint,https://cdn.httparchive.org/v1/adoption?technology=ALL%2CWordPress%2CShopify%2CWix%2CSquarespace%2CWebflow%2CDuda%2CTilda%2CNext.js%2CNuxt.js%2CAstro%2CGatsby%2CHugo%2CJekyll%2CEleventy%2CVercel%2CNetlify%2CGitHub+Pages%2CFramer+Sites%2CLovable%2CBase44&geo=ALL&rank=ALL&start=2020-01-01&end=2026-05-01,2026-06-15T22:17:28.655795Z
2021-02-01,Vercel,Deployment surface,Frontend cloud/PaaS often paired with Next.js,#000000,3312,2690,6002,ALL,ALL,HTTP Archive Technology Report API adoption endpoint,https://cdn.httparchive.org/v1/adoption?technology=ALL%2CWordPress%2CShopify%2CWix%2CSquarespace%2CWebflow%2CDuda%2CTilda%2CNext.js%2CNuxt.js%2CAstro%2CGatsby%2CHugo%2CJekyll%2CEleventy%2CVercel%2CNetlify%2CGitHub+Pages%2CFramer+Sites%2CLovable%2CBase44&geo=ALL&rank=ALL&start=2020-01-01&end=2026-05-01,2026-06-15T22:17:28.655795Z
2021-02-01,Webflow,CMS/ecommerce/builder,Visual website builder/CMS,#0891b2,12795,11476,24271,ALL,ALL,HTTP Archive Technology Report API adoption endpoint,https://cdn.httparchive.org/v1/adoption?technology=ALL%2CWordPress%2CShopify%2CWix%2CSquarespace%2CWebflow%2CDuda%2CTilda%2CNext.js%2CNuxt.js%2CAstro%2CGatsby%2CHugo%2CJekyll%2CEleventy%2CVercel%2CNetlify%2CGitHub+Pages%2CFramer+Sites%2CLovable%2CBase44&geo=ALL&rank=ALL&start=2020-01-01&end=2026-05-01,2026-06-15T22:17:28.655795Z
2021-02-01,Wix,CMS/ecommerce/builder,Hosted website builder,#f59e0b,42470,65183,107653,ALL,ALL,HTTP Archive Technology Report API adoption endpoint,https://cdn.httparchive.org/v1/adoption?technology=ALL%2CWordPress%2CShopify%2CWix%2CSquarespace%2CWebflow%2CDuda%2CTilda%2CNext.js%2CNuxt.js%2CAstro%2CGatsby%2CHugo%2CJekyll%2CEleventy%2CVercel%2CNetlify%2CGitHub+Pages%2CFramer+Sites%2CLovable%2CBase44&geo=ALL&rank=ALL&start=2020-01-01&end=2026-05-01,2026-06-15T22:17:28.655795Z
2021-02-01,WordPress,CMS/ecommerce/builder,Open-source CMS,#2563eb,1568498,1803729,3372227,ALL,ALL,HTTP Archive Technology Report API adoption endpoint,https://cdn.httparchive.org/v1/adoption?technology=ALL%2CWordPress%2CShopify%2CWix%2CSquarespace%2CWebflow%2CDuda%2CTilda%2CNext.js%2CNuxt.js%2CAstro%2CGatsby%2CHugo%2CJekyll%2CEleventy%2CVercel%2CNetlify%2CGitHub+Pages%2CFramer+Sites%2CLovable%2CBase44&geo=ALL&rank=ALL&start=2020-01-01&end=2026-05-01,2026-06-15T22:17:28.655795Z
2021-03-01,ALL,All origins,All HTTP Archive crawl origins,#0f172a,5296825,5817044,11113869,ALL,ALL,HTTP Archive Technology Report API adoption endpoint,https://cdn.httparchive.org/v1/adoption?technology=ALL%2CWordPress%2CShopify%2CWix%2CSquarespace%2CWebflow%2CDuda%2CTilda%2CNext.js%2CNuxt.js%2CAstro%2CGatsby%2CHugo%2CJekyll%2CEleventy%2CVercel%2CNetlify%2CGitHub+Pages%2CFramer+Sites%2CLovable%2CBase44&geo=ALL&rank=ALL&start=2020-01-01&end=2026-05-01,2026-06-15T22:17:28.655795Z
2021-03-01,Duda,CMS/ecommerce/builder,Hosted website builder,#dc2626,7090,13583,20673,ALL,ALL,HTTP Archive Technology Report API adoption endpoint,https://cdn.httparchive.org/v1/adoption?technology=ALL%2CWordPress%2CShopify%2CWix%2CSquarespace%2CWebflow%2CDuda%2CTilda%2CNext.js%2CNuxt.js%2CAstro%2CGatsby%2CHugo%2CJekyll%2CEleventy%2CVercel%2CNetlify%2CGitHub+Pages%2CFramer+Sites%2CLovable%2CBase44&geo=ALL&rank=ALL&start=2020-01-01&end=2026-05-01,2026-06-15T22:17:28.655795Z
2021-03-01,Gatsby,Static/app framework,React static site generator,#663399,8742,7560,16302,ALL,ALL,HTTP Archive Technology Report API adoption endpoint,https://cdn.httparchive.org/v1/adoption?technology=ALL%2CWordPress%2CShopify%2CWix%2CSquarespace%2CWebflow%2CDuda%2CTilda%2CNext.js%2CNuxt.js%2CAstro%2CGatsby%2CHugo%2CJekyll%2CEleventy%2CVercel%2CNetlify%2CGitHub+Pages%2CFramer+Sites%2CLovable%2CBase44&geo=ALL&rank=ALL&start=2020-01-01&end=2026-05-01,2026-06-15T22:17:28.655795Z
2021-03-01,GitHub Pages,Deployment surface,Static hosting platform,#6e7781,15046,7450,22496,ALL,ALL,HTTP Archive Technology Report API adoption endpoint,https://cdn.httparchive.org/v1/adoption?technology=ALL%2CWordPress%2CShopify%2CWix%2CSquarespace%2CWebflow%2CDuda%2CTilda%2CNext.js%2CNuxt.js%2CAstro%2CGatsby%2CHugo%2CJekyll%2CEleventy%2CVercel%2CNetlify%2CGitHub+Pages%2CFramer+Sites%2CLovable%2CBase44&geo=ALL&rank=ALL&start=2020-01-01&end=2026-05-01,2026-06-15T22:17:28.655795Z
2021-03-01,Hugo,Static/app framework,Static site generator,#ff4088,2,1,3,ALL,ALL,HTTP Archive Technology Report API adoption endpoint,https://cdn.httparchive.org/v1/adoption?technology=ALL%2CWordPress%2CShopify%2CWix%2CSquarespace%2CWebflow%2CDuda%2CTilda%2CNext.js%2CNuxt.js%2CAstro%2CGatsby%2CHugo%2CJekyll%2CEleventy%2CVercel%2CNetlify%2CGitHub+Pages%2CFramer+Sites%2CLovable%2CBase44&geo=ALL&rank=ALL&start=2020-01-01&end=2026-05-01,2026-06-15T22:17:28.655795Z
2021-03-01,Jekyll,Static/app framework,Static site generator,#cc0000,2658,1343,4001,ALL,ALL,HTTP Archive Technology Report API adoption endpoint,https://cdn.httparchive.org/v1/adoption?technology=ALL%2CWordPress%2CShopify%2CWix%2CSquarespace%2CWebflow%2CDuda%2CTilda%2CNext.js%2CNuxt.js%2CAstro%2CGatsby%2CHugo%2CJekyll%2CEleventy%2CVercel%2CNetlify%2CGitHub+Pages%2CFramer+Sites%2CLovable%2CBase44&geo=ALL&rank=ALL&start=2020-01-01&end=2026-05-01,2026-06-15T22:17:28.655795Z
2021-03-01,Netlify,Deployment surface,Static/app deployment platform,#00ad9f,12726,10700,23426,ALL,ALL,HTTP Archive Technology Report API adoption endpoint,https://cdn.httparchive.org/v1/adoption?technology=ALL%2CWordPress%2CShopify%2CWix%2CSquarespace%2CWebflow%2CDuda%2CTilda%2CNext.js%2CNuxt.js%2CAstro%2CGatsby%2CHugo%2CJekyll%2CEleventy%2CVercel%2CNetlify%2CGitHub+Pages%2CFramer+Sites%2CLovable%2CBase44&geo=ALL&rank=ALL&start=2020-01-01&end=2026-05-01,2026-06-15T22:17:28.655795Z
2021-03-01,Next.js,Static/app framework,React app framework and static/hybrid generator,#111827,8231,8340,16571,ALL,ALL,HTTP Archive Technology Report API adoption endpoint,https://cdn.httparchive.org/v1/adoption?technology=ALL%2CWordPress%2CShopify%2CWix%2CSquarespace%2CWebflow%2CDuda%2CTilda%2CNext.js%2CNuxt.js%2CAstro%2CGatsby%2CHugo%2CJekyll%2CEleventy%2CVercel%2CNetlify%2CGitHub+Pages%2CFramer+Sites%2CLovable%2CBase44&geo=ALL&rank=ALL&start=2020-01-01&end=2026-05-01,2026-06-15T22:17:28.655795Z
2021-03-01,Nuxt.js,Static/app framework,Vue app framework and static/hybrid generator,#00dc82,13757,13526,27283,ALL,ALL,HTTP Archive Technology Report API adoption endpoint,https://cdn.httparchive.org/v1/adoption?technology=ALL%2CWordPress%2CShopify%2CWix%2CSquarespace%2CWebflow%2CDuda%2CTilda%2CNext.js%2CNuxt.js%2CAstro%2CGatsby%2CHugo%2CJekyll%2CEleventy%2CVercel%2CNetlify%2CGitHub+Pages%2CFramer+Sites%2CLovable%2CBase44&geo=ALL&rank=ALL&start=2020-01-01&end=2026-05-01,2026-06-15T22:17:28.655795Z
2021-03-01,Shopify,CMS/ecommerce/builder,Hosted ecommerce,#16a34a,147313,157051,304364,ALL,ALL,HTTP Archive Technology Report API adoption endpoint,https://cdn.httparchive.org/v1/adoption?technology=ALL%2CWordPress%2CShopify%2CWix%2CSquarespace%2CWebflow%2CDuda%2CTilda%2CNext.js%2CNuxt.js%2CAstro%2CGatsby%2CHugo%2CJekyll%2CEleventy%2CVercel%2CNetlify%2CGitHub+Pages%2CFramer+Sites%2CLovable%2CBase44&geo=ALL&rank=ALL&start=2020-01-01&end=2026-05-01,2026-06-15T22:17:28.655795Z
2021-03-01,Squarespace,CMS/ecommerce/builder,Hosted website builder,#64748b,57934,52543,110477,ALL,ALL,HTTP Archive Technology Report API adoption endpoint,https://cdn.httparchive.org/v1/adoption?technology=ALL%2CWordPress%2CShopify%2CWix%2CSquarespace%2CWebflow%2CDuda%2CTilda%2CNext.js%2CNuxt.js%2CAstro%2CGatsby%2CHugo%2CJekyll%2CEleventy%2CVercel%2CNetlify%2CGitHub+Pages%2CFramer+Sites%2CLovable%2CBase44&geo=ALL&rank=ALL&start=2020-01-01&end=2026-05-01,2026-06-15T22:17:28.655795Z
2021-03-01,Tilda,CMS/ecommerce/builder,Hosted website builder,#a855f7,6866,11105,17971,ALL,ALL,HTTP Archive Technology Report API adoption endpoint,https://cdn.httparchive.org/v1/adoption?technology=ALL%2CWordPress%2CShopify%2CWix%2CSquarespace%2CWebflow%2CDuda%2CTilda%2CNext.js%2CNuxt.js%2CAstro%2CGatsby%2CHugo%2CJekyll%2CEleventy%2CVercel%2CNetlify%2CGitHub+Pages%2CFramer+Sites%2CLovable%2CBase44&geo=ALL&rank=ALL&start=2020-01-01&end=2026-05-01,2026-06-15T22:17:28.655795Z
2021-03-01,Vercel,Deployment surface,Frontend cloud/PaaS often paired with Next.js,#000000,3794,3296,7090,ALL,ALL,HTTP Archive Technology Report API adoption endpoint,https://cdn.httparchive.org/v1/adoption?technology=ALL%2CWordPress%2CShopify%2CWix%2CSquarespace%2CWebflow%2CDuda%2CTilda%2CNext.js%2CNuxt.js%2CAstro%2CGatsby%2CHugo%2CJekyll%2CEleventy%2CVercel%2CNetlify%2CGitHub+Pages%2CFramer+Sites%2CLovable%2CBase44&geo=ALL&rank=ALL&start=2020-01-01&end=2026-05-01,2026-06-15T22:17:28.655795Z
2021-03-01,Webflow,CMS/ecommerce/builder,Visual website builder/CMS,#0891b2,14705,12782,27487,ALL,ALL,HTTP Archive Technology Report API adoption endpoint,https://cdn.httparchive.org/v1/adoption?technology=ALL%2CWordPress%2CShopify%2CWix%2CSquarespace%2CWebflow%2CDuda%2CTilda%2CNext.js%2CNuxt.js%2CAstro%2CGatsby%2CHugo%2CJekyll%2CEleventy%2CVercel%2CNetlify%2CGitHub+Pages%2CFramer+Sites%2CLovable%2CBase44&geo=ALL&rank=ALL&start=2020-01-01&end=2026-05-01,2026-06-15T22:17:28.655795Z
2021-03-01,Wix,CMS/ecommerce/builder,Hosted website builder,#f59e0b,49297,71774,121071,ALL,ALL,HTTP Archive Technology Report API adoption endpoint,https://cdn.httparchive.org/v1/adoption?technology=ALL%2CWordPress%2CShopify%2CWix%2CSquarespace%2CWebflow%2CDuda%2CTilda%2CNext.js%2CNuxt.js%2CAstro%2CGatsby%2CHugo%2CJekyll%2CEleventy%2CVercel%2CNetlify%2CGitHub+Pages%2CFramer+Sites%2CLovable%2CBase44&geo=ALL&rank=ALL&start=2020-01-01&end=2026-05-01,2026-06-15T22:17:28.655795Z
2021-03-01,WordPress,CMS/ecommerce/builder,Open-source CMS,#2563eb,1711792,1924142,3635934,ALL,ALL,HTTP Archive Technology Report API adoption endpoint,https://cdn.httparchive.org/v1/adoption?technology=ALL%2CWordPress%2CShopify%2CWix%2CSquarespace%2CWebflow%2CDuda%2CTilda%2CNext.js%2CNuxt.js%2CAstro%2CGatsby%2CHugo%2CJekyll%2CEleventy%2CVercel%2CNetlify%2CGitHub+Pages%2CFramer+Sites%2CLovable%2CBase44&geo=ALL&rank=ALL&start=2020-01-01&end=2026-05-01,2026-06-15T22:17:28.655795Z
2021-04-01,ALL,All origins,All HTTP Archive crawl origins,#0f172a,5131859,5618750,10750609,ALL,ALL,HTTP Archive Technology Report API adoption endpoint,https://cdn.httparchive.org/v1/adoption?technology=ALL%2CWordPress%2CShopify%2CWix%2CSquarespace%2CWebflow%2CDuda%2CTilda%2CNext.js%2CNuxt.js%2CAstro%2CGatsby%2CHugo%2CJekyll%2CEleventy%2CVercel%2CNetlify%2CGitHub+Pages%2CFramer+Sites%2CLovable%2CBase44&geo=ALL&rank=ALL&start=2020-01-01&end=2026-05-01,2026-06-15T22:17:28.655795Z
2021-04-01,Duda,CMS/ecommerce/builder,Hosted website builder,#dc2626,6922,13049,19971,ALL,ALL,HTTP Archive Technology Report API adoption endpoint,https://cdn.httparchive.org/v1/adoption?technology=ALL%2CWordPress%2CShopify%2CWix%2CSquarespace%2CWebflow%2CDuda%2CTilda%2CNext.js%2CNuxt.js%2CAstro%2CGatsby%2CHugo%2CJekyll%2CEleventy%2CVercel%2CNetlify%2CGitHub+Pages%2CFramer+Sites%2CLovable%2CBase44&geo=ALL&rank=ALL&start=2020-01-01&end=2026-05-01,2026-06-15T22:17:28.655795Z
2021-04-01,Gatsby,Static/app framework,React static site generator,#663399,8623,7459,16082,ALL,ALL,HTTP Archive Technology Report API adoption endpoint,https://cdn.httparchive.org/v1/adoption?technology=ALL%2CWordPress%2CShopify%2CWix%2CSquarespace%2CWebflow%2CDuda%2CTilda%2CNext.js%2CNuxt.js%2CAstro%2CGatsby%2CHugo%2CJekyll%2CEleventy%2CVercel%2CNetlify%2CGitHub+Pages%2CFramer+Sites%2CLovable%2CBase44&geo=ALL&rank=ALL&start=2020-01-01&end=2026-05-01,2026-06-15T22:17:28.655795Z
2021-04-01,GitHub Pages,Deployment surface,Static hosting platform,#6e7781,14685,7217,21902,ALL,ALL,HTTP Archive Technology Report API adoption endpoint,https://cdn.httparchive.org/v1/adoption?technology=ALL%2CWordPress%2CShopify%2CWix%2CSquarespace%2CWebflow%2CDuda%2CTilda%2CNext.js%2CNuxt.js%2CAstro%2CGatsby%2CHugo%2CJekyll%2CEleventy%2CVercel%2CNetlify%2CGitHub+Pages%2CFramer+Sites%2CLovable%2CBase44&geo=ALL&rank=ALL&start=2020-01-01&end=2026-05-01,2026-06-15T22:17:28.655795Z
2021-04-01,Hugo,Static/app framework,Static site generator,#ff4088,2,0,2,ALL,ALL,HTTP Archive Technology Report API adoption endpoint,https://cdn.httparchive.org/v1/adoption?technology=ALL%2CWordPress%2CShopify%2CWix%2CSquarespace%2CWebflow%2CDuda%2CTilda%2CNext.js%2CNuxt.js%2CAstro%2CGatsby%2CHugo%2CJekyll%2CEleventy%2CVercel%2CNetlify%2CGitHub+Pages%2CFramer+Sites%2CLovable%2CBase44&geo=ALL&rank=ALL&start=2020-01-01&end=2026-05-01,2026-06-15T22:17:28.655795Z
2021-04-01,Jekyll,Static/app framework,Static site generator,#cc0000,2619,1301,3920,ALL,ALL,HTTP Archive Technology Report API adoption endpoint,https://cdn.httparchive.org/v1/adoption?technology=ALL%2CWordPress%2CShopify%2CWix%2CSquarespace%2CWebflow%2CDuda%2CTilda%2CNext.js%2CNuxt.js%2CAstro%2CGatsby%2CHugo%2CJekyll%2CEleventy%2CVercel%2CNetlify%2CGitHub+Pages%2CFramer+Sites%2CLovable%2CBase44&geo=ALL&rank=ALL&start=2020-01-01&end=2026-05-01,2026-06-15T22:17:28.655795Z
2021-04-01,Netlify,Deployment surface,Static/app deployment platform,#00ad9f,12303,10295,22598,ALL,ALL,HTTP Archive Technology Report API adoption endpoint,https://cdn.httparchive.org/v1/adoption?technology=ALL%2CWordPress%2CShopify%2CWix%2CSquarespace%2CWebflow%2CDuda%2CTilda%2CNext.js%2CNuxt.js%2CAstro%2CGatsby%2CHugo%2CJekyll%2CEleventy%2CVercel%2CNetlify%2CGitHub+Pages%2CFramer+Sites%2CLovable%2CBase44&geo=ALL&rank=ALL&start=2020-01-01&end=2026-05-01,2026-06-15T22:17:28.655795Z
2021-04-01,Next.js,Static/app framework,React app framework and static/hybrid generator,#111827,8375,8435,16810,ALL,ALL,HTTP Archive Technology Report API adoption endpoint,https://cdn.httparchive.org/v1/adoption?technology=ALL%2CWordPress%2CShopify%2CWix%2CSquarespace%2CWebflow%2CDuda%2CTilda%2CNext.js%2CNuxt.js%2CAstro%2CGatsby%2CHugo%2CJekyll%2CEleventy%2CVercel%2CNetlify%2CGitHub+Pages%2CFramer+Sites%2CLovable%2CBase44&geo=ALL&rank=ALL&start=2020-01-01&end=2026-05-01,2026-06-15T22:17:28.655795Z
2021-04-01,Nuxt.js,Static/app framework,Vue app framework and static/hybrid generator,#00dc82,13843,13584,27427,ALL,ALL,HTTP Archive Technology Report API adoption endpoint,https://cdn.httparchive.org/v1/adoption?technology=ALL%2CWordPress%2CShopify%2CWix%2CSquarespace%2CWebflow%2CDuda%2CTilda%2CNext.js%2CNuxt.js%2CAstro%2CGatsby%2CHugo%2CJekyll%2CEleventy%2CVercel%2CNetlify%2CGitHub+Pages%2CFramer+Sites%2CLovable%2CBase44&geo=ALL&rank=ALL&start=2020-01-01&end=2026-05-01,2026-06-15T22:17:28.655795Z
2021-04-01,Shopify,CMS/ecommerce/builder,Hosted ecommerce,#16a34a,143655,152525,296180,ALL,ALL,HTTP Archive Technology Report API adoption endpoint,https://cdn.httparchive.org/v1/adoption?technology=ALL%2CWordPress%2CShopify%2CWix%2CSquarespace%2CWebflow%2CDuda%2CTilda%2CNext.js%2CNuxt.js%2CAstro%2CGatsby%2CHugo%2CJekyll%2CEleventy%2CVercel%2CNetlify%2CGitHub+Pages%2CFramer+Sites%2CLovable%2CBase44&geo=ALL&rank=ALL&start=2020-01-01&end=2026-05-01,2026-06-15T22:17:28.655795Z
2021-04-01,Squarespace,CMS/ecommerce/builder,Hosted website builder,#64748b,55991,50873,106864,ALL,ALL,HTTP Archive Technology Report API adoption endpoint,https://cdn.httparchive.org/v1/adoption?technology=ALL%2CWordPress%2CShopify%2CWix%2CSquarespace%2CWebflow%2CDuda%2CTilda%2CNext.js%2CNuxt.js%2CAstro%2CGatsby%2CHugo%2CJekyll%2CEleventy%2CVercel%2CNetlify%2CGitHub+Pages%2CFramer+Sites%2CLovable%2CBase44&geo=ALL&rank=ALL&start=2020-01-01&end=2026-05-01,2026-06-15T22:17:28.655795Z
2021-04-01,Tilda,CMS/ecommerce/builder,Hosted website builder,#a855f7,6430,10268,16698,ALL,ALL,HTTP Archive Technology Report API adoption endpoint,https://cdn.httparchive.org/v1/adoption?technology=ALL%2CWordPress%2CShopify%2CWix%2CSquarespace%2CWebflow%2CDuda%2CTilda%2CNext.js%2CNuxt.js%2CAstro%2CGatsby%2CHugo%2CJekyll%2CEleventy%2CVercel%2CNetlify%2CGitHub+Pages%2CFramer+Sites%2CLovable%2CBase44&geo=ALL&rank=ALL&start=2020-01-01&end=2026-05-01,2026-06-15T22:17:28.655795Z
2021-04-01,Vercel,Deployment surface,Frontend cloud/PaaS often paired with Next.js,#000000,3747,3257,7004,ALL,ALL,HTTP Archive Technology Report API adoption endpoint,https://cdn.httparchive.org/v1/adoption?technology=ALL%2CWordPress%2CShopify%2CWix%2CSquarespace%2CWebflow%2CDuda%2CTilda%2CNext.js%2CNuxt.js%2CAstro%2CGatsby%2CHugo%2CJekyll%2CEleventy%2CVercel%2CNetlify%2CGitHub+Pages%2CFramer+Sites%2CLovable%2CBase44&geo=ALL&rank=ALL&start=2020-01-01&end=2026-05-01,2026-06-15T22:17:28.655795Z
2021-04-01,Webflow,CMS/ecommerce/builder,Visual website builder/CMS,#0891b2,14391,12577,26968,ALL,ALL,HTTP Archive Technology Report API adoption endpoint,https://cdn.httparchive.org/v1/adoption?technology=ALL%2CWordPress%2CShopify%2CWix%2CSquarespace%2CWebflow%2CDuda%2CTilda%2CNext.js%2CNuxt.js%2CAstro%2CGatsby%2CHugo%2CJekyll%2CEleventy%2CVercel%2CNetlify%2CGitHub+Pages%2CFramer+Sites%2CLovable%2CBase44&geo=ALL&rank=ALL&start=2020-01-01&end=2026-05-01,2026-06-15T22:17:28.655795Z
2021-04-01,Wix,CMS/ecommerce/builder,Hosted website builder,#f59e0b,46751,68794,115545,ALL,ALL,HTTP Archive Technology Report API adoption endpoint,https://cdn.httparchive.org/v1/adoption?technology=ALL%2CWordPress%2CShopify%2CWix%2CSquarespace%2CWebflow%2CDuda%2CTilda%2CNext.js%2CNuxt.js%2CAstro%2CGatsby%2CHugo%2CJekyll%2CEleventy%2CVercel%2CNetlify%2CGitHub+Pages%2CFramer+Sites%2CLovable%2CBase44&geo=ALL&rank=ALL&start=2020-01-01&end=2026-05-01,2026-06-15T22:17:28.655795Z
2021-04-01,WordPress,CMS/ecommerce/builder,Open-source CMS,#2563eb,1663748,1866030,3529778,ALL,ALL,HTTP Archive Technology Report API adoption endpoint,https://cdn.httparchive.org/v1/adoption?technology=ALL%2CWordPress%2CShopify%2CWix%2CSquarespace%2CWebflow%2CDuda%2CTilda%2CNext.js%2CNuxt.js%2CAstro%2CGatsby%2CHugo%2CJekyll%2CEleventy%2CVercel%2CNetlify%2CGitHub+Pages%2CFramer+Sites%2CLovable%2CBase44&geo=ALL&rank=ALL&start=2020-01-01&end=2026-05-01,2026-06-15T22:17:28.655795Z
2021-05-01,ALL,All origins,All HTTP Archive crawl origins,#0f172a,5298210,5869659,11167869,ALL,ALL,HTTP Archive Technology Report API adoption endpoint,https://cdn.httparchive.org/v1/adoption?technology=ALL%2CWordPress%2CShopify%2CWix%2CSquarespace%2CWebflow%2CDuda%2CTilda%2CNext.js%2CNuxt.js%2CAstro%2CGatsby%2CHugo%2CJekyll%2CEleventy%2CVercel%2CNetlify%2CGitHub+Pages%2CFramer+Sites%2CLovable%2CBase44&geo=ALL&rank=ALL&start=2020-01-01&end=2026-05-01,2026-06-15T22:17:28.655795Z
2021-05-01,Duda,CMS/ecommerce/builder,Hosted website builder,#dc2626,8011,15660,23671,ALL,ALL,HTTP Archive Technology Report API adoption endpoint,https://cdn.httparchive.org/v1/adoption?technology=ALL%2CWordPress%2CShopify%2CWix%2CSquarespace%2CWebflow%2CDuda%2CTilda%2CNext.js%2CNuxt.js%2CAstro%2CGatsby%2CHugo%2CJekyll%2CEleventy%2CVercel%2CNetlify%2CGitHub+Pages%2CFramer+Sites%2CLovable%2CBase44&geo=ALL&rank=ALL&start=2020-01-01&end=2026-05-01,2026-06-15T22:17:28.655795Z
2021-05-01,Gatsby,Static/app framework,React static site generator,#663399,9045,7998,17043,ALL,ALL,HTTP Archive Technology Report API adoption endpoint,https://cdn.httparchive.org/v1/adoption?technology=ALL%2CWordPress%2CShopify%2CWix%2CSquarespace%2CWebflow%2CDuda%2CTilda%2CNext.js%2CNuxt.js%2CAstro%2CGatsby%2CHugo%2CJekyll%2CEleventy%2CVercel%2CNetlify%2CGitHub+Pages%2CFramer+Sites%2CLovable%2CBase44&geo=ALL&rank=ALL&start=2020-01-01&end=2026-05-01,2026-06-15T22:17:28.655795Z
2021-05-01,GitHub Pages,Deployment surface,Static hosting platform,#6e7781,15043,7677,22720,ALL,ALL,HTTP Archive Technology Report API adoption endpoint,https://cdn.httparchive.org/v1/adoption?technology=ALL%2CWordPress%2CShopify%2CWix%2CSquarespace%2CWebflow%2CDuda%2CTilda%2CNext.js%2CNuxt.js%2CAstro%2CGatsby%2CHugo%2CJekyll%2CEleventy%2CVercel%2CNetlify%2CGitHub+Pages%2CFramer+Sites%2CLovable%2CBase44&geo=ALL&rank=ALL&start=2020-01-01&end=2026-05-01,2026-06-15T22:17:28.655795Z
2021-05-01,Hugo,Static/app framework,Static site generator,#ff4088,2,1,3,ALL,ALL,HTTP Archive Technology Report API adoption endpoint,https://cdn.httparchive.org/v1/adoption?technology=ALL%2CWordPress%2CShopify%2CWix%2CSquarespace%2CWebflow%2CDuda%2CTilda%2CNext.js%2CNuxt.js%2CAstro%2CGatsby%2CHugo%2CJekyll%2CEleventy%2CVercel%2CNetlify%2CGitHub+Pages%2CFramer+Sites%2CLovable%2CBase44&geo=ALL&rank=ALL&start=2020-01-01&end=2026-05-01,2026-06-15T22:17:28.655795Z
2021-05-01,Jekyll,Static/app framework,Static site generator,#cc0000,2687,1374,4061,ALL,ALL,HTTP Archive Technology Report API adoption endpoint,https://cdn.httparchive.org/v1/adoption?technology=ALL%2CWordPress%2CShopify%2CWix%2CSquarespace%2CWebflow%2CDuda%2CTilda%2CNext.js%2CNuxt.js%2CAstro%2CGatsby%2CHugo%2CJekyll%2CEleventy%2CVercel%2CNetlify%2CGitHub+Pages%2CFramer+Sites%2CLovable%2CBase44&geo=ALL&rank=ALL&start=2020-01-01&end=2026-05-01,2026-06-15T22:17:28.655795Z
2021-05-01,Netlify,Deployment surface,Static/app deployment platform,#00ad9f,13125,11296,24421,ALL,ALL,HTTP Archive Technology Report API adoption endpoint,https://cdn.httparchive.org/v1/adoption?technology=ALL%2CWordPress%2CShopify%2CWix%2CSquarespace%2CWebflow%2CDuda%2CTilda%2CNext.js%2CNuxt.js%2CAstro%2CGatsby%2CHugo%2CJekyll%2CEleventy%2CVercel%2CNetlify%2CGitHub+Pages%2CFramer+Sites%2CLovable%2CBase44&geo=ALL&rank=ALL&start=2020-01-01&end=2026-05-01,2026-06-15T22:17:28.655795Z
2021-05-01,Next.js,Static/app framework,React app framework and static/hybrid generator,#111827,9430,9614,19044,ALL,ALL,HTTP Archive Technology Report API adoption endpoint,https://cdn.httparchive.org/v1/adoption?technology=ALL%2CWordPress%2CShopify%2CWix%2CSquarespace%2CWebflow%2CDuda%2CTilda%2CNext.js%2CNuxt.js%2CAstro%2CGatsby%2CHugo%2CJekyll%2CEleventy%2CVercel%2CNetlify%2CGitHub+Pages%2CFramer+Sites%2CLovable%2CBase44&geo=ALL&rank=ALL&start=2020-01-01&end=2026-05-01,2026-06-15T22:17:28.655795Z
2021-05-01,Nuxt.js,Static/app framework,Vue app framework and static/hybrid generator,#00dc82,15125,15069,30194,ALL,ALL,HTTP Archive Technology Report API adoption endpoint,https://cdn.httparchive.org/v1/adoption?technology=ALL%2CWordPress%2CShopify%2CWix%2CSquarespace%2CWebflow%2CDuda%2CTilda%2CNext.js%2CNuxt.js%2CAstro%2CGatsby%2CHugo%2CJekyll%2CEleventy%2CVercel%2CNetlify%2CGitHub+Pages%2CFramer+Sites%2CLovable%2CBase44&geo=ALL&rank=ALL&start=2020-01-01&end=2026-05-01,2026-06-15T22:17:28.655795Z
2021-05-01,Shopify,CMS/ecommerce/builder,Hosted ecommerce,#16a34a,148829,158626,307455,ALL,ALL,HTTP Archive Technology Report API adoption endpoint,https://cdn.httparchive.org/v1/adoption?technology=ALL%2CWordPress%2CShopify%2CWix%2CSquarespace%2CWebflow%2CDuda%2CTilda%2CNext.js%2CNuxt.js%2CAstro%2CGatsby%2CHugo%2CJekyll%2CEleventy%2CVercel%2CNetlify%2CGitHub+Pages%2CFramer+Sites%2CLovable%2CBase44&geo=ALL&rank=ALL&start=2020-01-01&end=2026-05-01,2026-06-15T22:17:28.655795Z
2021-05-01,Squarespace,CMS/ecommerce/builder,Hosted website builder,#64748b,60316,56574,116890,ALL,ALL,HTTP Archive Technology Report API adoption endpoint,https://cdn.httparchive.org/v1/adoption?technology=ALL%2CWordPress%2CShopify%2CWix%2CSquarespace%2CWebflow%2CDuda%2CTilda%2CNext.js%2CNuxt.js%2CAstro%2CGatsby%2CHugo%2CJekyll%2CEleventy%2CVercel%2CNetlify%2CGitHub+Pages%2CFramer+Sites%2CLovable%2CBase44&geo=ALL&rank=ALL&start=2020-01-01&end=2026-05-01,2026-06-15T22:17:28.655795Z
2021-05-01,Tilda,CMS/ecommerce/builder,Hosted website builder,#a855f7,7018,11248,18266,ALL,ALL,HTTP Archive Technology Report API adoption endpoint,https://cdn.httparchive.org/v1/adoption?technology=ALL%2CWordPress%2CShopify%2CWix%2CSquarespace%2CWebflow%2CDuda%2CTilda%2CNext.js%2CNuxt.js%2CAstro%2CGatsby%2CHugo%2CJekyll%2CEleventy%2CVercel%2CNetlify%2CGitHub+Pages%2CFramer+Sites%2CLovable%2CBase44&geo=ALL&rank=ALL&start=2020-01-01&end=2026-05-01,2026-06-15T22:17:28.655795Z
2021-05-01,Vercel,Deployment surface,Frontend cloud/PaaS often paired with Next.js,#000000,4490,4142,8632,ALL,ALL,HTTP Archive Technology Report API adoption endpoint,https://cdn.httparchive.org/v1/adoption?technology=ALL%2CWordPress%2CShopify%2CWix%2CSquarespace%2CWebflow%2CDuda%2CTilda%2CNext.js%2CNuxt.js%2CAstro%2CGatsby%2CHugo%2CJekyll%2CEleventy%2CVercel%2CNetlify%2CGitHub+Pages%2CFramer+Sites%2CLovable%2CBase44&geo=ALL&rank=ALL&start=2020-01-01&end=2026-05-01,2026-06-15T22:17:28.655795Z
2021-05-01,Webflow,CMS/ecommerce/builder,Visual website builder/CMS,#0891b2,15710,14176,29886,ALL,ALL,HTTP Archive Technology Report API adoption endpoint,https://cdn.httparchive.org/v1/adoption?technology=ALL%2CWordPress%2CShopify%2CWix%2CSquarespace%2CWebflow%2CDuda%2CTilda%2CNext.js%2CNuxt.js%2CAstro%2CGatsby%2CHugo%2CJekyll%2CEleventy%2CVercel%2CNetlify%2CGitHub+Pages%2CFramer+Sites%2CLovable%2CBase44&geo=ALL&rank=ALL&start=2020-01-01&end=2026-05-01,2026-06-15T22:17:28.655795Z
2021-05-01,Wix,CMS/ecommerce/builder,Hosted website builder,#f59e0b,54604,78393,132997,ALL,ALL,HTTP Archive Technology Report API adoption endpoint,https://cdn.httparchive.org/v1/adoption?technology=ALL%2CWordPress%2CShopify%2CWix%2CSquarespace%2CWebflow%2CDuda%2CTilda%2CNext.js%2CNuxt.js%2CAstro%2CGatsby%2CHugo%2CJekyll%2CEleventy%2CVercel%2CNetlify%2CGitHub+Pages%2CFramer+Sites%2CLovable%2CBase44&geo=ALL&rank=ALL&start=2020-01-01&end=2026-05-01,2026-06-15T22:17:28.655795Z
2021-05-01,WordPress,CMS/ecommerce/builder,Open-source CMS,#2563eb,1731009,1967985,3698994,ALL,ALL,HTTP Archive Technology Report API adoption endpoint,https://cdn.httparchive.org/v1/adoption?technology=ALL%2CWordPress%2CShopify%2CWix%2CSquarespace%2CWebflow%2CDuda%2CTilda%2CNext.js%2CNuxt.js%2CAstro%2CGatsby%2CHugo%2CJekyll%2CEleventy%2CVercel%2CNetlify%2CGitHub+Pages%2CFramer+Sites%2CLovable%2CBase44&geo=ALL&rank=ALL&start=2020-01-01&end=2026-05-01,2026-06-15T22:17:28.655795Z
2021-06-01,ALL,All origins,All HTTP Archive crawl origins,#0f172a,5185547,5857374,11042921,ALL,ALL,HTTP Archive Technology Report API adoption endpoint,https://cdn.httparchive.org/v1/adoption?technology=ALL%2CWordPress%2CShopify%2CWix%2CSquarespace%2CWebflow%2CDuda%2CTilda%2CNext.js%2CNuxt.js%2CAstro%2CGatsby%2CHugo%2CJekyll%2CEleventy%2CVercel%2CNetlify%2CGitHub+Pages%2CFramer+Sites%2CLovable%2CBase44&geo=ALL&rank=ALL&start=2020-01-01&end=2026-05-01,2026-06-15T22:17:28.655795Z
2021-06-01,Duda,CMS/ecommerce/builder,Hosted website builder,#dc2626,13548,27652,41200,ALL,ALL,HTTP Archive Technology Report API adoption endpoint,https://cdn.httparchive.org/v1/adoption?technology=ALL%2CWordPress%2CShopify%2CWix%2CSquarespace%2CWebflow%2CDuda%2CTilda%2CNext.js%2CNuxt.js%2CAstro%2CGatsby%2CHugo%2CJekyll%2CEleventy%2CVercel%2CNetlify%2CGitHub+Pages%2CFramer+Sites%2CLovable%2CBase44&geo=ALL&rank=ALL&start=2020-01-01&end=2026-05-01,2026-06-15T22:17:28.655795Z
2021-06-01,Gatsby,Static/app framework,React static site generator,#663399,9133,8370,17503,ALL,ALL,HTTP Archive Technology Report API adoption endpoint,https://cdn.httparchive.org/v1/adoption?technology=ALL%2CWordPress%2CShopify%2CWix%2CSquarespace%2CWebflow%2CDuda%2CTilda%2CNext.js%2CNuxt.js%2CAstro%2CGatsby%2CHugo%2CJekyll%2CEleventy%2CVercel%2CNetlify%2CGitHub+Pages%2CFramer+Sites%2CLovable%2CBase44&geo=ALL&rank=ALL&start=2020-01-01&end=2026-05-01,2026-06-15T22:17:28.655795Z
2021-06-01,GitHub Pages,Deployment surface,Static hosting platform,#6e7781,14392,7568,21960,ALL,ALL,HTTP Archive Technology Report API adoption endpoint,https://cdn.httparchive.org/v1/adoption?technology=ALL%2CWordPress%2CShopify%2CWix%2CSquarespace%2CWebflow%2CDuda%2CTilda%2CNext.js%2CNuxt.js%2CAstro%2CGatsby%2CHugo%2CJekyll%2CEleventy%2CVercel%2CNetlify%2CGitHub+Pages%2CFramer+Sites%2CLovable%2CBase44&geo=ALL&rank=ALL&start=2020-01-01&end=2026-05-01,2026-06-15T22:17:28.655795Z
2021-06-01,Hugo,Static/app framework,Static site generator,#ff4088,409,989,1398,ALL,ALL,HTTP Archive Technology Report API adoption endpoint,https://cdn.httparchive.org/v1/adoption?technology=ALL%2CWordPress%2CShopify%2CWix%2CSquarespace%2CWebflow%2CDuda%2CTilda%2CNext.js%2CNuxt.js%2CAstro%2CGatsby%2CHugo%2CJekyll%2CEleventy%2CVercel%2CNetlify%2CGitHub+Pages%2CFramer+Sites%2CLovable%2CBase44&geo=ALL&rank=ALL&start=2020-01-01&end=2026-05-01,2026-06-15T22:17:28.655795Z
2021-06-01,Jekyll,Static/app framework,Static site generator,#cc0000,2655,1469,4124,ALL,ALL,HTTP Archive Technology Report API adoption endpoint,https://cdn.httparchive.org/v1/adoption?technology=ALL%2CWordPress%2CShopify%2CWix%2CSquarespace%2CWebflow%2CDuda%2CTilda%2CNext.js%2CNuxt.js%2CAstro%2CGatsby%2CHugo%2CJekyll%2CEleventy%2CVercel%2CNetlify%2CGitHub+Pages%2CFramer+Sites%2CLovable%2CBase44&geo=ALL&rank=ALL&start=2020-01-01&end=2026-05-01,2026-06-15T22:17:28.655795Z
2021-06-01,Netlify,Deployment surface,Static/app deployment platform,#00ad9f,13270,11558,24828,ALL,ALL,HTTP Archive Technology Report API adoption endpoint,https://cdn.httparchive.org/v1/adoption?technology=ALL%2CWordPress%2CShopify%2CWix%2CSquarespace%2CWebflow%2CDuda%2CTilda%2CNext.js%2CNuxt.js%2CAstro%2CGatsby%2CHugo%2CJekyll%2CEleventy%2CVercel%2CNetlify%2CGitHub+Pages%2CFramer+Sites%2CLovable%2CBase44&geo=ALL&rank=ALL&start=2020-01-01&end=2026-05-01,2026-06-15T22:17:28.655795Z
2021-06-01,Next.js,Static/app framework,React app framework and static/hybrid generator,#111827,10819,13384,24203,ALL,ALL,HTTP Archive Technology Report API adoption endpoint,https://cdn.httparchive.org/v1/adoption?technology=ALL%2CWordPress%2CShopify%2CWix%2CSquarespace%2CWebflow%2CDuda%2CTilda%2CNext.js%2CNuxt.js%2CAstro%2CGatsby%2CHugo%2CJekyll%2CEleventy%2CVercel%2CNetlify%2CGitHub+Pages%2CFramer+Sites%2CLovable%2CBase44&geo=ALL&rank=ALL&start=2020-01-01&end=2026-05-01,2026-06-15T22:17:28.655795Z
2021-06-01,Nuxt.js,Static/app framework,Vue app framework and static/hybrid generator,#00dc82,15479,15917,31396,ALL,ALL,HTTP Archive Technology Report API adoption endpoint,https://cdn.httparchive.org/v1/adoption?technology=ALL%2CWordPress%2CShopify%2CWix%2CSquarespace%2CWebflow%2CDuda%2CTilda%2CNext.js%2CNuxt.js%2CAstro%2CGatsby%2CHugo%2CJekyll%2CEleventy%2CVercel%2CNetlify%2CGitHub+Pages%2CFramer+Sites%2CLovable%2CBase44&geo=ALL&rank=ALL&start=2020-01-01&end=2026-05-01,2026-06-15T22:17:28.655795Z
2021-06-01,Shopify,CMS/ecommerce/builder,Hosted ecommerce,#16a34a,148305,159138,307443,ALL,ALL,HTTP Archive Technology Report API adoption endpoint,https://cdn.httparchive.org/v1/adoption?technology=ALL%2CWordPress%2CShopify%2CWix%2CSquarespace%2CWebflow%2CDuda%2CTilda%2CNext.js%2CNuxt.js%2CAstro%2CGatsby%2CHugo%2CJekyll%2CEleventy%2CVercel%2CNetlify%2CGitHub+Pages%2CFramer+Sites%2CLovable%2CBase44&geo=ALL&rank=ALL&start=2020-01-01&end=2026-05-01,2026-06-15T22:17:28.655795Z
2021-06-01,Squarespace,CMS/ecommerce/builder,Hosted website builder,#64748b,59511,57329,116840,ALL,ALL,HTTP Archive Technology Report API adoption endpoint,https://cdn.httparchive.org/v1/adoption?technology=ALL%2CWordPress%2CShopify%2CWix%2CSquarespace%2CWebflow%2CDuda%2CTilda%2CNext.js%2CNuxt.js%2CAstro%2CGatsby%2CHugo%2CJekyll%2CEleventy%2CVercel%2CNetlify%2CGitHub+Pages%2CFramer+Sites%2CLovable%2CBase44&geo=ALL&rank=ALL&start=2020-01-01&end=2026-05-01,2026-06-15T22:17:28.655795Z
2021-06-01,Tilda,CMS/ecommerce/builder,Hosted website builder,#a855f7,6964,11448,18412,ALL,ALL,HTTP Archive Technology Report API adoption endpoint,https://cdn.httparchive.org/v1/adoption?technology=ALL%2CWordPress%2CShopify%2CWix%2CSquarespace%2CWebflow%2CDuda%2CTilda%2CNext.js%2CNuxt.js%2CAstro%2CGatsby%2CHugo%2CJekyll%2CEleventy%2CVercel%2CNetlify%2CGitHub+Pages%2CFramer+Sites%2CLovable%2CBase44&geo=ALL&rank=ALL&start=2020-01-01&end=2026-05-01,2026-06-15T22:17:28.655795Z
2021-06-01,Vercel,Deployment surface,Frontend cloud/PaaS often paired with Next.js,#000000,4805,4495,9300,ALL,ALL,HTTP Archive Technology Report API adoption endpoint,https://cdn.httparchive.org/v1/adoption?technology=ALL%2CWordPress%2CShopify%2CWix%2CSquarespace%2CWebflow%2CDuda%2CTilda%2CNext.js%2CNuxt.js%2CAstro%2CGatsby%2CHugo%2CJekyll%2CEleventy%2CVercel%2CNetlify%2CGitHub+Pages%2CFramer+Sites%2CLovable%2CBase44&geo=ALL&rank=ALL&start=2020-01-01&end=2026-05-01,2026-06-15T22:17:28.655795Z
2021-06-01,Webflow,CMS/ecommerce/builder,Visual website builder/CMS,#0891b2,16332,15271,31603,ALL,ALL,HTTP Archive Technology Report API adoption endpoint,https://cdn.httparchive.org/v1/adoption?technology=ALL%2CWordPress%2CShopify%2CWix%2CSquarespace%2CWebflow%2CDuda%2CTilda%2CNext.js%2CNuxt.js%2CAstro%2CGatsby%2CHugo%2CJekyll%2CEleventy%2CVercel%2CNetlify%2CGitHub+Pages%2CFramer+Sites%2CLovable%2CBase44&geo=ALL&rank=ALL&start=2020-01-01&end=2026-05-01,2026-06-15T22:17:28.655795Z
2021-06-01,Wix,CMS/ecommerce/builder,Hosted website builder,#f59e0b,54201,81828,136029,ALL,ALL,HTTP Archive Technology Report API adoption endpoint,https://cdn.httparchive.org/v1/adoption?technology=ALL%2CWordPress%2CShopify%2CWix%2CSquarespace%2CWebflow%2CDuda%2CTilda%2CNext.js%2CNuxt.js%2CAstro%2CGatsby%2CHugo%2CJekyll%2CEleventy%2CVercel%2CNetlify%2CGitHub+Pages%2CFramer+Sites%2CLovable%2CBase44&geo=ALL&rank=ALL&start=2020-01-01&end=2026-05-01,2026-06-15T22:17:28.655795Z
2021-06-01,WordPress,CMS/ecommerce/builder,Open-source CMS,#2563eb,1691945,1960618,3652563,ALL,ALL,HTTP Archive Technology Report API adoption endpoint,https://cdn.httparchive.org/v1/adoption?technology=ALL%2CWordPress%2CShopify%2CWix%2CSquarespace%2CWebflow%2CDuda%2CTilda%2CNext.js%2CNuxt.js%2CAstro%2CGatsby%2CHugo%2CJekyll%2CEleventy%2CVercel%2CNetlify%2CGitHub+Pages%2CFramer+Sites%2CLovable%2CBase44&geo=ALL&rank=ALL&start=2020-01-01&end=2026-05-01,2026-06-15T22:17:28.655795Z
2021-07-01,ALL,All origins,All HTTP Archive crawl origins,#0f172a,4871973,5755232,10627205,ALL,ALL,HTTP Archive Technology Report API adoption endpoint,https://cdn.httparchive.org/v1/adoption?technology=ALL%2CWordPress%2CShopify%2CWix%2CSquarespace%2CWebflow%2CDuda%2CTilda%2CNext.js%2CNuxt.js%2CAstro%2CGatsby%2CHugo%2CJekyll%2CEleventy%2CVercel%2CNetlify%2CGitHub+Pages%2CFramer+Sites%2CLovable%2CBase44&geo=ALL&rank=ALL&start=2020-01-01&end=2026-05-01,2026-06-15T22:17:28.655795Z
2021-07-01,Duda,CMS/ecommerce/builder,Hosted website builder,#dc2626,48941,51021,99962,ALL,ALL,HTTP Archive Technology Report API adoption endpoint,https://cdn.httparchive.org/v1/adoption?technology=ALL%2CWordPress%2CShopify%2CWix%2CSquarespace%2CWebflow%2CDuda%2CTilda%2CNext.js%2CNuxt.js%2CAstro%2CGatsby%2CHugo%2CJekyll%2CEleventy%2CVercel%2CNetlify%2CGitHub+Pages%2CFramer+Sites%2CLovable%2CBase44&geo=ALL&rank=ALL&start=2020-01-01&end=2026-05-01,2026-06-15T22:17:28.655795Z
2021-07-01,Gatsby,Static/app framework,React static site generator,#663399,9469,8929,18398,ALL,ALL,HTTP Archive Technology Report API adoption endpoint,https://cdn.httparchive.org/v1/adoption?technology=ALL%2CWordPress%2CShopify%2CWix%2CSquarespace%2CWebflow%2CDuda%2CTilda%2CNext.js%2CNuxt.js%2CAstro%2CGatsby%2CHugo%2CJekyll%2CEleventy%2CVercel%2CNetlify%2CGitHub+Pages%2CFramer+Sites%2CLovable%2CBase44&geo=ALL&rank=ALL&start=2020-01-01&end=2026-05-01,2026-06-15T22:17:28.655795Z
2021-07-01,GitHub Pages,Deployment surface,Static hosting platform,#6e7781,13240,7332,20572,ALL,ALL,HTTP Archive Technology Report API adoption endpoint,https://cdn.httparchive.org/v1/adoption?technology=ALL%2CWordPress%2CShopify%2CWix%2CSquarespace%2CWebflow%2CDuda%2CTilda%2CNext.js%2CNuxt.js%2CAstro%2CGatsby%2CHugo%2CJekyll%2CEleventy%2CVercel%2CNetlify%2CGitHub+Pages%2CFramer+Sites%2CLovable%2CBase44&geo=ALL&rank=ALL&start=2020-01-01&end=2026-05-01,2026-06-15T22:17:28.655795Z
2021-07-01,Hugo,Static/app framework,Static site generator,#ff4088,3751,3056,6807,ALL,ALL,HTTP Archive Technology Report API adoption endpoint,https://cdn.httparchive.org/v1/adoption?technology=ALL%2CWordPress%2CShopify%2CWix%2CSquarespace%2CWebflow%2CDuda%2CTilda%2CNext.js%2CNuxt.js%2CAstro%2CGatsby%2CHugo%2CJekyll%2CEleventy%2CVercel%2CNetlify%2CGitHub+Pages%2CFramer+Sites%2CLovable%2CBase44&geo=ALL&rank=ALL&start=2020-01-01&end=2026-05-01,2026-06-15T22:17:28.655795Z
2021-07-01,Jekyll,Static/app framework,Static site generator,#cc0000,2771,1700,4471,ALL,ALL,HTTP Archive Technology Report API adoption endpoint,https://cdn.httparchive.org/v1/adoption?technology=ALL%2CWordPress%2CShopify%2CWix%2CSquarespace%2CWebflow%2CDuda%2CTilda%2CNext.js%2CNuxt.js%2CAstro%2CGatsby%2CHugo%2CJekyll%2CEleventy%2CVercel%2CNetlify%2CGitHub+Pages%2CFramer+Sites%2CLovable%2CBase44&geo=ALL&rank=ALL&start=2020-01-01&end=2026-05-01,2026-06-15T22:17:28.655795Z
2021-07-01,Netlify,Deployment surface,Static/app deployment platform,#00ad9f,12567,11685,24252,ALL,ALL,HTTP Archive Technology Report API adoption endpoint,https://cdn.httparchive.org/v1/adoption?technology=ALL%2CWordPress%2CShopify%2CWix%2CSquarespace%2CWebflow%2CDuda%2CTilda%2CNext.js%2CNuxt.js%2CAstro%2CGatsby%2CHugo%2CJekyll%2CEleventy%2CVercel%2CNetlify%2CGitHub+Pages%2CFramer+Sites%2CLovable%2CBase44&geo=ALL&rank=ALL&start=2020-01-01&end=2026-05-01,2026-06-15T22:17:28.655795Z
2021-07-01,Next.js,Static/app framework,React app framework and static/hybrid generator,#111827,20504,23275,43779,ALL,ALL,HTTP Archive Technology Report API adoption endpoint,https://cdn.httparchive.org/v1/adoption?technology=ALL%2CWordPress%2CShopify%2CWix%2CSquarespace%2CWebflow%2CDuda%2CTilda%2CNext.js%2CNuxt.js%2CAstro%2CGatsby%2CHugo%2CJekyll%2CEleventy%2CVercel%2CNetlify%2CGitHub+Pages%2CFramer+Sites%2CLovable%2CBase44&geo=ALL&rank=ALL&start=2020-01-01&end=2026-05-01,2026-06-15T22:17:28.655795Z
2021-07-01,Nuxt.js,Static/app framework,Vue app framework and static/hybrid generator,#00dc82,15889,17033,32922,ALL,ALL,HTTP Archive Technology Report API adoption endpoint,https://cdn.httparchive.org/v1/adoption?technology=ALL%2CWordPress%2CShopify%2CWix%2CSquarespace%2CWebflow%2CDuda%2CTilda%2CNext.js%2CNuxt.js%2CAstro%2CGatsby%2CHugo%2CJekyll%2CEleventy%2CVercel%2CNetlify%2CGitHub+Pages%2CFramer+Sites%2CLovable%2CBase44&geo=ALL&rank=ALL&start=2020-01-01&end=2026-05-01,2026-06-15T22:17:28.655795Z
2021-07-01,Shopify,CMS/ecommerce/builder,Hosted ecommerce,#16a34a,147296,160560,307856,ALL,ALL,HTTP Archive Technology Report API adoption endpoint,https://cdn.httparchive.org/v1/adoption?technology=ALL%2CWordPress%2CShopify%2CWix%2CSquarespace%2CWebflow%2CDuda%2CTilda%2CNext.js%2CNuxt.js%2CAstro%2CGatsby%2CHugo%2CJekyll%2CEleventy%2CVercel%2CNetlify%2CGitHub+Pages%2CFramer+Sites%2CLovable%2CBase44&geo=ALL&rank=ALL&start=2020-01-01&end=2026-05-01,2026-06-15T22:17:28.655795Z
2021-07-01,Squarespace,CMS/ecommerce/builder,Hosted website builder,#64748b,56570,57260,113830,ALL,ALL,HTTP Archive Technology Report API adoption endpoint,https://cdn.httparchive.org/v1/adoption?technology=ALL%2CWordPress%2CShopify%2CWix%2CSquarespace%2CWebflow%2CDuda%2CTilda%2CNext.js%2CNuxt.js%2CAstro%2CGatsby%2CHugo%2CJekyll%2CEleventy%2CVercel%2CNetlify%2CGitHub+Pages%2CFramer+Sites%2CLovable%2CBase44&geo=ALL&rank=ALL&start=2020-01-01&end=2026-05-01,2026-06-15T22:17:28.655795Z
2021-07-01,Tilda,CMS/ecommerce/builder,Hosted website builder,#a855f7,6564,11628,18192,ALL,ALL,HTTP Archive Technology Report API adoption endpoint,https://cdn.httparchive.org/v1/adoption?technology=ALL%2CWordPress%2CShopify%2CWix%2CSquarespace%2CWebflow%2CDuda%2CTilda%2CNext.js%2CNuxt.js%2CAstro%2CGatsby%2CHugo%2CJekyll%2CEleventy%2CVercel%2CNetlify%2CGitHub+Pages%2CFramer+Sites%2CLovable%2CBase44&geo=ALL&rank=ALL&start=2020-01-01&end=2026-05-01,2026-06-15T22:17:28.655795Z
2021-07-01,Vercel,Deployment surface,Frontend cloud/PaaS often paired with Next.js,#000000,4972,4905,9877,ALL,ALL,HTTP Archive Technology Report API adoption endpoint,https://cdn.httparchive.org/v1/adoption?technology=ALL%2CWordPress%2CShopify%2CWix%2CSquarespace%2CWebflow%2CDuda%2CTilda%2CNext.js%2CNuxt.js%2CAstro%2CGatsby%2CHugo%2CJekyll%2CEleventy%2CVercel%2CNetlify%2CGitHub+Pages%2CFramer+Sites%2CLovable%2CBase44&geo=ALL&rank=ALL&start=2020-01-01&end=2026-05-01,2026-06-15T22:17:28.655795Z
2021-07-01,Webflow,CMS/ecommerce/builder,Visual website builder/CMS,#0891b2,17469,17124,34593,ALL,ALL,HTTP Archive Technology Report API adoption endpoint,https://cdn.httparchive.org/v1/adoption?technology=ALL%2CWordPress%2CShopify%2CWix%2CSquarespace%2CWebflow%2CDuda%2CTilda%2CNext.js%2CNuxt.js%2CAstro%2CGatsby%2CHugo%2CJekyll%2CEleventy%2CVercel%2CNetlify%2CGitHub+Pages%2CFramer+Sites%2CLovable%2CBase44&geo=ALL&rank=ALL&start=2020-01-01&end=2026-05-01,2026-06-15T22:17:28.655795Z
2021-07-01,Wix,CMS/ecommerce/builder,Hosted website builder,#f59e0b,52358,85594,137952,ALL,ALL,HTTP Archive Technology Report API adoption endpoint,https://cdn.httparchive.org/v1/adoption?technology=ALL%2CWordPress%2CShopify%2CWix%2CSquarespace%2CWebflow%2CDuda%2CTilda%2CNext.js%2CNuxt.js%2CAstro%2CGatsby%2CHugo%2CJekyll%2CEleventy%2CVercel%2CNetlify%2CGitHub+Pages%2CFramer+Sites%2CLovable%2CBase44&geo=ALL&rank=ALL&start=2020-01-01&end=2026-05-01,2026-06-15T22:17:28.655795Z
2021-07-01,WordPress,CMS/ecommerce/builder,Open-source CMS,#2563eb,1582861,1926949,3509810,ALL,ALL,HTTP Archive Technology Report API adoption endpoint,https://cdn.httparchive.org/v1/adoption?technology=ALL%2CWordPress%2CShopify%2CWix%2CSquarespace%2CWebflow%2CDuda%2CTilda%2CNext.js%2CNuxt.js%2CAstro%2CGatsby%2CHugo%2CJekyll%2CEleventy%2CVercel%2CNetlify%2CGitHub+Pages%2CFramer+Sites%2CLovable%2CBase44&geo=ALL&rank=ALL&start=2020-01-01&end=2026-05-01,2026-06-15T22:17:28.655795Z
2021-08-01,ALL,All origins,All HTTP Archive crawl origins,#0f172a,4823255,5635003,10458258,ALL,ALL,HTTP Archive Technology Report API adoption endpoint,https://cdn.httparchive.org/v1/adoption?technology=ALL%2CWordPress%2CShopify%2CWix%2CSquarespace%2CWebflow%2CDuda%2CTilda%2CNext.js%2CNuxt.js%2CAstro%2CGatsby%2CHugo%2CJekyll%2CEleventy%2CVercel%2CNetlify%2CGitHub+Pages%2CFramer+Sites%2CLovable%2CBase44&geo=ALL&rank=ALL&start=2020-01-01&end=2026-05-01,2026-06-15T22:17:28.655795Z
2021-08-01,Duda,CMS/ecommerce/builder,Hosted website builder,#dc2626,7316,16606,23922,ALL,ALL,HTTP Archive Technology Report API adoption endpoint,https://cdn.httparchive.org/v1/adoption?technology=ALL%2CWordPress%2CShopify%2CWix%2CSquarespace%2CWebflow%2CDuda%2CTilda%2CNext.js%2CNuxt.js%2CAstro%2CGatsby%2CHugo%2CJekyll%2CEleventy%2CVercel%2CNetlify%2CGitHub+Pages%2CFramer+Sites%2CLovable%2CBase44&geo=ALL&rank=ALL&start=2020-01-01&end=2026-05-01,2026-06-15T22:17:28.655795Z
2021-08-01,Gatsby,Static/app framework,React static site generator,#663399,9542,8770,18312,ALL,ALL,HTTP Archive Technology Report API adoption endpoint,https://cdn.httparchive.org/v1/adoption?technology=ALL%2CWordPress%2CShopify%2CWix%2CSquarespace%2CWebflow%2CDuda%2CTilda%2CNext.js%2CNuxt.js%2CAstro%2CGatsby%2CHugo%2CJekyll%2CEleventy%2CVercel%2CNetlify%2CGitHub+Pages%2CFramer+Sites%2CLovable%2CBase44&geo=ALL&rank=ALL&start=2020-01-01&end=2026-05-01,2026-06-15T22:17:28.655795Z
2021-08-01,GitHub Pages,Deployment surface,Static hosting platform,#6e7781,12687,7175,19862,ALL,ALL,HTTP Archive Technology Report API adoption endpoint,https://cdn.httparchive.org/v1/adoption?technology=ALL%2CWordPress%2CShopify%2CWix%2CSquarespace%2CWebflow%2CDuda%2CTilda%2CNext.js%2CNuxt.js%2CAstro%2CGatsby%2CHugo%2CJekyll%2CEleventy%2CVercel%2CNetlify%2CGitHub+Pages%2CFramer+Sites%2CLovable%2CBase44&geo=ALL&rank=ALL&start=2020-01-01&end=2026-05-01,2026-06-15T22:17:28.655795Z
2021-08-01,Hugo,Static/app framework,Static site generator,#ff4088,3670,3059,6729,ALL,ALL,HTTP Archive Technology Report API adoption endpoint,https://cdn.httparchive.org/v1/adoption?technology=ALL%2CWordPress%2CShopify%2CWix%2CSquarespace%2CWebflow%2CDuda%2CTilda%2CNext.js%2CNuxt.js%2CAstro%2CGatsby%2CHugo%2CJekyll%2CEleventy%2CVercel%2CNetlify%2CGitHub+Pages%2CFramer+Sites%2CLovable%2CBase44&geo=ALL&rank=ALL&start=2020-01-01&end=2026-05-01,2026-06-15T22:17:28.655795Z
2021-08-01,Jekyll,Static/app framework,Static site generator,#cc0000,2658,1657,4315,ALL,ALL,HTTP Archive Technology Report API adoption endpoint,https://cdn.httparchive.org/v1/adoption?technology=ALL%2CWordPress%2CShopify%2CWix%2CSquarespace%2CWebflow%2CDuda%2CTilda%2CNext.js%2CNuxt.js%2CAstro%2CGatsby%2CHugo%2CJekyll%2CEleventy%2CVercel%2CNetlify%2CGitHub+Pages%2CFramer+Sites%2CLovable%2CBase44&geo=ALL&rank=ALL&start=2020-01-01&end=2026-05-01,2026-06-15T22:17:28.655795Z
2021-08-01,Netlify,Deployment surface,Static/app deployment platform,#00ad9f,12728,11491,24219,ALL,ALL,HTTP Archive Technology Report API adoption endpoint,https://cdn.httparchive.org/v1/adoption?technology=ALL%2CWordPress%2CShopify%2CWix%2CSquarespace%2CWebflow%2CDuda%2CTilda%2CNext.js%2CNuxt.js%2CAstro%2CGatsby%2CHugo%2CJekyll%2CEleventy%2CVercel%2CNetlify%2CGitHub+Pages%2CFramer+Sites%2CLovable%2CBase44&geo=ALL&rank=ALL&start=2020-01-01&end=2026-05-01,2026-06-15T22:17:28.655795Z
2021-08-01,Next.js,Static/app framework,React app framework and static/hybrid generator,#111827,21757,23358,45115,ALL,ALL,HTTP Archive Technology Report API adoption endpoint,https://cdn.httparchive.org/v1/adoption?technology=ALL%2CWordPress%2CShopify%2CWix%2CSquarespace%2CWebflow%2CDuda%2CTilda%2CNext.js%2CNuxt.js%2CAstro%2CGatsby%2CHugo%2CJekyll%2CEleventy%2CVercel%2CNetlify%2CGitHub+Pages%2CFramer+Sites%2CLovable%2CBase44&geo=ALL&rank=ALL&start=2020-01-01&end=2026-05-01,2026-06-15T22:17:28.655795Z
2021-08-01,Nuxt.js,Static/app framework,Vue app framework and static/hybrid generator,#00dc82,16420,17112,33532,ALL,ALL,HTTP Archive Technology Report API adoption endpoint,https://cdn.httparchive.org/v1/adoption?technology=ALL%2CWordPress%2CShopify%2CWix%2CSquarespace%2CWebflow%2CDuda%2CTilda%2CNext.js%2CNuxt.js%2CAstro%2CGatsby%2CHugo%2CJekyll%2CEleventy%2CVercel%2CNetlify%2CGitHub+Pages%2CFramer+Sites%2CLovable%2CBase44&geo=ALL&rank=ALL&start=2020-01-01&end=2026-05-01,2026-06-15T22:17:28.655795Z
2021-08-01,Shopify,CMS/ecommerce/builder,Hosted ecommerce,#16a34a,146530,157090,303620,ALL,ALL,HTTP Archive Technology Report API adoption endpoint,https://cdn.httparchive.org/v1/adoption?technology=ALL%2CWordPress%2CShopify%2CWix%2CSquarespace%2CWebflow%2CDuda%2CTilda%2CNext.js%2CNuxt.js%2CAstro%2CGatsby%2CHugo%2CJekyll%2CEleventy%2CVercel%2CNetlify%2CGitHub+Pages%2CFramer+Sites%2CLovable%2CBase44&geo=ALL&rank=ALL&start=2020-01-01&end=2026-05-01,2026-06-15T22:17:28.655795Z
2021-08-01,Squarespace,CMS/ecommerce/builder,Hosted website builder,#64748b,55028,54485,109513,ALL,ALL,HTTP Archive Technology Report API adoption endpoint,https://cdn.httparchive.org/v1/adoption?technology=ALL%2CWordPress%2CShopify%2CWix%2CSquarespace%2CWebflow%2CDuda%2CTilda%2CNext.js%2CNuxt.js%2CAstro%2CGatsby%2CHugo%2CJekyll%2CEleventy%2CVercel%2CNetlify%2CGitHub+Pages%2CFramer+Sites%2CLovable%2CBase44&geo=ALL&rank=ALL&start=2020-01-01&end=2026-05-01,2026-06-15T22:17:28.655795Z
2021-08-01,Tilda,CMS/ecommerce/builder,Hosted website builder,#a855f7,6570,11438,18008,ALL,ALL,HTTP Archive Technology Report API adoption endpoint,https://cdn.httparchive.org/v1/adoption?technology=ALL%2CWordPress%2CShopify%2CWix%2CSquarespace%2CWebflow%2CDuda%2CTilda%2CNext.js%2CNuxt.js%2CAstro%2CGatsby%2CHugo%2CJekyll%2CEleventy%2CVercel%2CNetlify%2CGitHub+Pages%2CFramer+Sites%2CLovable%2CBase44&geo=ALL&rank=ALL&start=2020-01-01&end=2026-05-01,2026-06-15T22:17:28.655795Z
2021-08-01,Vercel,Deployment surface,Frontend cloud/PaaS often paired with Next.js,#000000,5301,4885,10186,ALL,ALL,HTTP Archive Technology Report API adoption endpoint,https://cdn.httparchive.org/v1/adoption?technology=ALL%2CWordPress%2CShopify%2CWix%2CSquarespace%2CWebflow%2CDuda%2CTilda%2CNext.js%2CNuxt.js%2CAstro%2CGatsby%2CHugo%2CJekyll%2CEleventy%2CVercel%2CNetlify%2CGitHub+Pages%2CFramer+Sites%2CLovable%2CBase44&geo=ALL&rank=ALL&start=2020-01-01&end=2026-05-01,2026-06-15T22:17:28.655795Z
2021-08-01,Webflow,CMS/ecommerce/builder,Visual website builder/CMS,#0891b2,17669,16695,34364,ALL,ALL,HTTP Archive Technology Report API adoption endpoint,https://cdn.httparchive.org/v1/adoption?technology=ALL%2CWordPress%2CShopify%2CWix%2CSquarespace%2CWebflow%2CDuda%2CTilda%2CNext.js%2CNuxt.js%2CAstro%2CGatsby%2CHugo%2CJekyll%2CEleventy%2CVercel%2CNetlify%2CGitHub+Pages%2CFramer+Sites%2CLovable%2CBase44&geo=ALL&rank=ALL&start=2020-01-01&end=2026-05-01,2026-06-15T22:17:28.655795Z
2021-08-01,Wix,CMS/ecommerce/builder,Hosted website builder,#f59e0b,51131,82433,133564,ALL,ALL,HTTP Archive Technology Report API adoption endpoint,https://cdn.httparchive.org/v1/adoption?technology=ALL%2CWordPress%2CShopify%2CWix%2CSquarespace%2CWebflow%2CDuda%2CTilda%2CNext.js%2CNuxt.js%2CAstro%2CGatsby%2CHugo%2CJekyll%2CEleventy%2CVercel%2CNetlify%2CGitHub+Pages%2CFramer+Sites%2CLovable%2CBase44&geo=ALL&rank=ALL&start=2020-01-01&end=2026-05-01,2026-06-15T22:17:28.655795Z
2021-08-01,WordPress,CMS/ecommerce/builder,Open-source CMS,#2563eb,1559972,1879344,3439316,ALL,ALL,HTTP Archive Technology Report API adoption endpoint,https://cdn.httparchive.org/v1/adoption?technology=ALL%2CWordPress%2CShopify%2CWix%2CSquarespace%2CWebflow%2CDuda%2CTilda%2CNext.js%2CNuxt.js%2CAstro%2CGatsby%2CHugo%2CJekyll%2CEleventy%2CVercel%2CNetlify%2CGitHub+Pages%2CFramer+Sites%2CLovable%2CBase44&geo=ALL&rank=ALL&start=2020-01-01&end=2026-05-01,2026-06-15T22:17:28.655795Z
2021-09-01,ALL,All origins,All HTTP Archive crawl origins,#0f172a,4739412,5936574,10675986,ALL,ALL,HTTP Archive Technology Report API adoption endpoint,https://cdn.httparchive.org/v1/adoption?technology=ALL%2CWordPress%2CShopify%2CWix%2CSquarespace%2CWebflow%2CDuda%2CTilda%2CNext.js%2CNuxt.js%2CAstro%2CGatsby%2CHugo%2CJekyll%2CEleventy%2CVercel%2CNetlify%2CGitHub+Pages%2CFramer+Sites%2CLovable%2CBase44&geo=ALL&rank=ALL&start=2020-01-01&end=2026-05-01,2026-06-15T22:17:28.655795Z
2021-09-01,Duda,CMS/ecommerce/builder,Hosted website builder,#dc2626,7512,20879,28391,ALL,ALL,HTTP Archive Technology Report API adoption endpoint,https://cdn.httparchive.org/v1/adoption?technology=ALL%2CWordPress%2CShopify%2CWix%2CSquarespace%2CWebflow%2CDuda%2CTilda%2CNext.js%2CNuxt.js%2CAstro%2CGatsby%2CHugo%2CJekyll%2CEleventy%2CVercel%2CNetlify%2CGitHub+Pages%2CFramer+Sites%2CLovable%2CBase44&geo=ALL&rank=ALL&start=2020-01-01&end=2026-05-01,2026-06-15T22:17:28.655795Z
2021-09-01,Gatsby,Static/app framework,React static site generator,#663399,9483,9433,18916,ALL,ALL,HTTP Archive Technology Report API adoption endpoint,https://cdn.httparchive.org/v1/adoption?technology=ALL%2CWordPress%2CShopify%2CWix%2CSquarespace%2CWebflow%2CDuda%2CTilda%2CNext.js%2CNuxt.js%2CAstro%2CGatsby%2CHugo%2CJekyll%2CEleventy%2CVercel%2CNetlify%2CGitHub+Pages%2CFramer+Sites%2CLovable%2CBase44&geo=ALL&rank=ALL&start=2020-01-01&end=2026-05-01,2026-06-15T22:17:28.655795Z
2021-09-01,GitHub Pages,Deployment surface,Static hosting platform,#6e7781,12466,7496,19962,ALL,ALL,HTTP Archive Technology Report API adoption endpoint,https://cdn.httparchive.org/v1/adoption?technology=ALL%2CWordPress%2CShopify%2CWix%2CSquarespace%2CWebflow%2CDuda%2CTilda%2CNext.js%2CNuxt.js%2CAstro%2CGatsby%2CHugo%2CJekyll%2CEleventy%2CVercel%2CNetlify%2CGitHub+Pages%2CFramer+Sites%2CLovable%2CBase44&geo=ALL&rank=ALL&start=2020-01-01&end=2026-05-01,2026-06-15T22:17:28.655795Z
2021-09-01,Hugo,Static/app framework,Static site generator,#ff4088,3661,3205,6866,ALL,ALL,HTTP Archive Technology Report API adoption endpoint,https://cdn.httparchive.org/v1/adoption?technology=ALL%2CWordPress%2CShopify%2CWix%2CSquarespace%2CWebflow%2CDuda%2CTilda%2CNext.js%2CNuxt.js%2CAstro%2CGatsby%2CHugo%2CJekyll%2CEleventy%2CVercel%2CNetlify%2CGitHub+Pages%2CFramer+Sites%2CLovable%2CBase44&geo=ALL&rank=ALL&start=2020-01-01&end=2026-05-01,2026-06-15T22:17:28.655795Z
2021-09-01,Jekyll,Static/app framework,Static site generator,#cc0000,2607,1706,4313,ALL,ALL,HTTP Archive Technology Report API adoption endpoint,https://cdn.httparchive.org/v1/adoption?technology=ALL%2CWordPress%2CShopify%2CWix%2CSquarespace%2CWebflow%2CDuda%2CTilda%2CNext.js%2CNuxt.js%2CAstro%2CGatsby%2CHugo%2CJekyll%2CEleventy%2CVercel%2CNetlify%2CGitHub+Pages%2CFramer+Sites%2CLovable%2CBase44&geo=ALL&rank=ALL&start=2020-01-01&end=2026-05-01,2026-06-15T22:17:28.655795Z
2021-09-01,Netlify,Deployment surface,Static/app deployment platform,#00ad9f,12645,12428,25073,ALL,ALL,HTTP Archive Technology Report API adoption endpoint,https://cdn.httparchive.org/v1/adoption?technology=ALL%2CWordPress%2CShopify%2CWix%2CSquarespace%2CWebflow%2CDuda%2CTilda%2CNext.js%2CNuxt.js%2CAstro%2CGatsby%2CHugo%2CJekyll%2CEleventy%2CVercel%2CNetlify%2CGitHub+Pages%2CFramer+Sites%2CLovable%2CBase44&geo=ALL&rank=ALL&start=2020-01-01&end=2026-05-01,2026-06-15T22:17:28.655795Z
2021-09-01,Next.js,Static/app framework,React app framework and static/hybrid generator,#111827,22649,26907,49556,ALL,ALL,HTTP Archive Technology Report API adoption endpoint,https://cdn.httparchive.org/v1/adoption?technology=ALL%2CWordPress%2CShopify%2CWix%2CSquarespace%2CWebflow%2CDuda%2CTilda%2CNext.js%2CNuxt.js%2CAstro%2CGatsby%2CHugo%2CJekyll%2CEleventy%2CVercel%2CNetlify%2CGitHub+Pages%2CFramer+Sites%2CLovable%2CBase44&geo=ALL&rank=ALL&start=2020-01-01&end=2026-05-01,2026-06-15T22:17:28.655795Z
2021-09-01,Nuxt.js,Static/app framework,Vue app framework and static/hybrid generator,#00dc82,16967,19298,36265,ALL,ALL,HTTP Archive Technology Report API adoption endpoint,https://cdn.httparchive.org/v1/adoption?technology=ALL%2CWordPress%2CShopify%2CWix%2CSquarespace%2CWebflow%2CDuda%2CTilda%2CNext.js%2CNuxt.js%2CAstro%2CGatsby%2CHugo%2CJekyll%2CEleventy%2CVercel%2CNetlify%2CGitHub+Pages%2CFramer+Sites%2CLovable%2CBase44&geo=ALL&rank=ALL&start=2020-01-01&end=2026-05-01,2026-06-15T22:17:28.655795Z
2021-09-01,Shopify,CMS/ecommerce/builder,Hosted ecommerce,#16a34a,143417,162071,305488,ALL,ALL,HTTP Archive Technology Report API adoption endpoint,https://cdn.httparchive.org/v1/adoption?technology=ALL%2CWordPress%2CShopify%2CWix%2CSquarespace%2CWebflow%2CDuda%2CTilda%2CNext.js%2CNuxt.js%2CAstro%2CGatsby%2CHugo%2CJekyll%2CEleventy%2CVercel%2CNetlify%2CGitHub+Pages%2CFramer+Sites%2CLovable%2CBase44&geo=ALL&rank=ALL&start=2020-01-01&end=2026-05-01,2026-06-15T22:17:28.655795Z
2021-09-01,Squarespace,CMS/ecommerce/builder,Hosted website builder,#64748b,52269,55462,107731,ALL,ALL,HTTP Archive Technology Report API adoption endpoint,https://cdn.httparchive.org/v1/adoption?technology=ALL%2CWordPress%2CShopify%2CWix%2CSquarespace%2CWebflow%2CDuda%2CTilda%2CNext.js%2CNuxt.js%2CAstro%2CGatsby%2CHugo%2CJekyll%2CEleventy%2CVercel%2CNetlify%2CGitHub+Pages%2CFramer+Sites%2CLovable%2CBase44&geo=ALL&rank=ALL&start=2020-01-01&end=2026-05-01,2026-06-15T22:17:28.655795Z
2021-09-01,Tilda,CMS/ecommerce/builder,Hosted website builder,#a855f7,6437,12866,19303,ALL,ALL,HTTP Archive Technology Report API adoption endpoint,https://cdn.httparchive.org/v1/adoption?technology=ALL%2CWordPress%2CShopify%2CWix%2CSquarespace%2CWebflow%2CDuda%2CTilda%2CNext.js%2CNuxt.js%2CAstro%2CGatsby%2CHugo%2CJekyll%2CEleventy%2CVercel%2CNetlify%2CGitHub+Pages%2CFramer+Sites%2CLovable%2CBase44&geo=ALL&rank=ALL&start=2020-01-01&end=2026-05-01,2026-06-15T22:17:28.655795Z
2021-09-01,Vercel,Deployment surface,Frontend cloud/PaaS often paired with Next.js,#000000,5594,5789,11383,ALL,ALL,HTTP Archive Technology Report API adoption endpoint,https://cdn.httparchive.org/v1/adoption?technology=ALL%2CWordPress%2CShopify%2CWix%2CSquarespace%2CWebflow%2CDuda%2CTilda%2CNext.js%2CNuxt.js%2CAstro%2CGatsby%2CHugo%2CJekyll%2CEleventy%2CVercel%2CNetlify%2CGitHub+Pages%2CFramer+Sites%2CLovable%2CBase44&geo=ALL&rank=ALL&start=2020-01-01&end=2026-05-01,2026-06-15T22:17:28.655795Z
2021-09-01,Webflow,CMS/ecommerce/builder,Visual website builder/CMS,#0891b2,17644,18334,35978,ALL,ALL,HTTP Archive Technology Report API adoption endpoint,https://cdn.httparchive.org/v1/adoption?technology=ALL%2CWordPress%2CShopify%2CWix%2CSquarespace%2CWebflow%2CDuda%2CTilda%2CNext.js%2CNuxt.js%2CAstro%2CGatsby%2CHugo%2CJekyll%2CEleventy%2CVercel%2CNetlify%2CGitHub+Pages%2CFramer+Sites%2CLovable%2CBase44&geo=ALL&rank=ALL&start=2020-01-01&end=2026-05-01,2026-06-15T22:17:28.655795Z
2021-09-01,Wix,CMS/ecommerce/builder,Hosted website builder,#f59e0b,47793,92805,140598,ALL,ALL,HTTP Archive Technology Report API adoption endpoint,https://cdn.httparchive.org/v1/adoption?technology=ALL%2CWordPress%2CShopify%2CWix%2CSquarespace%2CWebflow%2CDuda%2CTilda%2CNext.js%2CNuxt.js%2CAstro%2CGatsby%2CHugo%2CJekyll%2CEleventy%2CVercel%2CNetlify%2CGitHub+Pages%2CFramer+Sites%2CLovable%2CBase44&geo=ALL&rank=ALL&start=2020-01-01&end=2026-05-01,2026-06-15T22:17:28.655795Z
2021-09-01,WordPress,CMS/ecommerce/builder,Open-source CMS,#2563eb,1529707,1981338,3511045,ALL,ALL,HTTP Archive Technology Report API adoption endpoint,https://cdn.httparchive.org/v1/adoption?technology=ALL%2CWordPress%2CShopify%2CWix%2CSquarespace%2CWebflow%2CDuda%2CTilda%2CNext.js%2CNuxt.js%2CAstro%2CGatsby%2CHugo%2CJekyll%2CEleventy%2CVercel%2CNetlify%2CGitHub+Pages%2CFramer+Sites%2CLovable%2CBase44&geo=ALL&rank=ALL&start=2020-01-01&end=2026-05-01,2026-06-15T22:17:28.655795Z
2021-10-01,ALL,All origins,All HTTP Archive crawl origins,#0f172a,4727380,6053743,10781123,ALL,ALL,HTTP Archive Technology Report API adoption endpoint,https://cdn.httparchive.org/v1/adoption?technology=ALL%2CWordPress%2CShopify%2CWix%2CSquarespace%2CWebflow%2CDuda%2CTilda%2CNext.js%2CNuxt.js%2CAstro%2CGatsby%2CHugo%2CJekyll%2CEleventy%2CVercel%2CNetlify%2CGitHub+Pages%2CFramer+Sites%2CLovable%2CBase44&geo=ALL&rank=ALL&start=2020-01-01&end=2026-05-01,2026-06-15T22:17:28.655795Z
2021-10-01,Duda,CMS/ecommerce/builder,Hosted website builder,#dc2626,7172,20210,27382,ALL,ALL,HTTP Archive Technology Report API adoption endpoint,https://cdn.httparchive.org/v1/adoption?technology=ALL%2CWordPress%2CShopify%2CWix%2CSquarespace%2CWebflow%2CDuda%2CTilda%2CNext.js%2CNuxt.js%2CAstro%2CGatsby%2CHugo%2CJekyll%2CEleventy%2CVercel%2CNetlify%2CGitHub+Pages%2CFramer+Sites%2CLovable%2CBase44&geo=ALL&rank=ALL&start=2020-01-01&end=2026-05-01,2026-06-15T22:17:28.655795Z
2021-10-01,Gatsby,Static/app framework,React static site generator,#663399,9684,9992,19676,ALL,ALL,HTTP Archive Technology Report API adoption endpoint,https://cdn.httparchive.org/v1/adoption?technology=ALL%2CWordPress%2CShopify%2CWix%2CSquarespace%2CWebflow%2CDuda%2CTilda%2CNext.js%2CNuxt.js%2CAstro%2CGatsby%2CHugo%2CJekyll%2CEleventy%2CVercel%2CNetlify%2CGitHub+Pages%2CFramer+Sites%2CLovable%2CBase44&geo=ALL&rank=ALL&start=2020-01-01&end=2026-05-01,2026-06-15T22:17:28.655795Z
2021-10-01,GitHub Pages,Deployment surface,Static hosting platform,#6e7781,12504,7808,20312,ALL,ALL,HTTP Archive Technology Report API adoption endpoint,https://cdn.httparchive.org/v1/adoption?technology=ALL%2CWordPress%2CShopify%2CWix%2CSquarespace%2CWebflow%2CDuda%2CTilda%2CNext.js%2CNuxt.js%2CAstro%2CGatsby%2CHugo%2CJekyll%2CEleventy%2CVercel%2CNetlify%2CGitHub+Pages%2CFramer+Sites%2CLovable%2CBase44&geo=ALL&rank=ALL&start=2020-01-01&end=2026-05-01,2026-06-15T22:17:28.655795Z
2021-10-01,Hugo,Static/app framework,Static site generator,#ff4088,3705,3417,7122,ALL,ALL,HTTP Archive Technology Report API adoption endpoint,https://cdn.httparchive.org/v1/adoption?technology=ALL%2CWordPress%2CShopify%2CWix%2CSquarespace%2CWebflow%2CDuda%2CTilda%2CNext.js%2CNuxt.js%2CAstro%2CGatsby%2CHugo%2CJekyll%2CEleventy%2CVercel%2CNetlify%2CGitHub+Pages%2CFramer+Sites%2CLovable%2CBase44&geo=ALL&rank=ALL&start=2020-01-01&end=2026-05-01,2026-06-15T22:17:28.655795Z
2021-10-01,Jekyll,Static/app framework,Static site generator,#cc0000,2621,1768,4389,ALL,ALL,HTTP Archive Technology Report API adoption endpoint,https://cdn.httparchive.org/v1/adoption?technology=ALL%2CWordPress%2CShopify%2CWix%2CSquarespace%2CWebflow%2CDuda%2CTilda%2CNext.js%2CNuxt.js%2CAstro%2CGatsby%2CHugo%2CJekyll%2CEleventy%2CVercel%2CNetlify%2CGitHub+Pages%2CFramer+Sites%2CLovable%2CBase44&geo=ALL&rank=ALL&start=2020-01-01&end=2026-05-01,2026-06-15T22:17:28.655795Z
2021-10-01,Netlify,Deployment surface,Static/app deployment platform,#00ad9f,13054,13193,26247,ALL,ALL,HTTP Archive Technology Report API adoption endpoint,https://cdn.httparchive.org/v1/adoption?technology=ALL%2CWordPress%2CShopify%2CWix%2CSquarespace%2CWebflow%2CDuda%2CTilda%2CNext.js%2CNuxt.js%2CAstro%2CGatsby%2CHugo%2CJekyll%2CEleventy%2CVercel%2CNetlify%2CGitHub+Pages%2CFramer+Sites%2CLovable%2CBase44&geo=ALL&rank=ALL&start=2020-01-01&end=2026-05-01,2026-06-15T22:17:28.655795Z
2021-10-01,Next.js,Static/app framework,React app framework and static/hybrid generator,#111827,24265,29102,53367,ALL,ALL,HTTP Archive Technology Report API adoption endpoint,https://cdn.httparchive.org/v1/adoption?technology=ALL%2CWordPress%2CShopify%2CWix%2CSquarespace%2CWebflow%2CDuda%2CTilda%2CNext.js%2CNuxt.js%2CAstro%2CGatsby%2CHugo%2CJekyll%2CEleventy%2CVercel%2CNetlify%2CGitHub+Pages%2CFramer+Sites%2CLovable%2CBase44&geo=ALL&rank=ALL&start=2020-01-01&end=2026-05-01,2026-06-15T22:17:28.655795Z
2021-10-01,Nuxt.js,Static/app framework,Vue app framework and static/hybrid generator,#00dc82,17972,20685,38657,ALL,ALL,HTTP Archive Technology Report API adoption endpoint,https://cdn.httparchive.org/v1/adoption?technology=ALL%2CWordPress%2CShopify%2CWix%2CSquarespace%2CWebflow%2CDuda%2CTilda%2CNext.js%2CNuxt.js%2CAstro%2CGatsby%2CHugo%2CJekyll%2CEleventy%2CVercel%2CNetlify%2CGitHub+Pages%2CFramer+Sites%2CLovable%2CBase44&geo=ALL&rank=ALL&start=2020-01-01&end=2026-05-01,2026-06-15T22:17:28.655795Z
2021-10-01,Shopify,CMS/ecommerce/builder,Hosted ecommerce,#16a34a,144564,166430,310994,ALL,ALL,HTTP Archive Technology Report API adoption endpoint,https://cdn.httparchive.org/v1/adoption?technology=ALL%2CWordPress%2CShopify%2CWix%2CSquarespace%2CWebflow%2CDuda%2CTilda%2CNext.js%2CNuxt.js%2CAstro%2CGatsby%2CHugo%2CJekyll%2CEleventy%2CVercel%2CNetlify%2CGitHub+Pages%2CFramer+Sites%2CLovable%2CBase44&geo=ALL&rank=ALL&start=2020-01-01&end=2026-05-01,2026-06-15T22:17:28.655795Z
2021-10-01,Squarespace,CMS/ecommerce/builder,Hosted website builder,#64748b,51135,54803,105938,ALL,ALL,HTTP Archive Technology Report API adoption endpoint,https://cdn.httparchive.org/v1/adoption?technology=ALL%2CWordPress%2CShopify%2CWix%2CSquarespace%2CWebflow%2CDuda%2CTilda%2CNext.js%2CNuxt.js%2CAstro%2CGatsby%2CHugo%2CJekyll%2CEleventy%2CVercel%2CNetlify%2CGitHub+Pages%2CFramer+Sites%2CLovable%2CBase44&geo=ALL&rank=ALL&start=2020-01-01&end=2026-05-01,2026-06-15T22:17:28.655795Z
2021-10-01,Tilda,CMS/ecommerce/builder,Hosted website builder,#a855f7,6528,13884,20412,ALL,ALL,HTTP Archive Technology Report API adoption endpoint,https://cdn.httparchive.org/v1/adoption?technology=ALL%2CWordPress%2CShopify%2CWix%2CSquarespace%2CWebflow%2CDuda%2CTilda%2CNext.js%2CNuxt.js%2CAstro%2CGatsby%2CHugo%2CJekyll%2CEleventy%2CVercel%2CNetlify%2CGitHub+Pages%2CFramer+Sites%2CLovable%2CBase44&geo=ALL&rank=ALL&start=2020-01-01&end=2026-05-01,2026-06-15T22:17:28.655795Z
2021-10-01,Vercel,Deployment surface,Frontend cloud/PaaS often paired with Next.js,#000000,6056,6233,12289,ALL,ALL,HTTP Archive Technology Report API adoption endpoint,https://cdn.httparchive.org/v1/adoption?technology=ALL%2CWordPress%2CShopify%2CWix%2CSquarespace%2CWebflow%2CDuda%2CTilda%2CNext.js%2CNuxt.js%2CAstro%2CGatsby%2CHugo%2CJekyll%2CEleventy%2CVercel%2CNetlify%2CGitHub+Pages%2CFramer+Sites%2CLovable%2CBase44&geo=ALL&rank=ALL&start=2020-01-01&end=2026-05-01,2026-06-15T22:17:28.655795Z
2021-10-01,Webflow,CMS/ecommerce/builder,Visual website builder/CMS,#0891b2,18076,19046,37122,ALL,ALL,HTTP Archive Technology Report API adoption endpoint,https://cdn.httparchive.org/v1/adoption?technology=ALL%2CWordPress%2CShopify%2CWix%2CSquarespace%2CWebflow%2CDuda%2CTilda%2CNext.js%2CNuxt.js%2CAstro%2CGatsby%2CHugo%2CJekyll%2CEleventy%2CVercel%2CNetlify%2CGitHub+Pages%2CFramer+Sites%2CLovable%2CBase44&geo=ALL&rank=ALL&start=2020-01-01&end=2026-05-01,2026-06-15T22:17:28.655795Z
2021-10-01,Wix,CMS/ecommerce/builder,Hosted website builder,#f59e0b,46701,94689,141390,ALL,ALL,HTTP Archive Technology Report API adoption endpoint,https://cdn.httparchive.org/v1/adoption?technology=ALL%2CWordPress%2CShopify%2CWix%2CSquarespace%2CWebflow%2CDuda%2CTilda%2CNext.js%2CNuxt.js%2CAstro%2CGatsby%2CHugo%2CJekyll%2CEleventy%2CVercel%2CNetlify%2CGitHub+Pages%2CFramer+Sites%2CLovable%2CBase44&geo=ALL&rank=ALL&start=2020-01-01&end=2026-05-01,2026-06-15T22:17:28.655795Z
2021-10-01,WordPress,CMS/ecommerce/builder,Open-source CMS,#2563eb,1516368,2015804,3532172,ALL,ALL,HTTP Archive Technology Report API adoption endpoint,https://cdn.httparchive.org/v1/adoption?technology=ALL%2CWordPress%2CShopify%2CWix%2CSquarespace%2CWebflow%2CDuda%2CTilda%2CNext.js%2CNuxt.js%2CAstro%2CGatsby%2CHugo%2CJekyll%2CEleventy%2CVercel%2CNetlify%2CGitHub+Pages%2CFramer+Sites%2CLovable%2CBase44&geo=ALL&rank=ALL&start=2020-01-01&end=2026-05-01,2026-06-15T22:17:28.655795Z
2021-11-01,ALL,All origins,All HTTP Archive crawl origins,#0f172a,4883678,6219387,11103065,ALL,ALL,HTTP Archive Technology Report API adoption endpoint,https://cdn.httparchive.org/v1/adoption?technology=ALL%2CWordPress%2CShopify%2CWix%2CSquarespace%2CWebflow%2CDuda%2CTilda%2CNext.js%2CNuxt.js%2CAstro%2CGatsby%2CHugo%2CJekyll%2CEleventy%2CVercel%2CNetlify%2CGitHub+Pages%2CFramer+Sites%2CLovable%2CBase44&geo=ALL&rank=ALL&start=2020-01-01&end=2026-05-01,2026-06-15T22:17:28.655795Z
2021-11-01,Duda,CMS/ecommerce/builder,Hosted website builder,#dc2626,7136,19097,26233,ALL,ALL,HTTP Archive Technology Report API adoption endpoint,https://cdn.httparchive.org/v1/adoption?technology=ALL%2CWordPress%2CShopify%2CWix%2CSquarespace%2CWebflow%2CDuda%2CTilda%2CNext.js%2CNuxt.js%2CAstro%2CGatsby%2CHugo%2CJekyll%2CEleventy%2CVercel%2CNetlify%2CGitHub+Pages%2CFramer+Sites%2CLovable%2CBase44&geo=ALL&rank=ALL&start=2020-01-01&end=2026-05-01,2026-06-15T22:17:28.655795Z
2021-11-01,Gatsby,Static/app framework,React static site generator,#663399,10490,10631,21121,ALL,ALL,HTTP Archive Technology Report API adoption endpoint,https://cdn.httparchive.org/v1/adoption?technology=ALL%2CWordPress%2CShopify%2CWix%2CSquarespace%2CWebflow%2CDuda%2CTilda%2CNext.js%2CNuxt.js%2CAstro%2CGatsby%2CHugo%2CJekyll%2CEleventy%2CVercel%2CNetlify%2CGitHub+Pages%2CFramer+Sites%2CLovable%2CBase44&geo=ALL&rank=ALL&start=2020-01-01&end=2026-05-01,2026-06-15T22:17:28.655795Z
2021-11-01,GitHub Pages,Deployment surface,Static hosting platform,#6e7781,13192,8134,21326,ALL,ALL,HTTP Archive Technology Report API adoption endpoint,https://cdn.httparchive.org/v1/adoption?technology=ALL%2CWordPress%2CShopify%2CWix%2CSquarespace%2CWebflow%2CDuda%2CTilda%2CNext.js%2CNuxt.js%2CAstro%2CGatsby%2CHugo%2CJekyll%2CEleventy%2CVercel%2CNetlify%2CGitHub+Pages%2CFramer+Sites%2CLovable%2CBase44&geo=ALL&rank=ALL&start=2020-01-01&end=2026-05-01,2026-06-15T22:17:28.655795Z
2021-11-01,Hugo,Static/app framework,Static site generator,#ff4088,3898,3537,7435,ALL,ALL,HTTP Archive Technology Report API adoption endpoint,https://cdn.httparchive.org/v1/adoption?technology=ALL%2CWordPress%2CShopify%2CWix%2CSquarespace%2CWebflow%2CDuda%2CTilda%2CNext.js%2CNuxt.js%2CAstro%2CGatsby%2CHugo%2CJekyll%2CEleventy%2CVercel%2CNetlify%2CGitHub+Pages%2CFramer+Sites%2CLovable%2CBase44&geo=ALL&rank=ALL&start=2020-01-01&end=2026-05-01,2026-06-15T22:17:28.655795Z
2021-11-01,Jekyll,Static/app framework,Static site generator,#cc0000,2721,1766,4487,ALL,ALL,HTTP Archive Technology Report API adoption endpoint,https://cdn.httparchive.org/v1/adoption?technology=ALL%2CWordPress%2CShopify%2CWix%2CSquarespace%2CWebflow%2CDuda%2CTilda%2CNext.js%2CNuxt.js%2CAstro%2CGatsby%2CHugo%2CJekyll%2CEleventy%2CVercel%2CNetlify%2CGitHub+Pages%2CFramer+Sites%2CLovable%2CBase44&geo=ALL&rank=ALL&start=2020-01-01&end=2026-05-01,2026-06-15T22:17:28.655795Z
2021-11-01,Netlify,Deployment surface,Static/app deployment platform,#00ad9f,13689,13748,27437,ALL,ALL,HTTP Archive Technology Report API adoption endpoint,https://cdn.httparchive.org/v1/adoption?technology=ALL%2CWordPress%2CShopify%2CWix%2CSquarespace%2CWebflow%2CDuda%2CTilda%2CNext.js%2CNuxt.js%2CAstro%2CGatsby%2CHugo%2CJekyll%2CEleventy%2CVercel%2CNetlify%2CGitHub+Pages%2CFramer+Sites%2CLovable%2CBase44&geo=ALL&rank=ALL&start=2020-01-01&end=2026-05-01,2026-06-15T22:17:28.655795Z
2021-11-01,Next.js,Static/app framework,React app framework and static/hybrid generator,#111827,26682,31574,58256,ALL,ALL,HTTP Archive Technology Report API adoption endpoint,https://cdn.httparchive.org/v1/adoption?technology=ALL%2CWordPress%2CShopify%2CWix%2CSquarespace%2CWebflow%2CDuda%2CTilda%2CNext.js%2CNuxt.js%2CAstro%2CGatsby%2CHugo%2CJekyll%2CEleventy%2CVercel%2CNetlify%2CGitHub+Pages%2CFramer+Sites%2CLovable%2CBase44&geo=ALL&rank=ALL&start=2020-01-01&end=2026-05-01,2026-06-15T22:17:28.655795Z
2021-11-01,Nuxt.js,Static/app framework,Vue app framework and static/hybrid generator,#00dc82,18745,21967,40712,ALL,ALL,HTTP Archive Technology Report API adoption endpoint,https://cdn.httparchive.org/v1/adoption?technology=ALL%2CWordPress%2CShopify%2CWix%2CSquarespace%2CWebflow%2CDuda%2CTilda%2CNext.js%2CNuxt.js%2CAstro%2CGatsby%2CHugo%2CJekyll%2CEleventy%2CVercel%2CNetlify%2CGitHub+Pages%2CFramer+Sites%2CLovable%2CBase44&geo=ALL&rank=ALL&start=2020-01-01&end=2026-05-01,2026-06-15T22:17:28.655795Z
2021-11-01,Shopify,CMS/ecommerce/builder,Hosted ecommerce,#16a34a,150659,175892,326551,ALL,ALL,HTTP Archive Technology Report API adoption endpoint,https://cdn.httparchive.org/v1/adoption?technology=ALL%2CWordPress%2CShopify%2CWix%2CSquarespace%2CWebflow%2CDuda%2CTilda%2CNext.js%2CNuxt.js%2CAstro%2CGatsby%2CHugo%2CJekyll%2CEleventy%2CVercel%2CNetlify%2CGitHub+Pages%2CFramer+Sites%2CLovable%2CBase44&geo=ALL&rank=ALL&start=2020-01-01&end=2026-05-01,2026-06-15T22:17:28.655795Z
2021-11-01,Squarespace,CMS/ecommerce/builder,Hosted website builder,#64748b,51225,54731,105956,ALL,ALL,HTTP Archive Technology Report API adoption endpoint,https://cdn.httparchive.org/v1/adoption?technology=ALL%2CWordPress%2CShopify%2CWix%2CSquarespace%2CWebflow%2CDuda%2CTilda%2CNext.js%2CNuxt.js%2CAstro%2CGatsby%2CHugo%2CJekyll%2CEleventy%2CVercel%2CNetlify%2CGitHub+Pages%2CFramer+Sites%2CLovable%2CBase44&geo=ALL&rank=ALL&start=2020-01-01&end=2026-05-01,2026-06-15T22:17:28.655795Z
2021-11-01,Tilda,CMS/ecommerce/builder,Hosted website builder,#a855f7,6951,15087,22038,ALL,ALL,HTTP Archive Technology Report API adoption endpoint,https://cdn.httparchive.org/v1/adoption?technology=ALL%2CWordPress%2CShopify%2CWix%2CSquarespace%2CWebflow%2CDuda%2CTilda%2CNext.js%2CNuxt.js%2CAstro%2CGatsby%2CHugo%2CJekyll%2CEleventy%2CVercel%2CNetlify%2CGitHub+Pages%2CFramer+Sites%2CLovable%2CBase44&geo=ALL&rank=ALL&start=2020-01-01&end=2026-05-01,2026-06-15T22:17:28.655795Z
2021-11-01,Vercel,Deployment surface,Frontend cloud/PaaS often paired with Next.js,#000000,6623,6818,13441,ALL,ALL,HTTP Archive Technology Report API adoption endpoint,https://cdn.httparchive.org/v1/adoption?technology=ALL%2CWordPress%2CShopify%2CWix%2CSquarespace%2CWebflow%2CDuda%2CTilda%2CNext.js%2CNuxt.js%2CAstro%2CGatsby%2CHugo%2CJekyll%2CEleventy%2CVercel%2CNetlify%2CGitHub+Pages%2CFramer+Sites%2CLovable%2CBase44&geo=ALL&rank=ALL&start=2020-01-01&end=2026-05-01,2026-06-15T22:17:28.655795Z
2021-11-01,Webflow,CMS/ecommerce/builder,Visual website builder/CMS,#0891b2,18834,19870,38704,ALL,ALL,HTTP Archive Technology Report API adoption endpoint,https://cdn.httparchive.org/v1/adoption?technology=ALL%2CWordPress%2CShopify%2CWix%2CSquarespace%2CWebflow%2CDuda%2CTilda%2CNext.js%2CNuxt.js%2CAstro%2CGatsby%2CHugo%2CJekyll%2CEleventy%2CVercel%2CNetlify%2CGitHub+Pages%2CFramer+Sites%2CLovable%2CBase44&geo=ALL&rank=ALL&start=2020-01-01&end=2026-05-01,2026-06-15T22:17:28.655795Z
2021-11-01,Wix,CMS/ecommerce/builder,Hosted website builder,#f59e0b,46891,94975,141866,ALL,ALL,HTTP Archive Technology Report API adoption endpoint,https://cdn.httparchive.org/v1/adoption?technology=ALL%2CWordPress%2CShopify%2CWix%2CSquarespace%2CWebflow%2CDuda%2CTilda%2CNext.js%2CNuxt.js%2CAstro%2CGatsby%2CHugo%2CJekyll%2CEleventy%2CVercel%2CNetlify%2CGitHub+Pages%2CFramer+Sites%2CLovable%2CBase44&geo=ALL&rank=ALL&start=2020-01-01&end=2026-05-01,2026-06-15T22:17:28.655795Z
2021-11-01,WordPress,CMS/ecommerce/builder,Open-source CMS,#2563eb,1575937,2078350,3654287,ALL,ALL,HTTP Archive Technology Report API adoption endpoint,https://cdn.httparchive.org/v1/adoption?technology=ALL%2CWordPress%2CShopify%2CWix%2CSquarespace%2CWebflow%2CDuda%2CTilda%2CNext.js%2CNuxt.js%2CAstro%2CGatsby%2CHugo%2CJekyll%2CEleventy%2CVercel%2CNetlify%2CGitHub+Pages%2CFramer+Sites%2CLovable%2CBase44&geo=ALL&rank=ALL&start=2020-01-01&end=2026-05-01,2026-06-15T22:17:28.655795Z
2021-12-01,ALL,All origins,All HTTP Archive crawl origins,#0f172a,4592437,6091869,10684306,ALL,ALL,HTTP Archive Technology Report API adoption endpoint,https://cdn.httparchive.org/v1/adoption?technology=ALL%2CWordPress%2CShopify%2CWix%2CSquarespace%2CWebflow%2CDuda%2CTilda%2CNext.js%2CNuxt.js%2CAstro%2CGatsby%2CHugo%2CJekyll%2CEleventy%2CVercel%2CNetlify%2CGitHub+Pages%2CFramer+Sites%2CLovable%2CBase44&geo=ALL&rank=ALL&start=2020-01-01&end=2026-05-01,2026-06-15T22:17:28.655795Z
2021-12-01,Duda,CMS/ecommerce/builder,Hosted website builder,#dc2626,6349,19145,25494,ALL,ALL,HTTP Archive Technology Report API adoption endpoint,https://cdn.httparchive.org/v1/adoption?technology=ALL%2CWordPress%2CShopify%2CWix%2CSquarespace%2CWebflow%2CDuda%2CTilda%2CNext.js%2CNuxt.js%2CAstro%2CGatsby%2CHugo%2CJekyll%2CEleventy%2CVercel%2CNetlify%2CGitHub+Pages%2CFramer+Sites%2CLovable%2CBase44&geo=ALL&rank=ALL&start=2020-01-01&end=2026-05-01,2026-06-15T22:17:28.655795Z
2021-12-01,Gatsby,Static/app framework,React static site generator,#663399,10171,10584,20755,ALL,ALL,HTTP Archive Technology Report API adoption endpoint,https://cdn.httparchive.org/v1/adoption?technology=ALL%2CWordPress%2CShopify%2CWix%2CSquarespace%2CWebflow%2CDuda%2CTilda%2CNext.js%2CNuxt.js%2CAstro%2CGatsby%2CHugo%2CJekyll%2CEleventy%2CVercel%2CNetlify%2CGitHub+Pages%2CFramer+Sites%2CLovable%2CBase44&geo=ALL&rank=ALL&start=2020-01-01&end=2026-05-01,2026-06-15T22:17:28.655795Z
2021-12-01,GitHub Pages,Deployment surface,Static hosting platform,#6e7781,12768,8211,20979,ALL,ALL,HTTP Archive Technology Report API adoption endpoint,https://cdn.httparchive.org/v1/adoption?technology=ALL%2CWordPress%2CShopify%2CWix%2CSquarespace%2CWebflow%2CDuda%2CTilda%2CNext.js%2CNuxt.js%2CAstro%2CGatsby%2CHugo%2CJekyll%2CEleventy%2CVercel%2CNetlify%2CGitHub+Pages%2CFramer+Sites%2CLovable%2CBase44&geo=ALL&rank=ALL&start=2020-01-01&end=2026-05-01,2026-06-15T22:17:28.655795Z
2021-12-01,Hugo,Static/app framework,Static site generator,#ff4088,3778,3559,7337,ALL,ALL,HTTP Archive Technology Report API adoption endpoint,https://cdn.httparchive.org/v1/adoption?technology=ALL%2CWordPress%2CShopify%2CWix%2CSquarespace%2CWebflow%2CDuda%2CTilda%2CNext.js%2CNuxt.js%2CAstro%2CGatsby%2CHugo%2CJekyll%2CEleventy%2CVercel%2CNetlify%2CGitHub+Pages%2CFramer+Sites%2CLovable%2CBase44&geo=ALL&rank=ALL&start=2020-01-01&end=2026-05-01,2026-06-15T22:17:28.655795Z
2021-12-01,Jekyll,Static/app framework,Static site generator,#cc0000,2606,1787,4393,ALL,ALL,HTTP Archive Technology Report API adoption endpoint,https://cdn.httparchive.org/v1/adoption?technology=ALL%2CWordPress%2CShopify%2CWix%2CSquarespace%2CWebflow%2CDuda%2CTilda%2CNext.js%2CNuxt.js%2CAstro%2CGatsby%2CHugo%2CJekyll%2CEleventy%2CVercel%2CNetlify%2CGitHub+Pages%2CFramer+Sites%2CLovable%2CBase44&geo=ALL&rank=ALL&start=2020-01-01&end=2026-05-01,2026-06-15T22:17:28.655795Z
2021-12-01,Netlify,Deployment surface,Static/app deployment platform,#00ad9f,13215,13763,26978,ALL,ALL,HTTP Archive Technology Report API adoption endpoint,https://cdn.httparchive.org/v1/adoption?technology=ALL%2CWordPress%2CShopify%2CWix%2CSquarespace%2CWebflow%2CDuda%2CTilda%2CNext.js%2CNuxt.js%2CAstro%2CGatsby%2CHugo%2CJekyll%2CEleventy%2CVercel%2CNetlify%2CGitHub+Pages%2CFramer+Sites%2CLovable%2CBase44&geo=ALL&rank=ALL&start=2020-01-01&end=2026-05-01,2026-06-15T22:17:28.655795Z
2021-12-01,Next.js,Static/app framework,React app framework and static/hybrid generator,#111827,27082,32712,59794,ALL,ALL,HTTP Archive Technology Report API adoption endpoint,https://cdn.httparchive.org/v1/adoption?technology=ALL%2CWordPress%2CShopify%2CWix%2CSquarespace%2CWebflow%2CDuda%2CTilda%2CNext.js%2CNuxt.js%2CAstro%2CGatsby%2CHugo%2CJekyll%2CEleventy%2CVercel%2CNetlify%2CGitHub+Pages%2CFramer+Sites%2CLovable%2CBase44&geo=ALL&rank=ALL&start=2020-01-01&end=2026-05-01,2026-06-15T22:17:28.655795Z
2021-12-01,Nuxt.js,Static/app framework,Vue app framework and static/hybrid generator,#00dc82,18649,22441,41090,ALL,ALL,HTTP Archive Technology Report API adoption endpoint,https://cdn.httparchive.org/v1/adoption?technology=ALL%2CWordPress%2CShopify%2CWix%2CSquarespace%2CWebflow%2CDuda%2CTilda%2CNext.js%2CNuxt.js%2CAstro%2CGatsby%2CHugo%2CJekyll%2CEleventy%2CVercel%2CNetlify%2CGitHub+Pages%2CFramer+Sites%2CLovable%2CBase44&geo=ALL&rank=ALL&start=2020-01-01&end=2026-05-01,2026-06-15T22:17:28.655795Z
2021-12-01,Shopify,CMS/ecommerce/builder,Hosted ecommerce,#16a34a,145556,175076,320632,ALL,ALL,HTTP Archive Technology Report API adoption endpoint,https://cdn.httparchive.org/v1/adoption?technology=ALL%2CWordPress%2CShopify%2CWix%2CSquarespace%2CWebflow%2CDuda%2CTilda%2CNext.js%2CNuxt.js%2CAstro%2CGatsby%2CHugo%2CJekyll%2CEleventy%2CVercel%2CNetlify%2CGitHub+Pages%2CFramer+Sites%2CLovable%2CBase44&geo=ALL&rank=ALL&start=2020-01-01&end=2026-05-01,2026-06-15T22:17:28.655795Z
2021-12-01,Squarespace,CMS/ecommerce/builder,Hosted website builder,#64748b,46416,51607,98023,ALL,ALL,HTTP Archive Technology Report API adoption endpoint,https://cdn.httparchive.org/v1/adoption?technology=ALL%2CWordPress%2CShopify%2CWix%2CSquarespace%2CWebflow%2CDuda%2CTilda%2CNext.js%2CNuxt.js%2CAstro%2CGatsby%2CHugo%2CJekyll%2CEleventy%2CVercel%2CNetlify%2CGitHub+Pages%2CFramer+Sites%2CLovable%2CBase44&geo=ALL&rank=ALL&start=2020-01-01&end=2026-05-01,2026-06-15T22:17:28.655795Z
2021-12-01,Tilda,CMS/ecommerce/builder,Hosted website builder,#a855f7,6500,14921,21421,ALL,ALL,HTTP Archive Technology Report API adoption endpoint,https://cdn.httparchive.org/v1/adoption?technology=ALL%2CWordPress%2CShopify%2CWix%2CSquarespace%2CWebflow%2CDuda%2CTilda%2CNext.js%2CNuxt.js%2CAstro%2CGatsby%2CHugo%2CJekyll%2CEleventy%2CVercel%2CNetlify%2CGitHub+Pages%2CFramer+Sites%2CLovable%2CBase44&geo=ALL&rank=ALL&start=2020-01-01&end=2026-05-01,2026-06-15T22:17:28.655795Z
2021-12-01,Vercel,Deployment surface,Frontend cloud/PaaS often paired with Next.js,#000000,6763,7090,13853,ALL,ALL,HTTP Archive Technology Report API adoption endpoint,https://cdn.httparchive.org/v1/adoption?technology=ALL%2CWordPress%2CShopify%2CWix%2CSquarespace%2CWebflow%2CDuda%2CTilda%2CNext.js%2CNuxt.js%2CAstro%2CGatsby%2CHugo%2CJekyll%2CEleventy%2CVercel%2CNetlify%2CGitHub+Pages%2CFramer+Sites%2CLovable%2CBase44&geo=ALL&rank=ALL&start=2020-01-01&end=2026-05-01,2026-06-15T22:17:28.655795Z
2021-12-01,Webflow,CMS/ecommerce/builder,Visual website builder/CMS,#0891b2,17868,19698,37566,ALL,ALL,HTTP Archive Technology Report API adoption endpoint,https://cdn.httparchive.org/v1/adoption?technology=ALL%2CWordPress%2CShopify%2CWix%2CSquarespace%2CWebflow%2CDuda%2CTilda%2CNext.js%2CNuxt.js%2CAstro%2CGatsby%2CHugo%2CJekyll%2CEleventy%2CVercel%2CNetlify%2CGitHub+Pages%2CFramer+Sites%2CLovable%2CBase44&geo=ALL&rank=ALL&start=2020-01-01&end=2026-05-01,2026-06-15T22:17:28.655795Z
2021-12-01,Wix,CMS/ecommerce/builder,Hosted website builder,#f59e0b,41292,93069,134361,ALL,ALL,HTTP Archive Technology Report API adoption endpoint,https://cdn.httparchive.org/v1/adoption?technology=ALL%2CWordPress%2CShopify%2CWix%2CSquarespace%2CWebflow%2CDuda%2CTilda%2CNext.js%2CNuxt.js%2CAstro%2CGatsby%2CHugo%2CJekyll%2CEleventy%2CVercel%2CNetlify%2CGitHub+Pages%2CFramer+Sites%2CLovable%2CBase44&geo=ALL&rank=ALL&start=2020-01-01&end=2026-05-01,2026-06-15T22:17:28.655795Z
2021-12-01,WordPress,CMS/ecommerce/builder,Open-source CMS,#2563eb,1460590,2022071,3482661,ALL,ALL,HTTP Archive Technology Report API adoption endpoint,https://cdn.httparchive.org/v1/adoption?technology=ALL%2CWordPress%2CShopify%2CWix%2CSquarespace%2CWebflow%2CDuda%2CTilda%2CNext.js%2CNuxt.js%2CAstro%2CGatsby%2CHugo%2CJekyll%2CEleventy%2CVercel%2CNetlify%2CGitHub+Pages%2CFramer+Sites%2CLovable%2CBase44&geo=ALL&rank=ALL&start=2020-01-01&end=2026-05-01,2026-06-15T22:17:28.655795Z
2022-01-01,ALL,All origins,All HTTP Archive crawl origins,#0f172a,4874305,6354932,11229237,ALL,ALL,HTTP Archive Technology Report API adoption endpoint,https://cdn.httparchive.org/v1/adoption?technology=ALL%2CWordPress%2CShopify%2CWix%2CSquarespace%2CWebflow%2CDuda%2CTilda%2CNext.js%2CNuxt.js%2CAstro%2CGatsby%2CHugo%2CJekyll%2CEleventy%2CVercel%2CNetlify%2CGitHub+Pages%2CFramer+Sites%2CLovable%2CBase44&geo=ALL&rank=ALL&start=2020-01-01&end=2026-05-01,2026-06-15T22:17:28.655795Z
2022-01-01,Duda,CMS/ecommerce/builder,Hosted website builder,#dc2626,7315,20320,27635,ALL,ALL,HTTP Archive Technology Report API adoption endpoint,https://cdn.httparchive.org/v1/adoption?technology=ALL%2CWordPress%2CShopify%2CWix%2CSquarespace%2CWebflow%2CDuda%2CTilda%2CNext.js%2CNuxt.js%2CAstro%2CGatsby%2CHugo%2CJekyll%2CEleventy%2CVercel%2CNetlify%2CGitHub+Pages%2CFramer+Sites%2CLovable%2CBase44&geo=ALL&rank=ALL&start=2020-01-01&end=2026-05-01,2026-06-15T22:17:28.655795Z
2022-01-01,Gatsby,Static/app framework,React static site generator,#663399,10906,11154,22060,ALL,ALL,HTTP Archive Technology Report API adoption endpoint,https://cdn.httparchive.org/v1/adoption?technology=ALL%2CWordPress%2CShopify%2CWix%2CSquarespace%2CWebflow%2CDuda%2CTilda%2CNext.js%2CNuxt.js%2CAstro%2CGatsby%2CHugo%2CJekyll%2CEleventy%2CVercel%2CNetlify%2CGitHub+Pages%2CFramer+Sites%2CLovable%2CBase44&geo=ALL&rank=ALL&start=2020-01-01&end=2026-05-01,2026-06-15T22:17:28.655795Z
2022-01-01,GitHub Pages,Deployment surface,Static hosting platform,#6e7781,13516,8457,21973,ALL,ALL,HTTP Archive Technology Report API adoption endpoint,https://cdn.httparchive.org/v1/adoption?technology=ALL%2CWordPress%2CShopify%2CWix%2CSquarespace%2CWebflow%2CDuda%2CTilda%2CNext.js%2CNuxt.js%2CAstro%2CGatsby%2CHugo%2CJekyll%2CEleventy%2CVercel%2CNetlify%2CGitHub+Pages%2CFramer+Sites%2CLovable%2CBase44&geo=ALL&rank=ALL&start=2020-01-01&end=2026-05-01,2026-06-15T22:17:28.655795Z
2022-01-01,Hugo,Static/app framework,Static site generator,#ff4088,4094,3738,7832,ALL,ALL,HTTP Archive Technology Report API adoption endpoint,https://cdn.httparchive.org/v1/adoption?technology=ALL%2CWordPress%2CShopify%2CWix%2CSquarespace%2CWebflow%2CDuda%2CTilda%2CNext.js%2CNuxt.js%2CAstro%2CGatsby%2CHugo%2CJekyll%2CEleventy%2CVercel%2CNetlify%2CGitHub+Pages%2CFramer+Sites%2CLovable%2CBase44&geo=ALL&rank=ALL&start=2020-01-01&end=2026-05-01,2026-06-15T22:17:28.655795Z
2022-01-01,Jekyll,Static/app framework,Static site generator,#cc0000,2772,1832,4604,ALL,ALL,HTTP Archive Technology Report API adoption endpoint,https://cdn.httparchive.org/v1/adoption?technology=ALL%2CWordPress%2CShopify%2CWix%2CSquarespace%2CWebflow%2CDuda%2CTilda%2CNext.js%2CNuxt.js%2CAstro%2CGatsby%2CHugo%2CJekyll%2CEleventy%2CVercel%2CNetlify%2CGitHub+Pages%2CFramer+Sites%2CLovable%2CBase44&geo=ALL&rank=ALL&start=2020-01-01&end=2026-05-01,2026-06-15T22:17:28.655795Z
2022-01-01,Netlify,Deployment surface,Static/app deployment platform,#00ad9f,14326,14607,28933,ALL,ALL,HTTP Archive Technology Report API adoption endpoint,https://cdn.httparchive.org/v1/adoption?technology=ALL%2CWordPress%2CShopify%2CWix%2CSquarespace%2CWebflow%2CDuda%2CTilda%2CNext.js%2CNuxt.js%2CAstro%2CGatsby%2CHugo%2CJekyll%2CEleventy%2CVercel%2CNetlify%2CGitHub+Pages%2CFramer+Sites%2CLovable%2CBase44&geo=ALL&rank=ALL&start=2020-01-01&end=2026-05-01,2026-06-15T22:17:28.655795Z
2022-01-01,Next.js,Static/app framework,React app framework and static/hybrid generator,#111827,29494,35245,64739,ALL,ALL,HTTP Archive Technology Report API adoption endpoint,https://cdn.httparchive.org/v1/adoption?technology=ALL%2CWordPress%2CShopify%2CWix%2CSquarespace%2CWebflow%2CDuda%2CTilda%2CNext.js%2CNuxt.js%2CAstro%2CGatsby%2CHugo%2CJekyll%2CEleventy%2CVercel%2CNetlify%2CGitHub+Pages%2CFramer+Sites%2CLovable%2CBase44&geo=ALL&rank=ALL&start=2020-01-01&end=2026-05-01,2026-06-15T22:17:28.655795Z
2022-01-01,Nuxt.js,Static/app framework,Vue app framework and static/hybrid generator,#00dc82,19804,23874,43678,ALL,ALL,HTTP Archive Technology Report API adoption endpoint,https://cdn.httparchive.org/v1/adoption?technology=ALL%2CWordPress%2CShopify%2CWix%2CSquarespace%2CWebflow%2CDuda%2CTilda%2CNext.js%2CNuxt.js%2CAstro%2CGatsby%2CHugo%2CJekyll%2CEleventy%2CVercel%2CNetlify%2CGitHub+Pages%2CFramer+Sites%2CLovable%2CBase44&geo=ALL&rank=ALL&start=2020-01-01&end=2026-05-01,2026-06-15T22:17:28.655795Z
2022-01-01,Shopify,CMS/ecommerce/builder,Hosted ecommerce,#16a34a,153946,184533,338479,ALL,ALL,HTTP Archive Technology Report API adoption endpoint,https://cdn.httparchive.org/v1/adoption?technology=ALL%2CWordPress%2CShopify%2CWix%2CSquarespace%2CWebflow%2CDuda%2CTilda%2CNext.js%2CNuxt.js%2CAstro%2CGatsby%2CHugo%2CJekyll%2CEleventy%2CVercel%2CNetlify%2CGitHub+Pages%2CFramer+Sites%2CLovable%2CBase44&geo=ALL&rank=ALL&start=2020-01-01&end=2026-05-01,2026-06-15T22:17:28.655795Z
2022-01-01,Squarespace,CMS/ecommerce/builder,Hosted website builder,#64748b,51350,55511,106861,ALL,ALL,HTTP Archive Technology Report API adoption endpoint,https://cdn.httparchive.org/v1/adoption?technology=ALL%2CWordPress%2CShopify%2CWix%2CSquarespace%2CWebflow%2CDuda%2CTilda%2CNext.js%2CNuxt.js%2CAstro%2CGatsby%2CHugo%2CJekyll%2CEleventy%2CVercel%2CNetlify%2CGitHub+Pages%2CFramer+Sites%2CLovable%2CBase44&geo=ALL&rank=ALL&start=2020-01-01&end=2026-05-01,2026-06-15T22:17:28.655795Z
2022-01-01,Tilda,CMS/ecommerce/builder,Hosted website builder,#a855f7,6997,16496,23493,ALL,ALL,HTTP Archive Technology Report API adoption endpoint,https://cdn.httparchive.org/v1/adoption?technology=ALL%2CWordPress%2CShopify%2CWix%2CSquarespace%2CWebflow%2CDuda%2CTilda%2CNext.js%2CNuxt.js%2CAstro%2CGatsby%2CHugo%2CJekyll%2CEleventy%2CVercel%2CNetlify%2CGitHub+Pages%2CFramer+Sites%2CLovable%2CBase44&geo=ALL&rank=ALL&start=2020-01-01&end=2026-05-01,2026-06-15T22:17:28.655795Z
2022-01-01,Vercel,Deployment surface,Frontend cloud/PaaS often paired with Next.js,#000000,7675,7953,15628,ALL,ALL,HTTP Archive Technology Report API adoption endpoint,https://cdn.httparchive.org/v1/adoption?technology=ALL%2CWordPress%2CShopify%2CWix%2CSquarespace%2CWebflow%2CDuda%2CTilda%2CNext.js%2CNuxt.js%2CAstro%2CGatsby%2CHugo%2CJekyll%2CEleventy%2CVercel%2CNetlify%2CGitHub+Pages%2CFramer+Sites%2CLovable%2CBase44&geo=ALL&rank=ALL&start=2020-01-01&end=2026-05-01,2026-06-15T22:17:28.655795Z
2022-01-01,Webflow,CMS/ecommerce/builder,Visual website builder/CMS,#0891b2,20007,21433,41440,ALL,ALL,HTTP Archive Technology Report API adoption endpoint,https://cdn.httparchive.org/v1/adoption?technology=ALL%2CWordPress%2CShopify%2CWix%2CSquarespace%2CWebflow%2CDuda%2CTilda%2CNext.js%2CNuxt.js%2CAstro%2CGatsby%2CHugo%2CJekyll%2CEleventy%2CVercel%2CNetlify%2CGitHub+Pages%2CFramer+Sites%2CLovable%2CBase44&geo=ALL&rank=ALL&start=2020-01-01&end=2026-05-01,2026-06-15T22:17:28.655795Z
2022-01-01,Wix,CMS/ecommerce/builder,Hosted website builder,#f59e0b,46315,99041,145356,ALL,ALL,HTTP Archive Technology Report API adoption endpoint,https://cdn.httparchive.org/v1/adoption?technology=ALL%2CWordPress%2CShopify%2CWix%2CSquarespace%2CWebflow%2CDuda%2CTilda%2CNext.js%2CNuxt.js%2CAstro%2CGatsby%2CHugo%2CJekyll%2CEleventy%2CVercel%2CNetlify%2CGitHub+Pages%2CFramer+Sites%2CLovable%2CBase44&geo=ALL&rank=ALL&start=2020-01-01&end=2026-05-01,2026-06-15T22:17:28.655795Z
2022-01-01,WordPress,CMS/ecommerce/builder,Open-source CMS,#2563eb,1581786,2134548,3716334,ALL,ALL,HTTP Archive Technology Report API adoption endpoint,https://cdn.httparchive.org/v1/adoption?technology=ALL%2CWordPress%2CShopify%2CWix%2CSquarespace%2CWebflow%2CDuda%2CTilda%2CNext.js%2CNuxt.js%2CAstro%2CGatsby%2CHugo%2CJekyll%2CEleventy%2CVercel%2CNetlify%2CGitHub+Pages%2CFramer+Sites%2CLovable%2CBase44&geo=ALL&rank=ALL&start=2020-01-01&end=2026-05-01,2026-06-15T22:17:28.655795Z
2022-02-01,ALL,All origins,All HTTP Archive crawl origins,#0f172a,4592935,6229781,10822716,ALL,ALL,HTTP Archive Technology Report API adoption endpoint,https://cdn.httparchive.org/v1/adoption?technology=ALL%2CWordPress%2CShopify%2CWix%2CSquarespace%2CWebflow%2CDuda%2CTilda%2CNext.js%2CNuxt.js%2CAstro%2CGatsby%2CHugo%2CJekyll%2CEleventy%2CVercel%2CNetlify%2CGitHub+Pages%2CFramer+Sites%2CLovable%2CBase44&geo=ALL&rank=ALL&start=2020-01-01&end=2026-05-01,2026-06-15T22:17:28.655795Z
2022-02-01,Astro,Static/app framework,Static site generator/app framework,#fb7185,12,12,24,ALL,ALL,HTTP Archive Technology Report API adoption endpoint,https://cdn.httparchive.org/v1/adoption?technology=ALL%2CWordPress%2CShopify%2CWix%2CSquarespace%2CWebflow%2CDuda%2CTilda%2CNext.js%2CNuxt.js%2CAstro%2CGatsby%2CHugo%2CJekyll%2CEleventy%2CVercel%2CNetlify%2CGitHub+Pages%2CFramer+Sites%2CLovable%2CBase44&geo=ALL&rank=ALL&start=2020-01-01&end=2026-05-01,2026-06-15T22:17:28.655795Z
2022-02-01,Duda,CMS/ecommerce/builder,Hosted website builder,#dc2626,6621,20632,27253,ALL,ALL,HTTP Archive Technology Report API adoption endpoint,https://cdn.httparchive.org/v1/adoption?technology=ALL%2CWordPress%2CShopify%2CWix%2CSquarespace%2CWebflow%2CDuda%2CTilda%2CNext.js%2CNuxt.js%2CAstro%2CGatsby%2CHugo%2CJekyll%2CEleventy%2CVercel%2CNetlify%2CGitHub+Pages%2CFramer+Sites%2CLovable%2CBase44&geo=ALL&rank=ALL&start=2020-01-01&end=2026-05-01,2026-06-15T22:17:28.655795Z
2022-02-01,Gatsby,Static/app framework,React static site generator,#663399,10061,10723,20784,ALL,ALL,HTTP Archive Technology Report API adoption endpoint,https://cdn.httparchive.org/v1/adoption?technology=ALL%2CWordPress%2CShopify%2CWix%2CSquarespace%2CWebflow%2CDuda%2CTilda%2CNext.js%2CNuxt.js%2CAstro%2CGatsby%2CHugo%2CJekyll%2CEleventy%2CVercel%2CNetlify%2CGitHub+Pages%2CFramer+Sites%2CLovable%2CBase44&geo=ALL&rank=ALL&start=2020-01-01&end=2026-05-01,2026-06-15T22:17:28.655795Z
2022-02-01,GitHub Pages,Deployment surface,Static hosting platform,#6e7781,12962,8447,21409,ALL,ALL,HTTP Archive Technology Report API adoption endpoint,https://cdn.httparchive.org/v1/adoption?technology=ALL%2CWordPress%2CShopify%2CWix%2CSquarespace%2CWebflow%2CDuda%2CTilda%2CNext.js%2CNuxt.js%2CAstro%2CGatsby%2CHugo%2CJekyll%2CEleventy%2CVercel%2CNetlify%2CGitHub+Pages%2CFramer+Sites%2CLovable%2CBase44&geo=ALL&rank=ALL&start=2020-01-01&end=2026-05-01,2026-06-15T22:17:28.655795Z
2022-02-01,Hugo,Static/app framework,Static site generator,#ff4088,3874,3701,7575,ALL,ALL,HTTP Archive Technology Report API adoption endpoint,https://cdn.httparchive.org/v1/adoption?technology=ALL%2CWordPress%2CShopify%2CWix%2CSquarespace%2CWebflow%2CDuda%2CTilda%2CNext.js%2CNuxt.js%2CAstro%2CGatsby%2CHugo%2CJekyll%2CEleventy%2CVercel%2CNetlify%2CGitHub+Pages%2CFramer+Sites%2CLovable%2CBase44&geo=ALL&rank=ALL&start=2020-01-01&end=2026-05-01,2026-06-15T22:17:28.655795Z
2022-02-01,Jekyll,Static/app framework,Static site generator,#cc0000,2698,1873,4571,ALL,ALL,HTTP Archive Technology Report API adoption endpoint,https://cdn.httparchive.org/v1/adoption?technology=ALL%2CWordPress%2CShopify%2CWix%2CSquarespace%2CWebflow%2CDuda%2CTilda%2CNext.js%2CNuxt.js%2CAstro%2CGatsby%2CHugo%2CJekyll%2CEleventy%2CVercel%2CNetlify%2CGitHub+Pages%2CFramer+Sites%2CLovable%2CBase44&geo=ALL&rank=ALL&start=2020-01-01&end=2026-05-01,2026-06-15T22:17:28.655795Z
2022-02-01,Netlify,Deployment surface,Static/app deployment platform,#00ad9f,13703,14526,28229,ALL,ALL,HTTP Archive Technology Report API adoption endpoint,https://cdn.httparchive.org/v1/adoption?technology=ALL%2CWordPress%2CShopify%2CWix%2CSquarespace%2CWebflow%2CDuda%2CTilda%2CNext.js%2CNuxt.js%2CAstro%2CGatsby%2CHugo%2CJekyll%2CEleventy%2CVercel%2CNetlify%2CGitHub+Pages%2CFramer+Sites%2CLovable%2CBase44&geo=ALL&rank=ALL&start=2020-01-01&end=2026-05-01,2026-06-15T22:17:28.655795Z
2022-02-01,Next.js,Static/app framework,React app framework and static/hybrid generator,#111827,29813,36978,66791,ALL,ALL,HTTP Archive Technology Report API adoption endpoint,https://cdn.httparchive.org/v1/adoption?technology=ALL%2CWordPress%2CShopify%2CWix%2CSquarespace%2CWebflow%2CDuda%2CTilda%2CNext.js%2CNuxt.js%2CAstro%2CGatsby%2CHugo%2CJekyll%2CEleventy%2CVercel%2CNetlify%2CGitHub+Pages%2CFramer+Sites%2CLovable%2CBase44&geo=ALL&rank=ALL&start=2020-01-01&end=2026-05-01,2026-06-15T22:17:28.655795Z
2022-02-01,Nuxt.js,Static/app framework,Vue app framework and static/hybrid generator,#00dc82,19950,25002,44952,ALL,ALL,HTTP Archive Technology Report API adoption endpoint,https://cdn.httparchive.org/v1/adoption?technology=ALL%2CWordPress%2CShopify%2CWix%2CSquarespace%2CWebflow%2CDuda%2CTilda%2CNext.js%2CNuxt.js%2CAstro%2CGatsby%2CHugo%2CJekyll%2CEleventy%2CVercel%2CNetlify%2CGitHub+Pages%2CFramer+Sites%2CLovable%2CBase44&geo=ALL&rank=ALL&start=2020-01-01&end=2026-05-01,2026-06-15T22:17:28.655795Z
2022-02-01,Shopify,CMS/ecommerce/builder,Hosted ecommerce,#16a34a,146316,181552,327868,ALL,ALL,HTTP Archive Technology Report API adoption endpoint,https://cdn.httparchive.org/v1/adoption?technology=ALL%2CWordPress%2CShopify%2CWix%2CSquarespace%2CWebflow%2CDuda%2CTilda%2CNext.js%2CNuxt.js%2CAstro%2CGatsby%2CHugo%2CJekyll%2CEleventy%2CVercel%2CNetlify%2CGitHub+Pages%2CFramer+Sites%2CLovable%2CBase44&geo=ALL&rank=ALL&start=2020-01-01&end=2026-05-01,2026-06-15T22:17:28.655795Z
2022-02-01,Squarespace,CMS/ecommerce/builder,Hosted website builder,#64748b,47026,53503,100529,ALL,ALL,HTTP Archive Technology Report API adoption endpoint,https://cdn.httparchive.org/v1/adoption?technology=ALL%2CWordPress%2CShopify%2CWix%2CSquarespace%2CWebflow%2CDuda%2CTilda%2CNext.js%2CNuxt.js%2CAstro%2CGatsby%2CHugo%2CJekyll%2CEleventy%2CVercel%2CNetlify%2CGitHub+Pages%2CFramer+Sites%2CLovable%2CBase44&geo=ALL&rank=ALL&start=2020-01-01&end=2026-05-01,2026-06-15T22:17:28.655795Z
2022-02-01,Tilda,CMS/ecommerce/builder,Hosted website builder,#a855f7,6748,16081,22829,ALL,ALL,HTTP Archive Technology Report API adoption endpoint,https://cdn.httparchive.org/v1/adoption?technology=ALL%2CWordPress%2CShopify%2CWix%2CSquarespace%2CWebflow%2CDuda%2CTilda%2CNext.js%2CNuxt.js%2CAstro%2CGatsby%2CHugo%2CJekyll%2CEleventy%2CVercel%2CNetlify%2CGitHub+Pages%2CFramer+Sites%2CLovable%2CBase44&geo=ALL&rank=ALL&start=2020-01-01&end=2026-05-01,2026-06-15T22:17:28.655795Z
2022-02-01,Vercel,Deployment surface,Frontend cloud/PaaS often paired with Next.js,#000000,7821,8249,16070,ALL,ALL,HTTP Archive Technology Report API adoption endpoint,https://cdn.httparchive.org/v1/adoption?technology=ALL%2CWordPress%2CShopify%2CWix%2CSquarespace%2CWebflow%2CDuda%2CTilda%2CNext.js%2CNuxt.js%2CAstro%2CGatsby%2CHugo%2CJekyll%2CEleventy%2CVercel%2CNetlify%2CGitHub+Pages%2CFramer+Sites%2CLovable%2CBase44&geo=ALL&rank=ALL&start=2020-01-01&end=2026-05-01,2026-06-15T22:17:28.655795Z
2022-02-01,Webflow,CMS/ecommerce/builder,Visual website builder/CMS,#0891b2,19001,21481,40482,ALL,ALL,HTTP Archive Technology Report API adoption endpoint,https://cdn.httparchive.org/v1/adoption?technology=ALL%2CWordPress%2CShopify%2CWix%2CSquarespace%2CWebflow%2CDuda%2CTilda%2CNext.js%2CNuxt.js%2CAstro%2CGatsby%2CHugo%2CJekyll%2CEleventy%2CVercel%2CNetlify%2CGitHub+Pages%2CFramer+Sites%2CLovable%2CBase44&geo=ALL&rank=ALL&start=2020-01-01&end=2026-05-01,2026-06-15T22:17:28.655795Z
2022-02-01,Wix,CMS/ecommerce/builder,Hosted website builder,#f59e0b,42175,98332,140507,ALL,ALL,HTTP Archive Technology Report API adoption endpoint,https://cdn.httparchive.org/v1/adoption?technology=ALL%2CWordPress%2CShopify%2CWix%2CSquarespace%2CWebflow%2CDuda%2CTilda%2CNext.js%2CNuxt.js%2CAstro%2CGatsby%2CHugo%2CJekyll%2CEleventy%2CVercel%2CNetlify%2CGitHub+Pages%2CFramer+Sites%2CLovable%2CBase44&geo=ALL&rank=ALL&start=2020-01-01&end=2026-05-01,2026-06-15T22:17:28.655795Z
2022-02-01,WordPress,CMS/ecommerce/builder,Open-source CMS,#2563eb,1464215,2088574,3552789,ALL,ALL,HTTP Archive Technology Report API adoption endpoint,https://cdn.httparchive.org/v1/adoption?technology=ALL%2CWordPress%2CShopify%2CWix%2CSquarespace%2CWebflow%2CDuda%2CTilda%2CNext.js%2CNuxt.js%2CAstro%2CGatsby%2CHugo%2CJekyll%2CEleventy%2CVercel%2CNetlify%2CGitHub+Pages%2CFramer+Sites%2CLovable%2CBase44&geo=ALL&rank=ALL&start=2020-01-01&end=2026-05-01,2026-06-15T22:17:28.655795Z
2022-03-01,ALL,All origins,All HTTP Archive crawl origins,#0f172a,4821316,6416511,11237827,ALL,ALL,HTTP Archive Technology Report API adoption endpoint,https://cdn.httparchive.org/v1/adoption?technology=ALL%2CWordPress%2CShopify%2CWix%2CSquarespace%2CWebflow%2CDuda%2CTilda%2CNext.js%2CNuxt.js%2CAstro%2CGatsby%2CHugo%2CJekyll%2CEleventy%2CVercel%2CNetlify%2CGitHub+Pages%2CFramer+Sites%2CLovable%2CBase44&geo=ALL&rank=ALL&start=2020-01-01&end=2026-05-01,2026-06-15T22:17:28.655795Z
2022-03-01,Astro,Static/app framework,Static site generator/app framework,#fb7185,12,12,24,ALL,ALL,HTTP Archive Technology Report API adoption endpoint,https://cdn.httparchive.org/v1/adoption?technology=ALL%2CWordPress%2CShopify%2CWix%2CSquarespace%2CWebflow%2CDuda%2CTilda%2CNext.js%2CNuxt.js%2CAstro%2CGatsby%2CHugo%2CJekyll%2CEleventy%2CVercel%2CNetlify%2CGitHub+Pages%2CFramer+Sites%2CLovable%2CBase44&geo=ALL&rank=ALL&start=2020-01-01&end=2026-05-01,2026-06-15T22:17:28.655795Z
2022-03-01,Duda,CMS/ecommerce/builder,Hosted website builder,#dc2626,7801,21866,29667,ALL,ALL,HTTP Archive Technology Report API adoption endpoint,https://cdn.httparchive.org/v1/adoption?technology=ALL%2CWordPress%2CShopify%2CWix%2CSquarespace%2CWebflow%2CDuda%2CTilda%2CNext.js%2CNuxt.js%2CAstro%2CGatsby%2CHugo%2CJekyll%2CEleventy%2CVercel%2CNetlify%2CGitHub+Pages%2CFramer+Sites%2CLovable%2CBase44&geo=ALL&rank=ALL&start=2020-01-01&end=2026-05-01,2026-06-15T22:17:28.655795Z
2022-03-01,Gatsby,Static/app framework,React static site generator,#663399,10694,11151,21845,ALL,ALL,HTTP Archive Technology Report API adoption endpoint,https://cdn.httparchive.org/v1/adoption?technology=ALL%2CWordPress%2CShopify%2CWix%2CSquarespace%2CWebflow%2CDuda%2CTilda%2CNext.js%2CNuxt.js%2CAstro%2CGatsby%2CHugo%2CJekyll%2CEleventy%2CVercel%2CNetlify%2CGitHub+Pages%2CFramer+Sites%2CLovable%2CBase44&geo=ALL&rank=ALL&start=2020-01-01&end=2026-05-01,2026-06-15T22:17:28.655795Z
2022-03-01,GitHub Pages,Deployment surface,Static hosting platform,#6e7781,13618,8509,22127,ALL,ALL,HTTP Archive Technology Report API adoption endpoint,https://cdn.httparchive.org/v1/adoption?technology=ALL%2CWordPress%2CShopify%2CWix%2CSquarespace%2CWebflow%2CDuda%2CTilda%2CNext.js%2CNuxt.js%2CAstro%2CGatsby%2CHugo%2CJekyll%2CEleventy%2CVercel%2CNetlify%2CGitHub+Pages%2CFramer+Sites%2CLovable%2CBase44&geo=ALL&rank=ALL&start=2020-01-01&end=2026-05-01,2026-06-15T22:17:28.655795Z
2022-03-01,Hugo,Static/app framework,Static site generator,#ff4088,4206,3881,8087,ALL,ALL,HTTP Archive Technology Report API adoption endpoint,https://cdn.httparchive.org/v1/adoption?technology=ALL%2CWordPress%2CShopify%2CWix%2CSquarespace%2CWebflow%2CDuda%2CTilda%2CNext.js%2CNuxt.js%2CAstro%2CGatsby%2CHugo%2CJekyll%2CEleventy%2CVercel%2CNetlify%2CGitHub+Pages%2CFramer+Sites%2CLovable%2CBase44&geo=ALL&rank=ALL&start=2020-01-01&end=2026-05-01,2026-06-15T22:17:28.655795Z
2022-03-01,Jekyll,Static/app framework,Static site generator,#cc0000,2855,1904,4759,ALL,ALL,HTTP Archive Technology Report API adoption endpoint,https://cdn.httparchive.org/v1/adoption?technology=ALL%2CWordPress%2CShopify%2CWix%2CSquarespace%2CWebflow%2CDuda%2CTilda%2CNext.js%2CNuxt.js%2CAstro%2CGatsby%2CHugo%2CJekyll%2CEleventy%2CVercel%2CNetlify%2CGitHub+Pages%2CFramer+Sites%2CLovable%2CBase44&geo=ALL&rank=ALL&start=2020-01-01&end=2026-05-01,2026-06-15T22:17:28.655795Z
2022-03-01,Netlify,Deployment surface,Static/app deployment platform,#00ad9f,14601,15100,29701,ALL,ALL,HTTP Archive Technology Report API adoption endpoint,https://cdn.httparchive.org/v1/adoption?technology=ALL%2CWordPress%2CShopify%2CWix%2CSquarespace%2CWebflow%2CDuda%2CTilda%2CNext.js%2CNuxt.js%2CAstro%2CGatsby%2CHugo%2CJekyll%2CEleventy%2CVercel%2CNetlify%2CGitHub+Pages%2CFramer+Sites%2CLovable%2CBase44&geo=ALL&rank=ALL&start=2020-01-01&end=2026-05-01,2026-06-15T22:17:28.655795Z
2022-03-01,Next.js,Static/app framework,React app framework and static/hybrid generator,#111827,31922,38928,70850,ALL,ALL,HTTP Archive Technology Report API adoption endpoint,https://cdn.httparchive.org/v1/adoption?technology=ALL%2CWordPress%2CShopify%2CWix%2CSquarespace%2CWebflow%2CDuda%2CTilda%2CNext.js%2CNuxt.js%2CAstro%2CGatsby%2CHugo%2CJekyll%2CEleventy%2CVercel%2CNetlify%2CGitHub+Pages%2CFramer+Sites%2CLovable%2CBase44&geo=ALL&rank=ALL&start=2020-01-01&end=2026-05-01,2026-06-15T22:17:28.655795Z
2022-03-01,Nuxt.js,Static/app framework,Vue app framework and static/hybrid generator,#00dc82,20898,25990,46888,ALL,ALL,HTTP Archive Technology Report API adoption endpoint,https://cdn.httparchive.org/v1/adoption?technology=ALL%2CWordPress%2CShopify%2CWix%2CSquarespace%2CWebflow%2CDuda%2CTilda%2CNext.js%2CNuxt.js%2CAstro%2CGatsby%2CHugo%2CJekyll%2CEleventy%2CVercel%2CNetlify%2CGitHub+Pages%2CFramer+Sites%2CLovable%2CBase44&geo=ALL&rank=ALL&start=2020-01-01&end=2026-05-01,2026-06-15T22:17:28.655795Z
2022-03-01,Shopify,CMS/ecommerce/builder,Hosted ecommerce,#16a34a,149827,186163,335990,ALL,ALL,HTTP Archive Technology Report API adoption endpoint,https://cdn.httparchive.org/v1/adoption?technology=ALL%2CWordPress%2CShopify%2CWix%2CSquarespace%2CWebflow%2CDuda%2CTilda%2CNext.js%2CNuxt.js%2CAstro%2CGatsby%2CHugo%2CJekyll%2CEleventy%2CVercel%2CNetlify%2CGitHub+Pages%2CFramer+Sites%2CLovable%2CBase44&geo=ALL&rank=ALL&start=2020-01-01&end=2026-05-01,2026-06-15T22:17:28.655795Z
2022-03-01,Squarespace,CMS/ecommerce/builder,Hosted website builder,#64748b,52234,57653,109887,ALL,ALL,HTTP Archive Technology Report API adoption endpoint,https://cdn.httparchive.org/v1/adoption?technology=ALL%2CWordPress%2CShopify%2CWix%2CSquarespace%2CWebflow%2CDuda%2CTilda%2CNext.js%2CNuxt.js%2CAstro%2CGatsby%2CHugo%2CJekyll%2CEleventy%2CVercel%2CNetlify%2CGitHub+Pages%2CFramer+Sites%2CLovable%2CBase44&geo=ALL&rank=ALL&start=2020-01-01&end=2026-05-01,2026-06-15T22:17:28.655795Z
2022-03-01,Tilda,CMS/ecommerce/builder,Hosted website builder,#a855f7,5708,13508,19216,ALL,ALL,HTTP Archive Technology Report API adoption endpoint,https://cdn.httparchive.org/v1/adoption?technology=ALL%2CWordPress%2CShopify%2CWix%2CSquarespace%2CWebflow%2CDuda%2CTilda%2CNext.js%2CNuxt.js%2CAstro%2CGatsby%2CHugo%2CJekyll%2CEleventy%2CVercel%2CNetlify%2CGitHub+Pages%2CFramer+Sites%2CLovable%2CBase44&geo=ALL&rank=ALL&start=2020-01-01&end=2026-05-01,2026-06-15T22:17:28.655795Z
2022-03-01,Vercel,Deployment surface,Frontend cloud/PaaS often paired with Next.js,#000000,8609,8893,17502,ALL,ALL,HTTP Archive Technology Report API adoption endpoint,https://cdn.httparchive.org/v1/adoption?technology=ALL%2CWordPress%2CShopify%2CWix%2CSquarespace%2CWebflow%2CDuda%2CTilda%2CNext.js%2CNuxt.js%2CAstro%2CGatsby%2CHugo%2CJekyll%2CEleventy%2CVercel%2CNetlify%2CGitHub+Pages%2CFramer+Sites%2CLovable%2CBase44&geo=ALL&rank=ALL&start=2020-01-01&end=2026-05-01,2026-06-15T22:17:28.655795Z
2022-03-01,Webflow,CMS/ecommerce/builder,Visual website builder/CMS,#0891b2,21108,23137,44245,ALL,ALL,HTTP Archive Technology Report API adoption endpoint,https://cdn.httparchive.org/v1/adoption?technology=ALL%2CWordPress%2CShopify%2CWix%2CSquarespace%2CWebflow%2CDuda%2CTilda%2CNext.js%2CNuxt.js%2CAstro%2CGatsby%2CHugo%2CJekyll%2CEleventy%2CVercel%2CNetlify%2CGitHub+Pages%2CFramer+Sites%2CLovable%2CBase44&geo=ALL&rank=ALL&start=2020-01-01&end=2026-05-01,2026-06-15T22:17:28.655795Z
2022-03-01,Wix,CMS/ecommerce/builder,Hosted website builder,#f59e0b,47411,105016,152427,ALL,ALL,HTTP Archive Technology Report API adoption endpoint,https://cdn.httparchive.org/v1/adoption?technology=ALL%2CWordPress%2CShopify%2CWix%2CSquarespace%2CWebflow%2CDuda%2CTilda%2CNext.js%2CNuxt.js%2CAstro%2CGatsby%2CHugo%2CJekyll%2CEleventy%2CVercel%2CNetlify%2CGitHub+Pages%2CFramer+Sites%2CLovable%2CBase44&geo=ALL&rank=ALL&start=2020-01-01&end=2026-05-01,2026-06-15T22:17:28.655795Z
2022-03-01,WordPress,CMS/ecommerce/builder,Open-source CMS,#2563eb,1575946,2190244,3766190,ALL,ALL,HTTP Archive Technology Report API adoption endpoint,https://cdn.httparchive.org/v1/adoption?technology=ALL%2CWordPress%2CShopify%2CWix%2CSquarespace%2CWebflow%2CDuda%2CTilda%2CNext.js%2CNuxt.js%2CAstro%2CGatsby%2CHugo%2CJekyll%2CEleventy%2CVercel%2CNetlify%2CGitHub+Pages%2CFramer+Sites%2CLovable%2CBase44&geo=ALL&rank=ALL&start=2020-01-01&end=2026-05-01,2026-06-15T22:17:28.655795Z
2022-04-01,ALL,All origins,All HTTP Archive crawl origins,#0f172a,4808522,6508241,11316763,ALL,ALL,HTTP Archive Technology Report API adoption endpoint,https://cdn.httparchive.org/v1/adoption?technology=ALL%2CWordPress%2CShopify%2CWix%2CSquarespace%2CWebflow%2CDuda%2CTilda%2CNext.js%2CNuxt.js%2CAstro%2CGatsby%2CHugo%2CJekyll%2CEleventy%2CVercel%2CNetlify%2CGitHub+Pages%2CFramer+Sites%2CLovable%2CBase44&geo=ALL&rank=ALL&start=2020-01-01&end=2026-05-01,2026-06-15T22:17:28.655795Z
2022-04-01,Astro,Static/app framework,Static site generator/app framework,#fb7185,56,55,111,ALL,ALL,HTTP Archive Technology Report API adoption endpoint,https://cdn.httparchive.org/v1/adoption?technology=ALL%2CWordPress%2CShopify%2CWix%2CSquarespace%2CWebflow%2CDuda%2CTilda%2CNext.js%2CNuxt.js%2CAstro%2CGatsby%2CHugo%2CJekyll%2CEleventy%2CVercel%2CNetlify%2CGitHub+Pages%2CFramer+Sites%2CLovable%2CBase44&geo=ALL&rank=ALL&start=2020-01-01&end=2026-05-01,2026-06-15T22:17:28.655795Z
2022-04-01,Duda,CMS/ecommerce/builder,Hosted website builder,#dc2626,7922,23018,30940,ALL,ALL,HTTP Archive Technology Report API adoption endpoint,https://cdn.httparchive.org/v1/adoption?technology=ALL%2CWordPress%2CShopify%2CWix%2CSquarespace%2CWebflow%2CDuda%2CTilda%2CNext.js%2CNuxt.js%2CAstro%2CGatsby%2CHugo%2CJekyll%2CEleventy%2CVercel%2CNetlify%2CGitHub+Pages%2CFramer+Sites%2CLovable%2CBase44&geo=ALL&rank=ALL&start=2020-01-01&end=2026-05-01,2026-06-15T22:17:28.655795Z
2022-04-01,Gatsby,Static/app framework,React static site generator,#663399,9877,10773,20650,ALL,ALL,HTTP Archive Technology Report API adoption endpoint,https://cdn.httparchive.org/v1/adoption?technology=ALL%2CWordPress%2CShopify%2CWix%2CSquarespace%2CWebflow%2CDuda%2CTilda%2CNext.js%2CNuxt.js%2CAstro%2CGatsby%2CHugo%2CJekyll%2CEleventy%2CVercel%2CNetlify%2CGitHub+Pages%2CFramer+Sites%2CLovable%2CBase44&geo=ALL&rank=ALL&start=2020-01-01&end=2026-05-01,2026-06-15T22:17:28.655795Z
2022-04-01,GitHub Pages,Deployment surface,Static hosting platform,#6e7781,13515,8587,22102,ALL,ALL,HTTP Archive Technology Report API adoption endpoint,https://cdn.httparchive.org/v1/adoption?technology=ALL%2CWordPress%2CShopify%2CWix%2CSquarespace%2CWebflow%2CDuda%2CTilda%2CNext.js%2CNuxt.js%2CAstro%2CGatsby%2CHugo%2CJekyll%2CEleventy%2CVercel%2CNetlify%2CGitHub+Pages%2CFramer+Sites%2CLovable%2CBase44&geo=ALL&rank=ALL&start=2020-01-01&end=2026-05-01,2026-06-15T22:17:28.655795Z
2022-04-01,Hugo,Static/app framework,Static site generator,#ff4088,4039,3832,7871,ALL,ALL,HTTP Archive Technology Report API adoption endpoint,https://cdn.httparchive.org/v1/adoption?technology=ALL%2CWordPress%2CShopify%2CWix%2CSquarespace%2CWebflow%2CDuda%2CTilda%2CNext.js%2CNuxt.js%2CAstro%2CGatsby%2CHugo%2CJekyll%2CEleventy%2CVercel%2CNetlify%2CGitHub+Pages%2CFramer+Sites%2CLovable%2CBase44&geo=ALL&rank=ALL&start=2020-01-01&end=2026-05-01,2026-06-15T22:17:28.655795Z
2022-04-01,Jekyll,Static/app framework,Static site generator,#cc0000,2815,1868,4683,ALL,ALL,HTTP Archive Technology Report API adoption endpoint,https://cdn.httparchive.org/v1/adoption?technology=ALL%2CWordPress%2CShopify%2CWix%2CSquarespace%2CWebflow%2CDuda%2CTilda%2CNext.js%2CNuxt.js%2CAstro%2CGatsby%2CHugo%2CJekyll%2CEleventy%2CVercel%2CNetlify%2CGitHub+Pages%2CFramer+Sites%2CLovable%2CBase44&geo=ALL&rank=ALL&start=2020-01-01&end=2026-05-01,2026-06-15T22:17:28.655795Z
2022-04-01,Netlify,Deployment surface,Static/app deployment platform,#00ad9f,14222,14996,29218,ALL,ALL,HTTP Archive Technology Report API adoption endpoint,https://cdn.httparchive.org/v1/adoption?technology=ALL%2CWordPress%2CShopify%2CWix%2CSquarespace%2CWebflow%2CDuda%2CTilda%2CNext.js%2CNuxt.js%2CAstro%2CGatsby%2CHugo%2CJekyll%2CEleventy%2CVercel%2CNetlify%2CGitHub+Pages%2CFramer+Sites%2CLovable%2CBase44&geo=ALL&rank=ALL&start=2020-01-01&end=2026-05-01,2026-06-15T22:17:28.655795Z
2022-04-01,Next.js,Static/app framework,React app framework and static/hybrid generator,#111827,28041,34108,62149,ALL,ALL,HTTP Archive Technology Report API adoption endpoint,https://cdn.httparchive.org/v1/adoption?technology=ALL%2CWordPress%2CShopify%2CWix%2CSquarespace%2CWebflow%2CDuda%2CTilda%2CNext.js%2CNuxt.js%2CAstro%2CGatsby%2CHugo%2CJekyll%2CEleventy%2CVercel%2CNetlify%2CGitHub+Pages%2CFramer+Sites%2CLovable%2CBase44&geo=ALL&rank=ALL&start=2020-01-01&end=2026-05-01,2026-06-15T22:17:28.655795Z
2022-04-01,Nuxt.js,Static/app framework,Vue app framework and static/hybrid generator,#00dc82,18625,23719,42344,ALL,ALL,HTTP Archive Technology Report API adoption endpoint,https://cdn.httparchive.org/v1/adoption?technology=ALL%2CWordPress%2CShopify%2CWix%2CSquarespace%2CWebflow%2CDuda%2CTilda%2CNext.js%2CNuxt.js%2CAstro%2CGatsby%2CHugo%2CJekyll%2CEleventy%2CVercel%2CNetlify%2CGitHub+Pages%2CFramer+Sites%2CLovable%2CBase44&geo=ALL&rank=ALL&start=2020-01-01&end=2026-05-01,2026-06-15T22:17:28.655795Z
2022-04-01,Shopify,CMS/ecommerce/builder,Hosted ecommerce,#16a34a,147962,185105,333067,ALL,ALL,HTTP Archive Technology Report API adoption endpoint,https://cdn.httparchive.org/v1/adoption?technology=ALL%2CWordPress%2CShopify%2CWix%2CSquarespace%2CWebflow%2CDuda%2CTilda%2CNext.js%2CNuxt.js%2CAstro%2CGatsby%2CHugo%2CJekyll%2CEleventy%2CVercel%2CNetlify%2CGitHub+Pages%2CFramer+Sites%2CLovable%2CBase44&geo=ALL&rank=ALL&start=2020-01-01&end=2026-05-01,2026-06-15T22:17:28.655795Z
2022-04-01,Squarespace,CMS/ecommerce/builder,Hosted website builder,#64748b,52940,59148,112088,ALL,ALL,HTTP Archive Technology Report API adoption endpoint,https://cdn.httparchive.org/v1/adoption?technology=ALL%2CWordPress%2CShopify%2CWix%2CSquarespace%2CWebflow%2CDuda%2CTilda%2CNext.js%2CNuxt.js%2CAstro%2CGatsby%2CHugo%2CJekyll%2CEleventy%2CVercel%2CNetlify%2CGitHub+Pages%2CFramer+Sites%2CLovable%2CBase44&geo=ALL&rank=ALL&start=2020-01-01&end=2026-05-01,2026-06-15T22:17:28.655795Z
2022-04-01,Tilda,CMS/ecommerce/builder,Hosted website builder,#a855f7,6061,13985,20046,ALL,ALL,HTTP Archive Technology Report API adoption endpoint,https://cdn.httparchive.org/v1/adoption?technology=ALL%2CWordPress%2CShopify%2CWix%2CSquarespace%2CWebflow%2CDuda%2CTilda%2CNext.js%2CNuxt.js%2CAstro%2CGatsby%2CHugo%2CJekyll%2CEleventy%2CVercel%2CNetlify%2CGitHub+Pages%2CFramer+Sites%2CLovable%2CBase44&geo=ALL&rank=ALL&start=2020-01-01&end=2026-05-01,2026-06-15T22:17:28.655795Z
2022-04-01,Vercel,Deployment surface,Frontend cloud/PaaS often paired with Next.js,#000000,8341,8722,17063,ALL,ALL,HTTP Archive Technology Report API adoption endpoint,https://cdn.httparchive.org/v1/adoption?technology=ALL%2CWordPress%2CShopify%2CWix%2CSquarespace%2CWebflow%2CDuda%2CTilda%2CNext.js%2CNuxt.js%2CAstro%2CGatsby%2CHugo%2CJekyll%2CEleventy%2CVercel%2CNetlify%2CGitHub+Pages%2CFramer+Sites%2CLovable%2CBase44&geo=ALL&rank=ALL&start=2020-01-01&end=2026-05-01,2026-06-15T22:17:28.655795Z
2022-04-01,Webflow,CMS/ecommerce/builder,Visual website builder/CMS,#0891b2,20687,23127,43814,ALL,ALL,HTTP Archive Technology Report API adoption endpoint,https://cdn.httparchive.org/v1/adoption?technology=ALL%2CWordPress%2CShopify%2CWix%2CSquarespace%2CWebflow%2CDuda%2CTilda%2CNext.js%2CNuxt.js%2CAstro%2CGatsby%2CHugo%2CJekyll%2CEleventy%2CVercel%2CNetlify%2CGitHub+Pages%2CFramer+Sites%2CLovable%2CBase44&geo=ALL&rank=ALL&start=2020-01-01&end=2026-05-01,2026-06-15T22:17:28.655795Z
2022-04-01,Wix,CMS/ecommerce/builder,Hosted website builder,#f59e0b,47181,106217,153398,ALL,ALL,HTTP Archive Technology Report API adoption endpoint,https://cdn.httparchive.org/v1/adoption?technology=ALL%2CWordPress%2CShopify%2CWix%2CSquarespace%2CWebflow%2CDuda%2CTilda%2CNext.js%2CNuxt.js%2CAstro%2CGatsby%2CHugo%2CJekyll%2CEleventy%2CVercel%2CNetlify%2CGitHub+Pages%2CFramer+Sites%2CLovable%2CBase44&geo=ALL&rank=ALL&start=2020-01-01&end=2026-05-01,2026-06-15T22:17:28.655795Z
2022-04-01,WordPress,CMS/ecommerce/builder,Open-source CMS,#2563eb,1506678,2149028,3655706,ALL,ALL,HTTP Archive Technology Report API adoption endpoint,https://cdn.httparchive.org/v1/adoption?technology=ALL%2CWordPress%2CShopify%2CWix%2CSquarespace%2CWebflow%2CDuda%2CTilda%2CNext.js%2CNuxt.js%2CAstro%2CGatsby%2CHugo%2CJekyll%2CEleventy%2CVercel%2CNetlify%2CGitHub+Pages%2CFramer+Sites%2CLovable%2CBase44&geo=ALL&rank=ALL&start=2020-01-01&end=2026-05-01,2026-06-15T22:17:28.655795Z
2022-05-01,ALL,All origins,All HTTP Archive crawl origins,#0f172a,4799633,6754899,11554532,ALL,ALL,HTTP Archive Technology Report API adoption endpoint,https://cdn.httparchive.org/v1/adoption?technology=ALL%2CWordPress%2CShopify%2CWix%2CSquarespace%2CWebflow%2CDuda%2CTilda%2CNext.js%2CNuxt.js%2CAstro%2CGatsby%2CHugo%2CJekyll%2CEleventy%2CVercel%2CNetlify%2CGitHub+Pages%2CFramer+Sites%2CLovable%2CBase44&geo=ALL&rank=ALL&start=2020-01-01&end=2026-05-01,2026-06-15T22:17:28.655795Z
2022-05-01,Astro,Static/app framework,Static site generator/app framework,#fb7185,99,103,202,ALL,ALL,HTTP Archive Technology Report API adoption endpoint,https://cdn.httparchive.org/v1/adoption?technology=ALL%2CWordPress%2CShopify%2CWix%2CSquarespace%2CWebflow%2CDuda%2CTilda%2CNext.js%2CNuxt.js%2CAstro%2CGatsby%2CHugo%2CJekyll%2CEleventy%2CVercel%2CNetlify%2CGitHub+Pages%2CFramer+Sites%2CLovable%2CBase44&geo=ALL&rank=ALL&start=2020-01-01&end=2026-05-01,2026-06-15T22:17:28.655795Z
2022-05-01,Duda,CMS/ecommerce/builder,Hosted website builder,#dc2626,8151,25641,33792,ALL,ALL,HTTP Archive Technology Report API adoption endpoint,https://cdn.httparchive.org/v1/adoption?technology=ALL%2CWordPress%2CShopify%2CWix%2CSquarespace%2CWebflow%2CDuda%2CTilda%2CNext.js%2CNuxt.js%2CAstro%2CGatsby%2CHugo%2CJekyll%2CEleventy%2CVercel%2CNetlify%2CGitHub+Pages%2CFramer+Sites%2CLovable%2CBase44&geo=ALL&rank=ALL&start=2020-01-01&end=2026-05-01,2026-06-15T22:17:28.655795Z
2022-05-01,Gatsby,Static/app framework,React static site generator,#663399,11058,12090,23148,ALL,ALL,HTTP Archive Technology Report API adoption endpoint,https://cdn.httparchive.org/v1/adoption?technology=ALL%2CWordPress%2CShopify%2CWix%2CSquarespace%2CWebflow%2CDuda%2CTilda%2CNext.js%2CNuxt.js%2CAstro%2CGatsby%2CHugo%2CJekyll%2CEleventy%2CVercel%2CNetlify%2CGitHub+Pages%2CFramer+Sites%2CLovable%2CBase44&geo=ALL&rank=ALL&start=2020-01-01&end=2026-05-01,2026-06-15T22:17:28.655795Z
2022-05-01,GitHub Pages,Deployment surface,Static hosting platform,#6e7781,14401,8776,23177,ALL,ALL,HTTP Archive Technology Report API adoption endpoint,https://cdn.httparchive.org/v1/adoption?technology=ALL%2CWordPress%2CShopify%2CWix%2CSquarespace%2CWebflow%2CDuda%2CTilda%2CNext.js%2CNuxt.js%2CAstro%2CGatsby%2CHugo%2CJekyll%2CEleventy%2CVercel%2CNetlify%2CGitHub+Pages%2CFramer+Sites%2CLovable%2CBase44&geo=ALL&rank=ALL&start=2020-01-01&end=2026-05-01,2026-06-15T22:17:28.655795Z
2022-05-01,Hugo,Static/app framework,Static site generator,#ff4088,4414,4136,8550,ALL,ALL,HTTP Archive Technology Report API adoption endpoint,https://cdn.httparchive.org/v1/adoption?technology=ALL%2CWordPress%2CShopify%2CWix%2CSquarespace%2CWebflow%2CDuda%2CTilda%2CNext.js%2CNuxt.js%2CAstro%2CGatsby%2CHugo%2CJekyll%2CEleventy%2CVercel%2CNetlify%2CGitHub+Pages%2CFramer+Sites%2CLovable%2CBase44&geo=ALL&rank=ALL&start=2020-01-01&end=2026-05-01,2026-06-15T22:17:28.655795Z
2022-05-01,Jekyll,Static/app framework,Static site generator,#cc0000,3066,2021,5087,ALL,ALL,HTTP Archive Technology Report API adoption endpoint,https://cdn.httparchive.org/v1/adoption?technology=ALL%2CWordPress%2CShopify%2CWix%2CSquarespace%2CWebflow%2CDuda%2CTilda%2CNext.js%2CNuxt.js%2CAstro%2CGatsby%2CHugo%2CJekyll%2CEleventy%2CVercel%2CNetlify%2CGitHub+Pages%2CFramer+Sites%2CLovable%2CBase44&geo=ALL&rank=ALL&start=2020-01-01&end=2026-05-01,2026-06-15T22:17:28.655795Z
2022-05-01,Netlify,Deployment surface,Static/app deployment platform,#00ad9f,14778,15571,30349,ALL,ALL,HTTP Archive Technology Report API adoption endpoint,https://cdn.httparchive.org/v1/adoption?technology=ALL%2CWordPress%2CShopify%2CWix%2CSquarespace%2CWebflow%2CDuda%2CTilda%2CNext.js%2CNuxt.js%2CAstro%2CGatsby%2CHugo%2CJekyll%2CEleventy%2CVercel%2CNetlify%2CGitHub+Pages%2CFramer+Sites%2CLovable%2CBase44&geo=ALL&rank=ALL&start=2020-01-01&end=2026-05-01,2026-06-15T22:17:28.655795Z
2022-05-01,Next.js,Static/app framework,React app framework and static/hybrid generator,#111827,37190,45307,82497,ALL,ALL,HTTP Archive Technology Report API adoption endpoint,https://cdn.httparchive.org/v1/adoption?technology=ALL%2CWordPress%2CShopify%2CWix%2CSquarespace%2CWebflow%2CDuda%2CTilda%2CNext.js%2CNuxt.js%2CAstro%2CGatsby%2CHugo%2CJekyll%2CEleventy%2CVercel%2CNetlify%2CGitHub+Pages%2CFramer+Sites%2CLovable%2CBase44&geo=ALL&rank=ALL&start=2020-01-01&end=2026-05-01,2026-06-15T22:17:28.655795Z
2022-05-01,Nuxt.js,Static/app framework,Vue app framework and static/hybrid generator,#00dc82,22297,28315,50612,ALL,ALL,HTTP Archive Technology Report API adoption endpoint,https://cdn.httparchive.org/v1/adoption?technology=ALL%2CWordPress%2CShopify%2CWix%2CSquarespace%2CWebflow%2CDuda%2CTilda%2CNext.js%2CNuxt.js%2CAstro%2CGatsby%2CHugo%2CJekyll%2CEleventy%2CVercel%2CNetlify%2CGitHub+Pages%2CFramer+Sites%2CLovable%2CBase44&geo=ALL&rank=ALL&start=2020-01-01&end=2026-05-01,2026-06-15T22:17:28.655795Z
2022-05-01,Shopify,CMS/ecommerce/builder,Hosted ecommerce,#16a34a,151985,197578,349563,ALL,ALL,HTTP Archive Technology Report API adoption endpoint,https://cdn.httparchive.org/v1/adoption?technology=ALL%2CWordPress%2CShopify%2CWix%2CSquarespace%2CWebflow%2CDuda%2CTilda%2CNext.js%2CNuxt.js%2CAstro%2CGatsby%2CHugo%2CJekyll%2CEleventy%2CVercel%2CNetlify%2CGitHub+Pages%2CFramer+Sites%2CLovable%2CBase44&geo=ALL&rank=ALL&start=2020-01-01&end=2026-05-01,2026-06-15T22:17:28.655795Z
2022-05-01,Squarespace,CMS/ecommerce/builder,Hosted website builder,#64748b,52177,61385,113562,ALL,ALL,HTTP Archive Technology Report API adoption endpoint,https://cdn.httparchive.org/v1/adoption?technology=ALL%2CWordPress%2CShopify%2CWix%2CSquarespace%2CWebflow%2CDuda%2CTilda%2CNext.js%2CNuxt.js%2CAstro%2CGatsby%2CHugo%2CJekyll%2CEleventy%2CVercel%2CNetlify%2CGitHub+Pages%2CFramer+Sites%2CLovable%2CBase44&geo=ALL&rank=ALL&start=2020-01-01&end=2026-05-01,2026-06-15T22:17:28.655795Z
2022-05-01,Tilda,CMS/ecommerce/builder,Hosted website builder,#a855f7,5980,15446,21426,ALL,ALL,HTTP Archive Technology Report API adoption endpoint,https://cdn.httparchive.org/v1/adoption?technology=ALL%2CWordPress%2CShopify%2CWix%2CSquarespace%2CWebflow%2CDuda%2CTilda%2CNext.js%2CNuxt.js%2CAstro%2CGatsby%2CHugo%2CJekyll%2CEleventy%2CVercel%2CNetlify%2CGitHub+Pages%2CFramer+Sites%2CLovable%2CBase44&geo=ALL&rank=ALL&start=2020-01-01&end=2026-05-01,2026-06-15T22:17:28.655795Z
2022-05-01,Vercel,Deployment surface,Frontend cloud/PaaS often paired with Next.js,#000000,9551,9832,19383,ALL,ALL,HTTP Archive Technology Report API adoption endpoint,https://cdn.httparchive.org/v1/adoption?technology=ALL%2CWordPress%2CShopify%2CWix%2CSquarespace%2CWebflow%2CDuda%2CTilda%2CNext.js%2CNuxt.js%2CAstro%2CGatsby%2CHugo%2CJekyll%2CEleventy%2CVercel%2CNetlify%2CGitHub+Pages%2CFramer+Sites%2CLovable%2CBase44&geo=ALL&rank=ALL&start=2020-01-01&end=2026-05-01,2026-06-15T22:17:28.655795Z
2022-05-01,Webflow,CMS/ecommerce/builder,Visual website builder/CMS,#0891b2,22342,25418,47760,ALL,ALL,HTTP Archive Technology Report API adoption endpoint,https://cdn.httparchive.org/v1/adoption?technology=ALL%2CWordPress%2CShopify%2CWix%2CSquarespace%2CWebflow%2CDuda%2CTilda%2CNext.js%2CNuxt.js%2CAstro%2CGatsby%2CHugo%2CJekyll%2CEleventy%2CVercel%2CNetlify%2CGitHub+Pages%2CFramer+Sites%2CLovable%2CBase44&geo=ALL&rank=ALL&start=2020-01-01&end=2026-05-01,2026-06-15T22:17:28.655795Z
2022-05-01,Wix,CMS/ecommerce/builder,Hosted website builder,#f59e0b,48058,120547,168605,ALL,ALL,HTTP Archive Technology Report API adoption endpoint,https://cdn.httparchive.org/v1/adoption?technology=ALL%2CWordPress%2CShopify%2CWix%2CSquarespace%2CWebflow%2CDuda%2CTilda%2CNext.js%2CNuxt.js%2CAstro%2CGatsby%2CHugo%2CJekyll%2CEleventy%2CVercel%2CNetlify%2CGitHub+Pages%2CFramer+Sites%2CLovable%2CBase44&geo=ALL&rank=ALL&start=2020-01-01&end=2026-05-01,2026-06-15T22:17:28.655795Z
2022-05-01,WordPress,CMS/ecommerce/builder,Open-source CMS,#2563eb,1595824,2361823,3957647,ALL,ALL,HTTP Archive Technology Report API adoption endpoint,https://cdn.httparchive.org/v1/adoption?technology=ALL%2CWordPress%2CShopify%2CWix%2CSquarespace%2CWebflow%2CDuda%2CTilda%2CNext.js%2CNuxt.js%2CAstro%2CGatsby%2CHugo%2CJekyll%2CEleventy%2CVercel%2CNetlify%2CGitHub+Pages%2CFramer+Sites%2CLovable%2CBase44&geo=ALL&rank=ALL&start=2020-01-01&end=2026-05-01,2026-06-15T22:17:28.655795Z
2022-06-01,ALL,All origins,All HTTP Archive crawl origins,#0f172a,4540052,6694727,11234779,ALL,ALL,HTTP Archive Technology Report API adoption endpoint,https://cdn.httparchive.org/v1/adoption?technology=ALL%2CWordPress%2CShopify%2CWix%2CSquarespace%2CWebflow%2CDuda%2CTilda%2CNext.js%2CNuxt.js%2CAstro%2CGatsby%2CHugo%2CJekyll%2CEleventy%2CVercel%2CNetlify%2CGitHub+Pages%2CFramer+Sites%2CLovable%2CBase44&geo=ALL&rank=ALL&start=2020-01-01&end=2026-05-01,2026-06-15T22:17:28.655795Z
2022-06-01,Astro,Static/app framework,Static site generator/app framework,#fb7185,100,105,205,ALL,ALL,HTTP Archive Technology Report API adoption endpoint,https://cdn.httparchive.org/v1/adoption?technology=ALL%2CWordPress%2CShopify%2CWix%2CSquarespace%2CWebflow%2CDuda%2CTilda%2CNext.js%2CNuxt.js%2CAstro%2CGatsby%2CHugo%2CJekyll%2CEleventy%2CVercel%2CNetlify%2CGitHub+Pages%2CFramer+Sites%2CLovable%2CBase44&geo=ALL&rank=ALL&start=2020-01-01&end=2026-05-01,2026-06-15T22:17:28.655795Z
2022-06-01,Duda,CMS/ecommerce/builder,Hosted website builder,#dc2626,7720,27027,34747,ALL,ALL,HTTP Archive Technology Report API adoption endpoint,https://cdn.httparchive.org/v1/adoption?technology=ALL%2CWordPress%2CShopify%2CWix%2CSquarespace%2CWebflow%2CDuda%2CTilda%2CNext.js%2CNuxt.js%2CAstro%2CGatsby%2CHugo%2CJekyll%2CEleventy%2CVercel%2CNetlify%2CGitHub+Pages%2CFramer+Sites%2CLovable%2CBase44&geo=ALL&rank=ALL&start=2020-01-01&end=2026-05-01,2026-06-15T22:17:28.655795Z
2022-06-01,Gatsby,Static/app framework,React static site generator,#663399,10561,14627,25188,ALL,ALL,HTTP Archive Technology Report API adoption endpoint,https://cdn.httparchive.org/v1/adoption?technology=ALL%2CWordPress%2CShopify%2CWix%2CSquarespace%2CWebflow%2CDuda%2CTilda%2CNext.js%2CNuxt.js%2CAstro%2CGatsby%2CHugo%2CJekyll%2CEleventy%2CVercel%2CNetlify%2CGitHub+Pages%2CFramer+Sites%2CLovable%2CBase44&geo=ALL&rank=ALL&start=2020-01-01&end=2026-05-01,2026-06-15T22:17:28.655795Z
2022-06-01,GitHub Pages,Deployment surface,Static hosting platform,#6e7781,13381,8623,22004,ALL,ALL,HTTP Archive Technology Report API adoption endpoint,https://cdn.httparchive.org/v1/adoption?technology=ALL%2CWordPress%2CShopify%2CWix%2CSquarespace%2CWebflow%2CDuda%2CTilda%2CNext.js%2CNuxt.js%2CAstro%2CGatsby%2CHugo%2CJekyll%2CEleventy%2CVercel%2CNetlify%2CGitHub+Pages%2CFramer+Sites%2CLovable%2CBase44&geo=ALL&rank=ALL&start=2020-01-01&end=2026-05-01,2026-06-15T22:17:28.655795Z
2022-06-01,Hugo,Static/app framework,Static site generator,#ff4088,4215,4062,8277,ALL,ALL,HTTP Archive Technology Report API adoption endpoint,https://cdn.httparchive.org/v1/adoption?technology=ALL%2CWordPress%2CShopify%2CWix%2CSquarespace%2CWebflow%2CDuda%2CTilda%2CNext.js%2CNuxt.js%2CAstro%2CGatsby%2CHugo%2CJekyll%2CEleventy%2CVercel%2CNetlify%2CGitHub+Pages%2CFramer+Sites%2CLovable%2CBase44&geo=ALL&rank=ALL&start=2020-01-01&end=2026-05-01,2026-06-15T22:17:28.655795Z
2022-06-01,Jekyll,Static/app framework,Static site generator,#cc0000,2842,1989,4831,ALL,ALL,HTTP Archive Technology Report API adoption endpoint,https://cdn.httparchive.org/v1/adoption?technology=ALL%2CWordPress%2CShopify%2CWix%2CSquarespace%2CWebflow%2CDuda%2CTilda%2CNext.js%2CNuxt.js%2CAstro%2CGatsby%2CHugo%2CJekyll%2CEleventy%2CVercel%2CNetlify%2CGitHub+Pages%2CFramer+Sites%2CLovable%2CBase44&geo=ALL&rank=ALL&start=2020-01-01&end=2026-05-01,2026-06-15T22:17:28.655795Z
2022-06-01,Netlify,Deployment surface,Static/app deployment platform,#00ad9f,14096,15368,29464,ALL,ALL,HTTP Archive Technology Report API adoption endpoint,https://cdn.httparchive.org/v1/adoption?technology=ALL%2CWordPress%2CShopify%2CWix%2CSquarespace%2CWebflow%2CDuda%2CTilda%2CNext.js%2CNuxt.js%2CAstro%2CGatsby%2CHugo%2CJekyll%2CEleventy%2CVercel%2CNetlify%2CGitHub+Pages%2CFramer+Sites%2CLovable%2CBase44&geo=ALL&rank=ALL&start=2020-01-01&end=2026-05-01,2026-06-15T22:17:28.655795Z
2022-06-01,Next.js,Static/app framework,React app framework and static/hybrid generator,#111827,36577,45400,81977,ALL,ALL,HTTP Archive Technology Report API adoption endpoint,https://cdn.httparchive.org/v1/adoption?technology=ALL%2CWordPress%2CShopify%2CWix%2CSquarespace%2CWebflow%2CDuda%2CTilda%2CNext.js%2CNuxt.js%2CAstro%2CGatsby%2CHugo%2CJekyll%2CEleventy%2CVercel%2CNetlify%2CGitHub+Pages%2CFramer+Sites%2CLovable%2CBase44&geo=ALL&rank=ALL&start=2020-01-01&end=2026-05-01,2026-06-15T22:17:28.655795Z
2022-06-01,Nuxt.js,Static/app framework,Vue app framework and static/hybrid generator,#00dc82,21180,27948,49128,ALL,ALL,HTTP Archive Technology Report API adoption endpoint,https://cdn.httparchive.org/v1/adoption?technology=ALL%2CWordPress%2CShopify%2CWix%2CSquarespace%2CWebflow%2CDuda%2CTilda%2CNext.js%2CNuxt.js%2CAstro%2CGatsby%2CHugo%2CJekyll%2CEleventy%2CVercel%2CNetlify%2CGitHub+Pages%2CFramer+Sites%2CLovable%2CBase44&geo=ALL&rank=ALL&start=2020-01-01&end=2026-05-01,2026-06-15T22:17:28.655795Z
2022-06-01,Shopify,CMS/ecommerce/builder,Hosted ecommerce,#16a34a,147163,195739,342902,ALL,ALL,HTTP Archive Technology Report API adoption endpoint,https://cdn.httparchive.org/v1/adoption?technology=ALL%2CWordPress%2CShopify%2CWix%2CSquarespace%2CWebflow%2CDuda%2CTilda%2CNext.js%2CNuxt.js%2CAstro%2CGatsby%2CHugo%2CJekyll%2CEleventy%2CVercel%2CNetlify%2CGitHub+Pages%2CFramer+Sites%2CLovable%2CBase44&geo=ALL&rank=ALL&start=2020-01-01&end=2026-05-01,2026-06-15T22:17:28.655795Z
2022-06-01,Squarespace,CMS/ecommerce/builder,Hosted website builder,#64748b,48893,60664,109557,ALL,ALL,HTTP Archive Technology Report API adoption endpoint,https://cdn.httparchive.org/v1/adoption?technology=ALL%2CWordPress%2CShopify%2CWix%2CSquarespace%2CWebflow%2CDuda%2CTilda%2CNext.js%2CNuxt.js%2CAstro%2CGatsby%2CHugo%2CJekyll%2CEleventy%2CVercel%2CNetlify%2CGitHub+Pages%2CFramer+Sites%2CLovable%2CBase44&geo=ALL&rank=ALL&start=2020-01-01&end=2026-05-01,2026-06-15T22:17:28.655795Z
2022-06-01,Tilda,CMS/ecommerce/builder,Hosted website builder,#a855f7,6198,17084,23282,ALL,ALL,HTTP Archive Technology Report API adoption endpoint,https://cdn.httparchive.org/v1/adoption?technology=ALL%2CWordPress%2CShopify%2CWix%2CSquarespace%2CWebflow%2CDuda%2CTilda%2CNext.js%2CNuxt.js%2CAstro%2CGatsby%2CHugo%2CJekyll%2CEleventy%2CVercel%2CNetlify%2CGitHub+Pages%2CFramer+Sites%2CLovable%2CBase44&geo=ALL&rank=ALL&start=2020-01-01&end=2026-05-01,2026-06-15T22:17:28.655795Z
2022-06-01,Vercel,Deployment surface,Frontend cloud/PaaS often paired with Next.js,#000000,9356,9982,19338,ALL,ALL,HTTP Archive Technology Report API adoption endpoint,https://cdn.httparchive.org/v1/adoption?technology=ALL%2CWordPress%2CShopify%2CWix%2CSquarespace%2CWebflow%2CDuda%2CTilda%2CNext.js%2CNuxt.js%2CAstro%2CGatsby%2CHugo%2CJekyll%2CEleventy%2CVercel%2CNetlify%2CGitHub+Pages%2CFramer+Sites%2CLovable%2CBase44&geo=ALL&rank=ALL&start=2020-01-01&end=2026-05-01,2026-06-15T22:17:28.655795Z
2022-06-01,Webflow,CMS/ecommerce/builder,Visual website builder/CMS,#0891b2,21586,25400,46986,ALL,ALL,HTTP Archive Technology Report API adoption endpoint,https://cdn.httparchive.org/v1/adoption?technology=ALL%2CWordPress%2CShopify%2CWix%2CSquarespace%2CWebflow%2CDuda%2CTilda%2CNext.js%2CNuxt.js%2CAstro%2CGatsby%2CHugo%2CJekyll%2CEleventy%2CVercel%2CNetlify%2CGitHub+Pages%2CFramer+Sites%2CLovable%2CBase44&geo=ALL&rank=ALL&start=2020-01-01&end=2026-05-01,2026-06-15T22:17:28.655795Z
2022-06-01,Wix,CMS/ecommerce/builder,Hosted website builder,#f59e0b,44808,123995,168803,ALL,ALL,HTTP Archive Technology Report API adoption endpoint,https://cdn.httparchive.org/v1/adoption?technology=ALL%2CWordPress%2CShopify%2CWix%2CSquarespace%2CWebflow%2CDuda%2CTilda%2CNext.js%2CNuxt.js%2CAstro%2CGatsby%2CHugo%2CJekyll%2CEleventy%2CVercel%2CNetlify%2CGitHub+Pages%2CFramer+Sites%2CLovable%2CBase44&geo=ALL&rank=ALL&start=2020-01-01&end=2026-05-01,2026-06-15T22:17:28.655795Z
2022-06-01,WordPress,CMS/ecommerce/builder,Open-source CMS,#2563eb,1504507,2354474,3858981,ALL,ALL,HTTP Archive Technology Report API adoption endpoint,https://cdn.httparchive.org/v1/adoption?technology=ALL%2CWordPress%2CShopify%2CWix%2CSquarespace%2CWebflow%2CDuda%2CTilda%2CNext.js%2CNuxt.js%2CAstro%2CGatsby%2CHugo%2CJekyll%2CEleventy%2CVercel%2CNetlify%2CGitHub+Pages%2CFramer+Sites%2CLovable%2CBase44&geo=ALL&rank=ALL&start=2020-01-01&end=2026-05-01,2026-06-15T22:17:28.655795Z
2022-07-01,ALL,All origins,All HTTP Archive crawl origins,#0f172a,4553230,7657146,12210376,ALL,ALL,HTTP Archive Technology Report API adoption endpoint,https://cdn.httparchive.org/v1/adoption?technology=ALL%2CWordPress%2CShopify%2CWix%2CSquarespace%2CWebflow%2CDuda%2CTilda%2CNext.js%2CNuxt.js%2CAstro%2CGatsby%2CHugo%2CJekyll%2CEleventy%2CVercel%2CNetlify%2CGitHub+Pages%2CFramer+Sites%2CLovable%2CBase44&geo=ALL&rank=ALL&start=2020-01-01&end=2026-05-01,2026-06-15T22:17:28.655795Z
2022-07-01,Astro,Static/app framework,Static site generator/app framework,#fb7185,114,122,236,ALL,ALL,HTTP Archive Technology Report API adoption endpoint,https://cdn.httparchive.org/v1/adoption?technology=ALL%2CWordPress%2CShopify%2CWix%2CSquarespace%2CWebflow%2CDuda%2CTilda%2CNext.js%2CNuxt.js%2CAstro%2CGatsby%2CHugo%2CJekyll%2CEleventy%2CVercel%2CNetlify%2CGitHub+Pages%2CFramer+Sites%2CLovable%2CBase44&geo=ALL&rank=ALL&start=2020-01-01&end=2026-05-01,2026-06-15T22:17:28.655795Z
2022-07-01,Duda,CMS/ecommerce/builder,Hosted website builder,#dc2626,8019,33208,41227,ALL,ALL,HTTP Archive Technology Report API adoption endpoint,https://cdn.httparchive.org/v1/adoption?technology=ALL%2CWordPress%2CShopify%2CWix%2CSquarespace%2CWebflow%2CDuda%2CTilda%2CNext.js%2CNuxt.js%2CAstro%2CGatsby%2CHugo%2CJekyll%2CEleventy%2CVercel%2CNetlify%2CGitHub+Pages%2CFramer+Sites%2CLovable%2CBase44&geo=ALL&rank=ALL&start=2020-01-01&end=2026-05-01,2026-06-15T22:17:28.655795Z
2022-07-01,Gatsby,Static/app framework,React static site generator,#663399,10764,15905,26669,ALL,ALL,HTTP Archive Technology Report API adoption endpoint,https://cdn.httparchive.org/v1/adoption?technology=ALL%2CWordPress%2CShopify%2CWix%2CSquarespace%2CWebflow%2CDuda%2CTilda%2CNext.js%2CNuxt.js%2CAstro%2CGatsby%2CHugo%2CJekyll%2CEleventy%2CVercel%2CNetlify%2CGitHub+Pages%2CFramer+Sites%2CLovable%2CBase44&geo=ALL&rank=ALL&start=2020-01-01&end=2026-05-01,2026-06-15T22:17:28.655795Z
2022-07-01,GitHub Pages,Deployment surface,Static hosting platform,#6e7781,14377,9422,23799,ALL,ALL,HTTP Archive Technology Report API adoption endpoint,https://cdn.httparchive.org/v1/adoption?technology=ALL%2CWordPress%2CShopify%2CWix%2CSquarespace%2CWebflow%2CDuda%2CTilda%2CNext.js%2CNuxt.js%2CAstro%2CGatsby%2CHugo%2CJekyll%2CEleventy%2CVercel%2CNetlify%2CGitHub+Pages%2CFramer+Sites%2CLovable%2CBase44&geo=ALL&rank=ALL&start=2020-01-01&end=2026-05-01,2026-06-15T22:17:28.655795Z
2022-07-01,Hugo,Static/app framework,Static site generator,#ff4088,5028,5134,10162,ALL,ALL,HTTP Archive Technology Report API adoption endpoint,https://cdn.httparchive.org/v1/adoption?technology=ALL%2CWordPress%2CShopify%2CWix%2CSquarespace%2CWebflow%2CDuda%2CTilda%2CNext.js%2CNuxt.js%2CAstro%2CGatsby%2CHugo%2CJekyll%2CEleventy%2CVercel%2CNetlify%2CGitHub+Pages%2CFramer+Sites%2CLovable%2CBase44&geo=ALL&rank=ALL&start=2020-01-01&end=2026-05-01,2026-06-15T22:17:28.655795Z
2022-07-01,Jekyll,Static/app framework,Static site generator,#cc0000,3052,2149,5201,ALL,ALL,HTTP Archive Technology Report API adoption endpoint,https://cdn.httparchive.org/v1/adoption?technology=ALL%2CWordPress%2CShopify%2CWix%2CSquarespace%2CWebflow%2CDuda%2CTilda%2CNext.js%2CNuxt.js%2CAstro%2CGatsby%2CHugo%2CJekyll%2CEleventy%2CVercel%2CNetlify%2CGitHub+Pages%2CFramer+Sites%2CLovable%2CBase44&geo=ALL&rank=ALL&start=2020-01-01&end=2026-05-01,2026-06-15T22:17:28.655795Z
2022-07-01,Netlify,Deployment surface,Static/app deployment platform,#00ad9f,14631,16857,31488,ALL,ALL,HTTP Archive Technology Report API adoption endpoint,https://cdn.httparchive.org/v1/adoption?technology=ALL%2CWordPress%2CShopify%2CWix%2CSquarespace%2CWebflow%2CDuda%2CTilda%2CNext.js%2CNuxt.js%2CAstro%2CGatsby%2CHugo%2CJekyll%2CEleventy%2CVercel%2CNetlify%2CGitHub+Pages%2CFramer+Sites%2CLovable%2CBase44&geo=ALL&rank=ALL&start=2020-01-01&end=2026-05-01,2026-06-15T22:17:28.655795Z
2022-07-01,Next.js,Static/app framework,React app framework and static/hybrid generator,#111827,38048,52044,90092,ALL,ALL,HTTP Archive Technology Report API adoption endpoint,https://cdn.httparchive.org/v1/adoption?technology=ALL%2CWordPress%2CShopify%2CWix%2CSquarespace%2CWebflow%2CDuda%2CTilda%2CNext.js%2CNuxt.js%2CAstro%2CGatsby%2CHugo%2CJekyll%2CEleventy%2CVercel%2CNetlify%2CGitHub+Pages%2CFramer+Sites%2CLovable%2CBase44&geo=ALL&rank=ALL&start=2020-01-01&end=2026-05-01,2026-06-15T22:17:28.655795Z
2022-07-01,Nuxt.js,Static/app framework,Vue app framework and static/hybrid generator,#00dc82,22133,30854,52987,ALL,ALL,HTTP Archive Technology Report API adoption endpoint,https://cdn.httparchive.org/v1/adoption?technology=ALL%2CWordPress%2CShopify%2CWix%2CSquarespace%2CWebflow%2CDuda%2CTilda%2CNext.js%2CNuxt.js%2CAstro%2CGatsby%2CHugo%2CJekyll%2CEleventy%2CVercel%2CNetlify%2CGitHub+Pages%2CFramer+Sites%2CLovable%2CBase44&geo=ALL&rank=ALL&start=2020-01-01&end=2026-05-01,2026-06-15T22:17:28.655795Z
2022-07-01,Shopify,CMS/ecommerce/builder,Hosted ecommerce,#16a34a,151876,221195,373071,ALL,ALL,HTTP Archive Technology Report API adoption endpoint,https://cdn.httparchive.org/v1/adoption?technology=ALL%2CWordPress%2CShopify%2CWix%2CSquarespace%2CWebflow%2CDuda%2CTilda%2CNext.js%2CNuxt.js%2CAstro%2CGatsby%2CHugo%2CJekyll%2CEleventy%2CVercel%2CNetlify%2CGitHub+Pages%2CFramer+Sites%2CLovable%2CBase44&geo=ALL&rank=ALL&start=2020-01-01&end=2026-05-01,2026-06-15T22:17:28.655795Z
2022-07-01,Squarespace,CMS/ecommerce/builder,Hosted website builder,#64748b,50601,71403,122004,ALL,ALL,HTTP Archive Technology Report API adoption endpoint,https://cdn.httparchive.org/v1/adoption?technology=ALL%2CWordPress%2CShopify%2CWix%2CSquarespace%2CWebflow%2CDuda%2CTilda%2CNext.js%2CNuxt.js%2CAstro%2CGatsby%2CHugo%2CJekyll%2CEleventy%2CVercel%2CNetlify%2CGitHub+Pages%2CFramer+Sites%2CLovable%2CBase44&geo=ALL&rank=ALL&start=2020-01-01&end=2026-05-01,2026-06-15T22:17:28.655795Z
2022-07-01,Tilda,CMS/ecommerce/builder,Hosted website builder,#a855f7,6055,20281,26336,ALL,ALL,HTTP Archive Technology Report API adoption endpoint,https://cdn.httparchive.org/v1/adoption?technology=ALL%2CWordPress%2CShopify%2CWix%2CSquarespace%2CWebflow%2CDuda%2CTilda%2CNext.js%2CNuxt.js%2CAstro%2CGatsby%2CHugo%2CJekyll%2CEleventy%2CVercel%2CNetlify%2CGitHub+Pages%2CFramer+Sites%2CLovable%2CBase44&geo=ALL&rank=ALL&start=2020-01-01&end=2026-05-01,2026-06-15T22:17:28.655795Z
2022-07-01,Vercel,Deployment surface,Frontend cloud/PaaS often paired with Next.js,#000000,9758,10779,20537,ALL,ALL,HTTP Archive Technology Report API adoption endpoint,https://cdn.httparchive.org/v1/adoption?technology=ALL%2CWordPress%2CShopify%2CWix%2CSquarespace%2CWebflow%2CDuda%2CTilda%2CNext.js%2CNuxt.js%2CAstro%2CGatsby%2CHugo%2CJekyll%2CEleventy%2CVercel%2CNetlify%2CGitHub+Pages%2CFramer+Sites%2CLovable%2CBase44&geo=ALL&rank=ALL&start=2020-01-01&end=2026-05-01,2026-06-15T22:17:28.655795Z
2022-07-01,Webflow,CMS/ecommerce/builder,Visual website builder/CMS,#0891b2,22491,28539,51030,ALL,ALL,HTTP Archive Technology Report API adoption endpoint,https://cdn.httparchive.org/v1/adoption?technology=ALL%2CWordPress%2CShopify%2CWix%2CSquarespace%2CWebflow%2CDuda%2CTilda%2CNext.js%2CNuxt.js%2CAstro%2CGatsby%2CHugo%2CJekyll%2CEleventy%2CVercel%2CNetlify%2CGitHub+Pages%2CFramer+Sites%2CLovable%2CBase44&geo=ALL&rank=ALL&start=2020-01-01&end=2026-05-01,2026-06-15T22:17:28.655795Z
2022-07-01,Wix,CMS/ecommerce/builder,Hosted website builder,#f59e0b,46280,156135,202415,ALL,ALL,HTTP Archive Technology Report API adoption endpoint,https://cdn.httparchive.org/v1/adoption?technology=ALL%2CWordPress%2CShopify%2CWix%2CSquarespace%2CWebflow%2CDuda%2CTilda%2CNext.js%2CNuxt.js%2CAstro%2CGatsby%2CHugo%2CJekyll%2CEleventy%2CVercel%2CNetlify%2CGitHub+Pages%2CFramer+Sites%2CLovable%2CBase44&geo=ALL&rank=ALL&start=2020-01-01&end=2026-05-01,2026-06-15T22:17:28.655795Z
2022-07-01,WordPress,CMS/ecommerce/builder,Open-source CMS,#2563eb,1509732,2737835,4247567,ALL,ALL,HTTP Archive Technology Report API adoption endpoint,https://cdn.httparchive.org/v1/adoption?technology=ALL%2CWordPress%2CShopify%2CWix%2CSquarespace%2CWebflow%2CDuda%2CTilda%2CNext.js%2CNuxt.js%2CAstro%2CGatsby%2CHugo%2CJekyll%2CEleventy%2CVercel%2CNetlify%2CGitHub+Pages%2CFramer+Sites%2CLovable%2CBase44&geo=ALL&rank=ALL&start=2020-01-01&end=2026-05-01,2026-06-15T22:17:28.655795Z
2022-08-01,ALL,All origins,All HTTP Archive crawl origins,#0f172a,5071769,9460576,14532345,ALL,ALL,HTTP Archive Technology Report API adoption endpoint,https://cdn.httparchive.org/v1/adoption?technology=ALL%2CWordPress%2CShopify%2CWix%2CSquarespace%2CWebflow%2CDuda%2CTilda%2CNext.js%2CNuxt.js%2CAstro%2CGatsby%2CHugo%2CJekyll%2CEleventy%2CVercel%2CNetlify%2CGitHub+Pages%2CFramer+Sites%2CLovable%2CBase44&geo=ALL&rank=ALL&start=2020-01-01&end=2026-05-01,2026-06-15T22:17:28.655795Z
2022-08-01,Astro,Static/app framework,Static site generator/app framework,#fb7185,153,152,305,ALL,ALL,HTTP Archive Technology Report API adoption endpoint,https://cdn.httparchive.org/v1/adoption?technology=ALL%2CWordPress%2CShopify%2CWix%2CSquarespace%2CWebflow%2CDuda%2CTilda%2CNext.js%2CNuxt.js%2CAstro%2CGatsby%2CHugo%2CJekyll%2CEleventy%2CVercel%2CNetlify%2CGitHub+Pages%2CFramer+Sites%2CLovable%2CBase44&geo=ALL&rank=ALL&start=2020-01-01&end=2026-05-01,2026-06-15T22:17:28.655795Z
2022-08-01,Duda,CMS/ecommerce/builder,Hosted website builder,#dc2626,8726,42223,50949,ALL,ALL,HTTP Archive Technology Report API adoption endpoint,https://cdn.httparchive.org/v1/adoption?technology=ALL%2CWordPress%2CShopify%2CWix%2CSquarespace%2CWebflow%2CDuda%2CTilda%2CNext.js%2CNuxt.js%2CAstro%2CGatsby%2CHugo%2CJekyll%2CEleventy%2CVercel%2CNetlify%2CGitHub+Pages%2CFramer+Sites%2CLovable%2CBase44&geo=ALL&rank=ALL&start=2020-01-01&end=2026-05-01,2026-06-15T22:17:28.655795Z
2022-08-01,Eleventy,Static/app framework,Static site generator,#222222,33,32,65,ALL,ALL,HTTP Archive Technology Report API adoption endpoint,https://cdn.httparchive.org/v1/adoption?technology=ALL%2CWordPress%2CShopify%2CWix%2CSquarespace%2CWebflow%2CDuda%2CTilda%2CNext.js%2CNuxt.js%2CAstro%2CGatsby%2CHugo%2CJekyll%2CEleventy%2CVercel%2CNetlify%2CGitHub+Pages%2CFramer+Sites%2CLovable%2CBase44&geo=ALL&rank=ALL&start=2020-01-01&end=2026-05-01,2026-06-15T22:17:28.655795Z
2022-08-01,Framer Sites,AI-era builder signal,Visual site builder with AI-assisted creation features,#0055ff,43,46,89,ALL,ALL,HTTP Archive Technology Report API adoption endpoint,https://cdn.httparchive.org/v1/adoption?technology=ALL%2CWordPress%2CShopify%2CWix%2CSquarespace%2CWebflow%2CDuda%2CTilda%2CNext.js%2CNuxt.js%2CAstro%2CGatsby%2CHugo%2CJekyll%2CEleventy%2CVercel%2CNetlify%2CGitHub+Pages%2CFramer+Sites%2CLovable%2CBase44&geo=ALL&rank=ALL&start=2020-01-01&end=2026-05-01,2026-06-15T22:17:28.655795Z
2022-08-01,Gatsby,Static/app framework,React static site generator,#663399,11833,18257,30090,ALL,ALL,HTTP Archive Technology Report API adoption endpoint,https://cdn.httparchive.org/v1/adoption?technology=ALL%2CWordPress%2CShopify%2CWix%2CSquarespace%2CWebflow%2CDuda%2CTilda%2CNext.js%2CNuxt.js%2CAstro%2CGatsby%2CHugo%2CJekyll%2CEleventy%2CVercel%2CNetlify%2CGitHub+Pages%2CFramer+Sites%2CLovable%2CBase44&geo=ALL&rank=ALL&start=2020-01-01&end=2026-05-01,2026-06-15T22:17:28.655795Z
2022-08-01,GitHub Pages,Deployment surface,Static hosting platform,#6e7781,15891,11127,27018,ALL,ALL,HTTP Archive Technology Report API adoption endpoint,https://cdn.httparchive.org/v1/adoption?technology=ALL%2CWordPress%2CShopify%2CWix%2CSquarespace%2CWebflow%2CDuda%2CTilda%2CNext.js%2CNuxt.js%2CAstro%2CGatsby%2CHugo%2CJekyll%2CEleventy%2CVercel%2CNetlify%2CGitHub+Pages%2CFramer+Sites%2CLovable%2CBase44&geo=ALL&rank=ALL&start=2020-01-01&end=2026-05-01,2026-06-15T22:17:28.655795Z
2022-08-01,Hugo,Static/app framework,Static site generator,#ff4088,5453,6054,11507,ALL,ALL,HTTP Archive Technology Report API adoption endpoint,https://cdn.httparchive.org/v1/adoption?technology=ALL%2CWordPress%2CShopify%2CWix%2CSquarespace%2CWebflow%2CDuda%2CTilda%2CNext.js%2CNuxt.js%2CAstro%2CGatsby%2CHugo%2CJekyll%2CEleventy%2CVercel%2CNetlify%2CGitHub+Pages%2CFramer+Sites%2CLovable%2CBase44&geo=ALL&rank=ALL&start=2020-01-01&end=2026-05-01,2026-06-15T22:17:28.655795Z
2022-08-01,Jekyll,Static/app framework,Static site generator,#cc0000,3279,2519,5798,ALL,ALL,HTTP Archive Technology Report API adoption endpoint,https://cdn.httparchive.org/v1/adoption?technology=ALL%2CWordPress%2CShopify%2CWix%2CSquarespace%2CWebflow%2CDuda%2CTilda%2CNext.js%2CNuxt.js%2CAstro%2CGatsby%2CHugo%2CJekyll%2CEleventy%2CVercel%2CNetlify%2CGitHub+Pages%2CFramer+Sites%2CLovable%2CBase44&geo=ALL&rank=ALL&start=2020-01-01&end=2026-05-01,2026-06-15T22:17:28.655795Z
2022-08-01,Netlify,Deployment surface,Static/app deployment platform,#00ad9f,16583,20850,37433,ALL,ALL,HTTP Archive Technology Report API adoption endpoint,https://cdn.httparchive.org/v1/adoption?technology=ALL%2CWordPress%2CShopify%2CWix%2CSquarespace%2CWebflow%2CDuda%2CTilda%2CNext.js%2CNuxt.js%2CAstro%2CGatsby%2CHugo%2CJekyll%2CEleventy%2CVercel%2CNetlify%2CGitHub+Pages%2CFramer+Sites%2CLovable%2CBase44&geo=ALL&rank=ALL&start=2020-01-01&end=2026-05-01,2026-06-15T22:17:28.655795Z
2022-08-01,Next.js,Static/app framework,React app framework and static/hybrid generator,#111827,46914,72053,118967,ALL,ALL,HTTP Archive Technology Report API adoption endpoint,https://cdn.httparchive.org/v1/adoption?technology=ALL%2CWordPress%2CShopify%2CWix%2CSquarespace%2CWebflow%2CDuda%2CTilda%2CNext.js%2CNuxt.js%2CAstro%2CGatsby%2CHugo%2CJekyll%2CEleventy%2CVercel%2CNetlify%2CGitHub+Pages%2CFramer+Sites%2CLovable%2CBase44&geo=ALL&rank=ALL&start=2020-01-01&end=2026-05-01,2026-06-15T22:17:28.655795Z
2022-08-01,Nuxt.js,Static/app framework,Vue app framework and static/hybrid generator,#00dc82,26684,42206,68890,ALL,ALL,HTTP Archive Technology Report API adoption endpoint,https://cdn.httparchive.org/v1/adoption?technology=ALL%2CWordPress%2CShopify%2CWix%2CSquarespace%2CWebflow%2CDuda%2CTilda%2CNext.js%2CNuxt.js%2CAstro%2CGatsby%2CHugo%2CJekyll%2CEleventy%2CVercel%2CNetlify%2CGitHub+Pages%2CFramer+Sites%2CLovable%2CBase44&geo=ALL&rank=ALL&start=2020-01-01&end=2026-05-01,2026-06-15T22:17:28.655795Z
2022-08-01,Shopify,CMS/ecommerce/builder,Hosted ecommerce,#16a34a,163935,258348,422283,ALL,ALL,HTTP Archive Technology Report API adoption endpoint,https://cdn.httparchive.org/v1/adoption?technology=ALL%2CWordPress%2CShopify%2CWix%2CSquarespace%2CWebflow%2CDuda%2CTilda%2CNext.js%2CNuxt.js%2CAstro%2CGatsby%2CHugo%2CJekyll%2CEleventy%2CVercel%2CNetlify%2CGitHub+Pages%2CFramer+Sites%2CLovable%2CBase44&geo=ALL&rank=ALL&start=2020-01-01&end=2026-05-01,2026-06-15T22:17:28.655795Z
2022-08-01,Squarespace,CMS/ecommerce/builder,Hosted website builder,#64748b,56523,88824,145347,ALL,ALL,HTTP Archive Technology Report API adoption endpoint,https://cdn.httparchive.org/v1/adoption?technology=ALL%2CWordPress%2CShopify%2CWix%2CSquarespace%2CWebflow%2CDuda%2CTilda%2CNext.js%2CNuxt.js%2CAstro%2CGatsby%2CHugo%2CJekyll%2CEleventy%2CVercel%2CNetlify%2CGitHub+Pages%2CFramer+Sites%2CLovable%2CBase44&geo=ALL&rank=ALL&start=2020-01-01&end=2026-05-01,2026-06-15T22:17:28.655795Z
2022-08-01,Tilda,CMS/ecommerce/builder,Hosted website builder,#a855f7,7882,34437,42319,ALL,ALL,HTTP Archive Technology Report API adoption endpoint,https://cdn.httparchive.org/v1/adoption?technology=ALL%2CWordPress%2CShopify%2CWix%2CSquarespace%2CWebflow%2CDuda%2CTilda%2CNext.js%2CNuxt.js%2CAstro%2CGatsby%2CHugo%2CJekyll%2CEleventy%2CVercel%2CNetlify%2CGitHub+Pages%2CFramer+Sites%2CLovable%2CBase44&geo=ALL&rank=ALL&start=2020-01-01&end=2026-05-01,2026-06-15T22:17:28.655795Z
2022-08-01,Vercel,Deployment surface,Frontend cloud/PaaS often paired with Next.js,#000000,12511,14722,27233,ALL,ALL,HTTP Archive Technology Report API adoption endpoint,https://cdn.httparchive.org/v1/adoption?technology=ALL%2CWordPress%2CShopify%2CWix%2CSquarespace%2CWebflow%2CDuda%2CTilda%2CNext.js%2CNuxt.js%2CAstro%2CGatsby%2CHugo%2CJekyll%2CEleventy%2CVercel%2CNetlify%2CGitHub+Pages%2CFramer+Sites%2CLovable%2CBase44&geo=ALL&rank=ALL&start=2020-01-01&end=2026-05-01,2026-06-15T22:17:28.655795Z
2022-08-01,Webflow,CMS/ecommerce/builder,Visual website builder/CMS,#0891b2,26478,36009,62487,ALL,ALL,HTTP Archive Technology Report API adoption endpoint,https://cdn.httparchive.org/v1/adoption?technology=ALL%2CWordPress%2CShopify%2CWix%2CSquarespace%2CWebflow%2CDuda%2CTilda%2CNext.js%2CNuxt.js%2CAstro%2CGatsby%2CHugo%2CJekyll%2CEleventy%2CVercel%2CNetlify%2CGitHub+Pages%2CFramer+Sites%2CLovable%2CBase44&geo=ALL&rank=ALL&start=2020-01-01&end=2026-05-01,2026-06-15T22:17:28.655795Z
2022-08-01,Wix,CMS/ecommerce/builder,Hosted website builder,#f59e0b,52134,204481,256615,ALL,ALL,HTTP Archive Technology Report API adoption endpoint,https://cdn.httparchive.org/v1/adoption?technology=ALL%2CWordPress%2CShopify%2CWix%2CSquarespace%2CWebflow%2CDuda%2CTilda%2CNext.js%2CNuxt.js%2CAstro%2CGatsby%2CHugo%2CJekyll%2CEleventy%2CVercel%2CNetlify%2CGitHub+Pages%2CFramer+Sites%2CLovable%2CBase44&geo=ALL&rank=ALL&start=2020-01-01&end=2026-05-01,2026-06-15T22:17:28.655795Z
2022-08-01,WordPress,CMS/ecommerce/builder,Open-source CMS,#2563eb,1613351,3329411,4942762,ALL,ALL,HTTP Archive Technology Report API adoption endpoint,https://cdn.httparchive.org/v1/adoption?technology=ALL%2CWordPress%2CShopify%2CWix%2CSquarespace%2CWebflow%2CDuda%2CTilda%2CNext.js%2CNuxt.js%2CAstro%2CGatsby%2CHugo%2CJekyll%2CEleventy%2CVercel%2CNetlify%2CGitHub+Pages%2CFramer+Sites%2CLovable%2CBase44&geo=ALL&rank=ALL&start=2020-01-01&end=2026-05-01,2026-06-15T22:17:28.655795Z
2022-09-01,ALL,All origins,All HTTP Archive crawl origins,#0f172a,5740607,9391368,15131975,ALL,ALL,HTTP Archive Technology Report API adoption endpoint,https://cdn.httparchive.org/v1/adoption?technology=ALL%2CWordPress%2CShopify%2CWix%2CSquarespace%2CWebflow%2CDuda%2CTilda%2CNext.js%2CNuxt.js%2CAstro%2CGatsby%2CHugo%2CJekyll%2CEleventy%2CVercel%2CNetlify%2CGitHub+Pages%2CFramer+Sites%2CLovable%2CBase44&geo=ALL&rank=ALL&start=2020-01-01&end=2026-05-01,2026-06-15T22:17:28.655795Z
2022-09-01,Astro,Static/app framework,Static site generator/app framework,#fb7185,185,173,358,ALL,ALL,HTTP Archive Technology Report API adoption endpoint,https://cdn.httparchive.org/v1/adoption?technology=ALL%2CWordPress%2CShopify%2CWix%2CSquarespace%2CWebflow%2CDuda%2CTilda%2CNext.js%2CNuxt.js%2CAstro%2CGatsby%2CHugo%2CJekyll%2CEleventy%2CVercel%2CNetlify%2CGitHub+Pages%2CFramer+Sites%2CLovable%2CBase44&geo=ALL&rank=ALL&start=2020-01-01&end=2026-05-01,2026-06-15T22:17:28.655795Z
2022-09-01,Duda,CMS/ecommerce/builder,Hosted website builder,#dc2626,10416,39268,49684,ALL,ALL,HTTP Archive Technology Report API adoption endpoint,https://cdn.httparchive.org/v1/adoption?technology=ALL%2CWordPress%2CShopify%2CWix%2CSquarespace%2CWebflow%2CDuda%2CTilda%2CNext.js%2CNuxt.js%2CAstro%2CGatsby%2CHugo%2CJekyll%2CEleventy%2CVercel%2CNetlify%2CGitHub+Pages%2CFramer+Sites%2CLovable%2CBase44&geo=ALL&rank=ALL&start=2020-01-01&end=2026-05-01,2026-06-15T22:17:28.655795Z
2022-09-01,Eleventy,Static/app framework,Static site generator,#222222,47,38,85,ALL,ALL,HTTP Archive Technology Report API adoption endpoint,https://cdn.httparchive.org/v1/adoption?technology=ALL%2CWordPress%2CShopify%2CWix%2CSquarespace%2CWebflow%2CDuda%2CTilda%2CNext.js%2CNuxt.js%2CAstro%2CGatsby%2CHugo%2CJekyll%2CEleventy%2CVercel%2CNetlify%2CGitHub+Pages%2CFramer+Sites%2CLovable%2CBase44&geo=ALL&rank=ALL&start=2020-01-01&end=2026-05-01,2026-06-15T22:17:28.655795Z
2022-09-01,Framer Sites,AI-era builder signal,Visual site builder with AI-assisted creation features,#0055ff,75,61,136,ALL,ALL,HTTP Archive Technology Report API adoption endpoint,https://cdn.httparchive.org/v1/adoption?technology=ALL%2CWordPress%2CShopify%2CWix%2CSquarespace%2CWebflow%2CDuda%2CTilda%2CNext.js%2CNuxt.js%2CAstro%2CGatsby%2CHugo%2CJekyll%2CEleventy%2CVercel%2CNetlify%2CGitHub+Pages%2CFramer+Sites%2CLovable%2CBase44&geo=ALL&rank=ALL&start=2020-01-01&end=2026-05-01,2026-06-15T22:17:28.655795Z
2022-09-01,Gatsby,Static/app framework,React static site generator,#663399,13111,18327,31438,ALL,ALL,HTTP Archive Technology Report API adoption endpoint,https://cdn.httparchive.org/v1/adoption?technology=ALL%2CWordPress%2CShopify%2CWix%2CSquarespace%2CWebflow%2CDuda%2CTilda%2CNext.js%2CNuxt.js%2CAstro%2CGatsby%2CHugo%2CJekyll%2CEleventy%2CVercel%2CNetlify%2CGitHub+Pages%2CFramer+Sites%2CLovable%2CBase44&geo=ALL&rank=ALL&start=2020-01-01&end=2026-05-01,2026-06-15T22:17:28.655795Z
2022-09-01,GitHub Pages,Deployment surface,Static hosting platform,#6e7781,18604,11558,30162,ALL,ALL,HTTP Archive Technology Report API adoption endpoint,https://cdn.httparchive.org/v1/adoption?technology=ALL%2CWordPress%2CShopify%2CWix%2CSquarespace%2CWebflow%2CDuda%2CTilda%2CNext.js%2CNuxt.js%2CAstro%2CGatsby%2CHugo%2CJekyll%2CEleventy%2CVercel%2CNetlify%2CGitHub+Pages%2CFramer+Sites%2CLovable%2CBase44&geo=ALL&rank=ALL&start=2020-01-01&end=2026-05-01,2026-06-15T22:17:28.655795Z
2022-09-01,Hugo,Static/app framework,Static site generator,#ff4088,6365,6229,12594,ALL,ALL,HTTP Archive Technology Report API adoption endpoint,https://cdn.httparchive.org/v1/adoption?technology=ALL%2CWordPress%2CShopify%2CWix%2CSquarespace%2CWebflow%2CDuda%2CTilda%2CNext.js%2CNuxt.js%2CAstro%2CGatsby%2CHugo%2CJekyll%2CEleventy%2CVercel%2CNetlify%2CGitHub+Pages%2CFramer+Sites%2CLovable%2CBase44&geo=ALL&rank=ALL&start=2020-01-01&end=2026-05-01,2026-06-15T22:17:28.655795Z
2022-09-01,Jekyll,Static/app framework,Static site generator,#cc0000,3975,2612,6587,ALL,ALL,HTTP Archive Technology Report API adoption endpoint,https://cdn.httparchive.org/v1/adoption?technology=ALL%2CWordPress%2CShopify%2CWix%2CSquarespace%2CWebflow%2CDuda%2CTilda%2CNext.js%2CNuxt.js%2CAstro%2CGatsby%2CHugo%2CJekyll%2CEleventy%2CVercel%2CNetlify%2CGitHub+Pages%2CFramer+Sites%2CLovable%2CBase44&geo=ALL&rank=ALL&start=2020-01-01&end=2026-05-01,2026-06-15T22:17:28.655795Z
2022-09-01,Netlify,Deployment surface,Static/app deployment platform,#00ad9f,18940,21022,39962,ALL,ALL,HTTP Archive Technology Report API adoption endpoint,https://cdn.httparchive.org/v1/adoption?technology=ALL%2CWordPress%2CShopify%2CWix%2CSquarespace%2CWebflow%2CDuda%2CTilda%2CNext.js%2CNuxt.js%2CAstro%2CGatsby%2CHugo%2CJekyll%2CEleventy%2CVercel%2CNetlify%2CGitHub+Pages%2CFramer+Sites%2CLovable%2CBase44&geo=ALL&rank=ALL&start=2020-01-01&end=2026-05-01,2026-06-15T22:17:28.655795Z
2022-09-01,Next.js,Static/app framework,React app framework and static/hybrid generator,#111827,53069,73681,126750,ALL,ALL,HTTP Archive Technology Report API adoption endpoint,https://cdn.httparchive.org/v1/adoption?technology=ALL%2CWordPress%2CShopify%2CWix%2CSquarespace%2CWebflow%2CDuda%2CTilda%2CNext.js%2CNuxt.js%2CAstro%2CGatsby%2CHugo%2CJekyll%2CEleventy%2CVercel%2CNetlify%2CGitHub+Pages%2CFramer+Sites%2CLovable%2CBase44&geo=ALL&rank=ALL&start=2020-01-01&end=2026-05-01,2026-06-15T22:17:28.655795Z
2022-09-01,Nuxt.js,Static/app framework,Vue app framework and static/hybrid generator,#00dc82,29574,43802,73376,ALL,ALL,HTTP Archive Technology Report API adoption endpoint,https://cdn.httparchive.org/v1/adoption?technology=ALL%2CWordPress%2CShopify%2CWix%2CSquarespace%2CWebflow%2CDuda%2CTilda%2CNext.js%2CNuxt.js%2CAstro%2CGatsby%2CHugo%2CJekyll%2CEleventy%2CVercel%2CNetlify%2CGitHub+Pages%2CFramer+Sites%2CLovable%2CBase44&geo=ALL&rank=ALL&start=2020-01-01&end=2026-05-01,2026-06-15T22:17:28.655795Z
2022-09-01,Shopify,CMS/ecommerce/builder,Hosted ecommerce,#16a34a,185846,262969,448815,ALL,ALL,HTTP Archive Technology Report API adoption endpoint,https://cdn.httparchive.org/v1/adoption?technology=ALL%2CWordPress%2CShopify%2CWix%2CSquarespace%2CWebflow%2CDuda%2CTilda%2CNext.js%2CNuxt.js%2CAstro%2CGatsby%2CHugo%2CJekyll%2CEleventy%2CVercel%2CNetlify%2CGitHub+Pages%2CFramer+Sites%2CLovable%2CBase44&geo=ALL&rank=ALL&start=2020-01-01&end=2026-05-01,2026-06-15T22:17:28.655795Z
2022-09-01,Squarespace,CMS/ecommerce/builder,Hosted website builder,#64748b,68391,89662,158053,ALL,ALL,HTTP Archive Technology Report API adoption endpoint,https://cdn.httparchive.org/v1/adoption?technology=ALL%2CWordPress%2CShopify%2CWix%2CSquarespace%2CWebflow%2CDuda%2CTilda%2CNext.js%2CNuxt.js%2CAstro%2CGatsby%2CHugo%2CJekyll%2CEleventy%2CVercel%2CNetlify%2CGitHub+Pages%2CFramer+Sites%2CLovable%2CBase44&geo=ALL&rank=ALL&start=2020-01-01&end=2026-05-01,2026-06-15T22:17:28.655795Z
2022-09-01,Tilda,CMS/ecommerce/builder,Hosted website builder,#a855f7,8845,34039,42884,ALL,ALL,HTTP Archive Technology Report API adoption endpoint,https://cdn.httparchive.org/v1/adoption?technology=ALL%2CWordPress%2CShopify%2CWix%2CSquarespace%2CWebflow%2CDuda%2CTilda%2CNext.js%2CNuxt.js%2CAstro%2CGatsby%2CHugo%2CJekyll%2CEleventy%2CVercel%2CNetlify%2CGitHub+Pages%2CFramer+Sites%2CLovable%2CBase44&geo=ALL&rank=ALL&start=2020-01-01&end=2026-05-01,2026-06-15T22:17:28.655795Z
2022-09-01,Vercel,Deployment surface,Frontend cloud/PaaS often paired with Next.js,#000000,14696,15581,30277,ALL,ALL,HTTP Archive Technology Report API adoption endpoint,https://cdn.httparchive.org/v1/adoption?technology=ALL%2CWordPress%2CShopify%2CWix%2CSquarespace%2CWebflow%2CDuda%2CTilda%2CNext.js%2CNuxt.js%2CAstro%2CGatsby%2CHugo%2CJekyll%2CEleventy%2CVercel%2CNetlify%2CGitHub+Pages%2CFramer+Sites%2CLovable%2CBase44&geo=ALL&rank=ALL&start=2020-01-01&end=2026-05-01,2026-06-15T22:17:28.655795Z
2022-09-01,Webflow,CMS/ecommerce/builder,Visual website builder/CMS,#0891b2,31540,37262,68802,ALL,ALL,HTTP Archive Technology Report API adoption endpoint,https://cdn.httparchive.org/v1/adoption?technology=ALL%2CWordPress%2CShopify%2CWix%2CSquarespace%2CWebflow%2CDuda%2CTilda%2CNext.js%2CNuxt.js%2CAstro%2CGatsby%2CHugo%2CJekyll%2CEleventy%2CVercel%2CNetlify%2CGitHub+Pages%2CFramer+Sites%2CLovable%2CBase44&geo=ALL&rank=ALL&start=2020-01-01&end=2026-05-01,2026-06-15T22:17:28.655795Z
2022-09-01,Wix,CMS/ecommerce/builder,Hosted website builder,#f59e0b,62602,192575,255177,ALL,ALL,HTTP Archive Technology Report API adoption endpoint,https://cdn.httparchive.org/v1/adoption?technology=ALL%2CWordPress%2CShopify%2CWix%2CSquarespace%2CWebflow%2CDuda%2CTilda%2CNext.js%2CNuxt.js%2CAstro%2CGatsby%2CHugo%2CJekyll%2CEleventy%2CVercel%2CNetlify%2CGitHub+Pages%2CFramer+Sites%2CLovable%2CBase44&geo=ALL&rank=ALL&start=2020-01-01&end=2026-05-01,2026-06-15T22:17:28.655795Z
2022-09-01,WordPress,CMS/ecommerce/builder,Open-source CMS,#2563eb,1875167,3293931,5169098,ALL,ALL,HTTP Archive Technology Report API adoption endpoint,https://cdn.httparchive.org/v1/adoption?technology=ALL%2CWordPress%2CShopify%2CWix%2CSquarespace%2CWebflow%2CDuda%2CTilda%2CNext.js%2CNuxt.js%2CAstro%2CGatsby%2CHugo%2CJekyll%2CEleventy%2CVercel%2CNetlify%2CGitHub+Pages%2CFramer+Sites%2CLovable%2CBase44&geo=ALL&rank=ALL&start=2020-01-01&end=2026-05-01,2026-06-15T22:17:28.655795Z
2022-10-01,ALL,All origins,All HTTP Archive crawl origins,#0f172a,5887152,9326916,15214068,ALL,ALL,HTTP Archive Technology Report API adoption endpoint,https://cdn.httparchive.org/v1/adoption?technology=ALL%2CWordPress%2CShopify%2CWix%2CSquarespace%2CWebflow%2CDuda%2CTilda%2CNext.js%2CNuxt.js%2CAstro%2CGatsby%2CHugo%2CJekyll%2CEleventy%2CVercel%2CNetlify%2CGitHub+Pages%2CFramer+Sites%2CLovable%2CBase44&geo=ALL&rank=ALL&start=2020-01-01&end=2026-05-01,2026-06-15T22:17:28.655795Z
2022-10-01,Astro,Static/app framework,Static site generator/app framework,#fb7185,219,206,425,ALL,ALL,HTTP Archive Technology Report API adoption endpoint,https://cdn.httparchive.org/v1/adoption?technology=ALL%2CWordPress%2CShopify%2CWix%2CSquarespace%2CWebflow%2CDuda%2CTilda%2CNext.js%2CNuxt.js%2CAstro%2CGatsby%2CHugo%2CJekyll%2CEleventy%2CVercel%2CNetlify%2CGitHub+Pages%2CFramer+Sites%2CLovable%2CBase44&geo=ALL&rank=ALL&start=2020-01-01&end=2026-05-01,2026-06-15T22:17:28.655795Z
2022-10-01,Duda,CMS/ecommerce/builder,Hosted website builder,#dc2626,10871,37377,48248,ALL,ALL,HTTP Archive Technology Report API adoption endpoint,https://cdn.httparchive.org/v1/adoption?technology=ALL%2CWordPress%2CShopify%2CWix%2CSquarespace%2CWebflow%2CDuda%2CTilda%2CNext.js%2CNuxt.js%2CAstro%2CGatsby%2CHugo%2CJekyll%2CEleventy%2CVercel%2CNetlify%2CGitHub+Pages%2CFramer+Sites%2CLovable%2CBase44&geo=ALL&rank=ALL&start=2020-01-01&end=2026-05-01,2026-06-15T22:17:28.655795Z
2022-10-01,Eleventy,Static/app framework,Static site generator,#222222,62,46,108,ALL,ALL,HTTP Archive Technology Report API adoption endpoint,https://cdn.httparchive.org/v1/adoption?technology=ALL%2CWordPress%2CShopify%2CWix%2CSquarespace%2CWebflow%2CDuda%2CTilda%2CNext.js%2CNuxt.js%2CAstro%2CGatsby%2CHugo%2CJekyll%2CEleventy%2CVercel%2CNetlify%2CGitHub+Pages%2CFramer+Sites%2CLovable%2CBase44&geo=ALL&rank=ALL&start=2020-01-01&end=2026-05-01,2026-06-15T22:17:28.655795Z
2022-10-01,Framer Sites,AI-era builder signal,Visual site builder with AI-assisted creation features,#0055ff,108,76,184,ALL,ALL,HTTP Archive Technology Report API adoption endpoint,https://cdn.httparchive.org/v1/adoption?technology=ALL%2CWordPress%2CShopify%2CWix%2CSquarespace%2CWebflow%2CDuda%2CTilda%2CNext.js%2CNuxt.js%2CAstro%2CGatsby%2CHugo%2CJekyll%2CEleventy%2CVercel%2CNetlify%2CGitHub+Pages%2CFramer+Sites%2CLovable%2CBase44&geo=ALL&rank=ALL&start=2020-01-01&end=2026-05-01,2026-06-15T22:17:28.655795Z
2022-10-01,Gatsby,Static/app framework,React static site generator,#663399,13343,18178,31521,ALL,ALL,HTTP Archive Technology Report API adoption endpoint,https://cdn.httparchive.org/v1/adoption?technology=ALL%2CWordPress%2CShopify%2CWix%2CSquarespace%2CWebflow%2CDuda%2CTilda%2CNext.js%2CNuxt.js%2CAstro%2CGatsby%2CHugo%2CJekyll%2CEleventy%2CVercel%2CNetlify%2CGitHub+Pages%2CFramer+Sites%2CLovable%2CBase44&geo=ALL&rank=ALL&start=2020-01-01&end=2026-05-01,2026-06-15T22:17:28.655795Z
2022-10-01,GitHub Pages,Deployment surface,Static hosting platform,#6e7781,19551,11659,31210,ALL,ALL,HTTP Archive Technology Report API adoption endpoint,https://cdn.httparchive.org/v1/adoption?technology=ALL%2CWordPress%2CShopify%2CWix%2CSquarespace%2CWebflow%2CDuda%2CTilda%2CNext.js%2CNuxt.js%2CAstro%2CGatsby%2CHugo%2CJekyll%2CEleventy%2CVercel%2CNetlify%2CGitHub+Pages%2CFramer+Sites%2CLovable%2CBase44&geo=ALL&rank=ALL&start=2020-01-01&end=2026-05-01,2026-06-15T22:17:28.655795Z
2022-10-01,Hugo,Static/app framework,Static site generator,#ff4088,6558,6127,12685,ALL,ALL,HTTP Archive Technology Report API adoption endpoint,https://cdn.httparchive.org/v1/adoption?technology=ALL%2CWordPress%2CShopify%2CWix%2CSquarespace%2CWebflow%2CDuda%2CTilda%2CNext.js%2CNuxt.js%2CAstro%2CGatsby%2CHugo%2CJekyll%2CEleventy%2CVercel%2CNetlify%2CGitHub+Pages%2CFramer+Sites%2CLovable%2CBase44&geo=ALL&rank=ALL&start=2020-01-01&end=2026-05-01,2026-06-15T22:17:28.655795Z
2022-10-01,Jekyll,Static/app framework,Static site generator,#cc0000,4119,2648,6767,ALL,ALL,HTTP Archive Technology Report API adoption endpoint,https://cdn.httparchive.org/v1/adoption?technology=ALL%2CWordPress%2CShopify%2CWix%2CSquarespace%2CWebflow%2CDuda%2CTilda%2CNext.js%2CNuxt.js%2CAstro%2CGatsby%2CHugo%2CJekyll%2CEleventy%2CVercel%2CNetlify%2CGitHub+Pages%2CFramer+Sites%2CLovable%2CBase44&geo=ALL&rank=ALL&start=2020-01-01&end=2026-05-01,2026-06-15T22:17:28.655795Z
2022-10-01,Netlify,Deployment surface,Static/app deployment platform,#00ad9f,19653,21043,40696,ALL,ALL,HTTP Archive Technology Report API adoption endpoint,https://cdn.httparchive.org/v1/adoption?technology=ALL%2CWordPress%2CShopify%2CWix%2CSquarespace%2CWebflow%2CDuda%2CTilda%2CNext.js%2CNuxt.js%2CAstro%2CGatsby%2CHugo%2CJekyll%2CEleventy%2CVercel%2CNetlify%2CGitHub+Pages%2CFramer+Sites%2CLovable%2CBase44&geo=ALL&rank=ALL&start=2020-01-01&end=2026-05-01,2026-06-15T22:17:28.655795Z
2022-10-01,Next.js,Static/app framework,React app framework and static/hybrid generator,#111827,56647,77247,133894,ALL,ALL,HTTP Archive Technology Report API adoption endpoint,https://cdn.httparchive.org/v1/adoption?technology=ALL%2CWordPress%2CShopify%2CWix%2CSquarespace%2CWebflow%2CDuda%2CTilda%2CNext.js%2CNuxt.js%2CAstro%2CGatsby%2CHugo%2CJekyll%2CEleventy%2CVercel%2CNetlify%2CGitHub+Pages%2CFramer+Sites%2CLovable%2CBase44&geo=ALL&rank=ALL&start=2020-01-01&end=2026-05-01,2026-06-15T22:17:28.655795Z
2022-10-01,Nuxt.js,Static/app framework,Vue app framework and static/hybrid generator,#00dc82,31345,44931,76276,ALL,ALL,HTTP Archive Technology Report API adoption endpoint,https://cdn.httparchive.org/v1/adoption?technology=ALL%2CWordPress%2CShopify%2CWix%2CSquarespace%2CWebflow%2CDuda%2CTilda%2CNext.js%2CNuxt.js%2CAstro%2CGatsby%2CHugo%2CJekyll%2CEleventy%2CVercel%2CNetlify%2CGitHub+Pages%2CFramer+Sites%2CLovable%2CBase44&geo=ALL&rank=ALL&start=2020-01-01&end=2026-05-01,2026-06-15T22:17:28.655795Z
2022-10-01,Shopify,CMS/ecommerce/builder,Hosted ecommerce,#16a34a,192173,265240,457413,ALL,ALL,HTTP Archive Technology Report API adoption endpoint,https://cdn.httparchive.org/v1/adoption?technology=ALL%2CWordPress%2CShopify%2CWix%2CSquarespace%2CWebflow%2CDuda%2CTilda%2CNext.js%2CNuxt.js%2CAstro%2CGatsby%2CHugo%2CJekyll%2CEleventy%2CVercel%2CNetlify%2CGitHub+Pages%2CFramer+Sites%2CLovable%2CBase44&geo=ALL&rank=ALL&start=2020-01-01&end=2026-05-01,2026-06-15T22:17:28.655795Z
2022-10-01,Squarespace,CMS/ecommerce/builder,Hosted website builder,#64748b,72951,90110,163061,ALL,ALL,HTTP Archive Technology Report API adoption endpoint,https://cdn.httparchive.org/v1/adoption?technology=ALL%2CWordPress%2CShopify%2CWix%2CSquarespace%2CWebflow%2CDuda%2CTilda%2CNext.js%2CNuxt.js%2CAstro%2CGatsby%2CHugo%2CJekyll%2CEleventy%2CVercel%2CNetlify%2CGitHub+Pages%2CFramer+Sites%2CLovable%2CBase44&geo=ALL&rank=ALL&start=2020-01-01&end=2026-05-01,2026-06-15T22:17:28.655795Z
2022-10-01,Tilda,CMS/ecommerce/builder,Hosted website builder,#a855f7,9160,34822,43982,ALL,ALL,HTTP Archive Technology Report API adoption endpoint,https://cdn.httparchive.org/v1/adoption?technology=ALL%2CWordPress%2CShopify%2CWix%2CSquarespace%2CWebflow%2CDuda%2CTilda%2CNext.js%2CNuxt.js%2CAstro%2CGatsby%2CHugo%2CJekyll%2CEleventy%2CVercel%2CNetlify%2CGitHub+Pages%2CFramer+Sites%2CLovable%2CBase44&geo=ALL&rank=ALL&start=2020-01-01&end=2026-05-01,2026-06-15T22:17:28.655795Z
2022-10-01,Vercel,Deployment surface,Frontend cloud/PaaS often paired with Next.js,#000000,15728,16271,31999,ALL,ALL,HTTP Archive Technology Report API adoption endpoint,https://cdn.httparchive.org/v1/adoption?technology=ALL%2CWordPress%2CShopify%2CWix%2CSquarespace%2CWebflow%2CDuda%2CTilda%2CNext.js%2CNuxt.js%2CAstro%2CGatsby%2CHugo%2CJekyll%2CEleventy%2CVercel%2CNetlify%2CGitHub+Pages%2CFramer+Sites%2CLovable%2CBase44&geo=ALL&rank=ALL&start=2020-01-01&end=2026-05-01,2026-06-15T22:17:28.655795Z
2022-10-01,Webflow,CMS/ecommerce/builder,Visual website builder/CMS,#0891b2,33355,37770,71125,ALL,ALL,HTTP Archive Technology Report API adoption endpoint,https://cdn.httparchive.org/v1/adoption?technology=ALL%2CWordPress%2CShopify%2CWix%2CSquarespace%2CWebflow%2CDuda%2CTilda%2CNext.js%2CNuxt.js%2CAstro%2CGatsby%2CHugo%2CJekyll%2CEleventy%2CVercel%2CNetlify%2CGitHub+Pages%2CFramer+Sites%2CLovable%2CBase44&geo=ALL&rank=ALL&start=2020-01-01&end=2026-05-01,2026-06-15T22:17:28.655795Z
2022-10-01,Wix,CMS/ecommerce/builder,Hosted website builder,#f59e0b,66319,188045,254364,ALL,ALL,HTTP Archive Technology Report API adoption endpoint,https://cdn.httparchive.org/v1/adoption?technology=ALL%2CWordPress%2CShopify%2CWix%2CSquarespace%2CWebflow%2CDuda%2CTilda%2CNext.js%2CNuxt.js%2CAstro%2CGatsby%2CHugo%2CJekyll%2CEleventy%2CVercel%2CNetlify%2CGitHub+Pages%2CFramer+Sites%2CLovable%2CBase44&geo=ALL&rank=ALL&start=2020-01-01&end=2026-05-01,2026-06-15T22:17:28.655795Z
2022-10-01,WordPress,CMS/ecommerce/builder,Open-source CMS,#2563eb,1923622,3265784,5189406,ALL,ALL,HTTP Archive Technology Report API adoption endpoint,https://cdn.httparchive.org/v1/adoption?technology=ALL%2CWordPress%2CShopify%2CWix%2CSquarespace%2CWebflow%2CDuda%2CTilda%2CNext.js%2CNuxt.js%2CAstro%2CGatsby%2CHugo%2CJekyll%2CEleventy%2CVercel%2CNetlify%2CGitHub+Pages%2CFramer+Sites%2CLovable%2CBase44&geo=ALL&rank=ALL&start=2020-01-01&end=2026-05-01,2026-06-15T22:17:28.655795Z
2022-11-01,ALL,All origins,All HTTP Archive crawl origins,#0f172a,6376853,9344044,15720897,ALL,ALL,HTTP Archive Technology Report API adoption endpoint,https://cdn.httparchive.org/v1/adoption?technology=ALL%2CWordPress%2CShopify%2CWix%2CSquarespace%2CWebflow%2CDuda%2CTilda%2CNext.js%2CNuxt.js%2CAstro%2CGatsby%2CHugo%2CJekyll%2CEleventy%2CVercel%2CNetlify%2CGitHub+Pages%2CFramer+Sites%2CLovable%2CBase44&geo=ALL&rank=ALL&start=2020-01-01&end=2026-05-01,2026-06-15T22:17:28.655795Z
2022-11-01,Astro,Static/app framework,Static site generator/app framework,#fb7185,354,321,675,ALL,ALL,HTTP Archive Technology Report API adoption endpoint,https://cdn.httparchive.org/v1/adoption?technology=ALL%2CWordPress%2CShopify%2CWix%2CSquarespace%2CWebflow%2CDuda%2CTilda%2CNext.js%2CNuxt.js%2CAstro%2CGatsby%2CHugo%2CJekyll%2CEleventy%2CVercel%2CNetlify%2CGitHub+Pages%2CFramer+Sites%2CLovable%2CBase44&geo=ALL&rank=ALL&start=2020-01-01&end=2026-05-01,2026-06-15T22:17:28.655795Z
2022-11-01,Duda,CMS/ecommerce/builder,Hosted website builder,#dc2626,11814,36993,48807,ALL,ALL,HTTP Archive Technology Report API adoption endpoint,https://cdn.httparchive.org/v1/adoption?technology=ALL%2CWordPress%2CShopify%2CWix%2CSquarespace%2CWebflow%2CDuda%2CTilda%2CNext.js%2CNuxt.js%2CAstro%2CGatsby%2CHugo%2CJekyll%2CEleventy%2CVercel%2CNetlify%2CGitHub+Pages%2CFramer+Sites%2CLovable%2CBase44&geo=ALL&rank=ALL&start=2020-01-01&end=2026-05-01,2026-06-15T22:17:28.655795Z
2022-11-01,Eleventy,Static/app framework,Static site generator,#222222,75,50,125,ALL,ALL,HTTP Archive Technology Report API adoption endpoint,https://cdn.httparchive.org/v1/adoption?technology=ALL%2CWordPress%2CShopify%2CWix%2CSquarespace%2CWebflow%2CDuda%2CTilda%2CNext.js%2CNuxt.js%2CAstro%2CGatsby%2CHugo%2CJekyll%2CEleventy%2CVercel%2CNetlify%2CGitHub+Pages%2CFramer+Sites%2CLovable%2CBase44&geo=ALL&rank=ALL&start=2020-01-01&end=2026-05-01,2026-06-15T22:17:28.655795Z
2022-11-01,Framer Sites,AI-era builder signal,Visual site builder with AI-assisted creation features,#0055ff,170,107,277,ALL,ALL,HTTP Archive Technology Report API adoption endpoint,https://cdn.httparchive.org/v1/adoption?technology=ALL%2CWordPress%2CShopify%2CWix%2CSquarespace%2CWebflow%2CDuda%2CTilda%2CNext.js%2CNuxt.js%2CAstro%2CGatsby%2CHugo%2CJekyll%2CEleventy%2CVercel%2CNetlify%2CGitHub+Pages%2CFramer+Sites%2CLovable%2CBase44&geo=ALL&rank=ALL&start=2020-01-01&end=2026-05-01,2026-06-15T22:17:28.655795Z
2022-11-01,Gatsby,Static/app framework,React static site generator,#663399,14336,18330,32666,ALL,ALL,HTTP Archive Technology Report API adoption endpoint,https://cdn.httparchive.org/v1/adoption?technology=ALL%2CWordPress%2CShopify%2CWix%2CSquarespace%2CWebflow%2CDuda%2CTilda%2CNext.js%2CNuxt.js%2CAstro%2CGatsby%2CHugo%2CJekyll%2CEleventy%2CVercel%2CNetlify%2CGitHub+Pages%2CFramer+Sites%2CLovable%2CBase44&geo=ALL&rank=ALL&start=2020-01-01&end=2026-05-01,2026-06-15T22:17:28.655795Z
2022-11-01,GitHub Pages,Deployment surface,Static hosting platform,#6e7781,22393,11719,34112,ALL,ALL,HTTP Archive Technology Report API adoption endpoint,https://cdn.httparchive.org/v1/adoption?technology=ALL%2CWordPress%2CShopify%2CWix%2CSquarespace%2CWebflow%2CDuda%2CTilda%2CNext.js%2CNuxt.js%2CAstro%2CGatsby%2CHugo%2CJekyll%2CEleventy%2CVercel%2CNetlify%2CGitHub+Pages%2CFramer+Sites%2CLovable%2CBase44&geo=ALL&rank=ALL&start=2020-01-01&end=2026-05-01,2026-06-15T22:17:28.655795Z
2022-11-01,Hugo,Static/app framework,Static site generator,#ff4088,7379,8291,15670,ALL,ALL,HTTP Archive Technology Report API adoption endpoint,https://cdn.httparchive.org/v1/adoption?technology=ALL%2CWordPress%2CShopify%2CWix%2CSquarespace%2CWebflow%2CDuda%2CTilda%2CNext.js%2CNuxt.js%2CAstro%2CGatsby%2CHugo%2CJekyll%2CEleventy%2CVercel%2CNetlify%2CGitHub+Pages%2CFramer+Sites%2CLovable%2CBase44&geo=ALL&rank=ALL&start=2020-01-01&end=2026-05-01,2026-06-15T22:17:28.655795Z
2022-11-01,Jekyll,Static/app framework,Static site generator,#cc0000,4835,2720,7555,ALL,ALL,HTTP Archive Technology Report API adoption endpoint,https://cdn.httparchive.org/v1/adoption?technology=ALL%2CWordPress%2CShopify%2CWix%2CSquarespace%2CWebflow%2CDuda%2CTilda%2CNext.js%2CNuxt.js%2CAstro%2CGatsby%2CHugo%2CJekyll%2CEleventy%2CVercel%2CNetlify%2CGitHub+Pages%2CFramer+Sites%2CLovable%2CBase44&geo=ALL&rank=ALL&start=2020-01-01&end=2026-05-01,2026-06-15T22:17:28.655795Z
2022-11-01,Netlify,Deployment surface,Static/app deployment platform,#00ad9f,21344,21039,42383,ALL,ALL,HTTP Archive Technology Report API adoption endpoint,https://cdn.httparchive.org/v1/adoption?technology=ALL%2CWordPress%2CShopify%2CWix%2CSquarespace%2CWebflow%2CDuda%2CTilda%2CNext.js%2CNuxt.js%2CAstro%2CGatsby%2CHugo%2CJekyll%2CEleventy%2CVercel%2CNetlify%2CGitHub+Pages%2CFramer+Sites%2CLovable%2CBase44&geo=ALL&rank=ALL&start=2020-01-01&end=2026-05-01,2026-06-15T22:17:28.655795Z
2022-11-01,Next.js,Static/app framework,React app framework and static/hybrid generator,#111827,64615,81275,145890,ALL,ALL,HTTP Archive Technology Report API adoption endpoint,https://cdn.httparchive.org/v1/adoption?technology=ALL%2CWordPress%2CShopify%2CWix%2CSquarespace%2CWebflow%2CDuda%2CTilda%2CNext.js%2CNuxt.js%2CAstro%2CGatsby%2CHugo%2CJekyll%2CEleventy%2CVercel%2CNetlify%2CGitHub+Pages%2CFramer+Sites%2CLovable%2CBase44&geo=ALL&rank=ALL&start=2020-01-01&end=2026-05-01,2026-06-15T22:17:28.655795Z
2022-11-01,Nuxt.js,Static/app framework,Vue app framework and static/hybrid generator,#00dc82,33622,45144,78766,ALL,ALL,HTTP Archive Technology Report API adoption endpoint,https://cdn.httparchive.org/v1/adoption?technology=ALL%2CWordPress%2CShopify%2CWix%2CSquarespace%2CWebflow%2CDuda%2CTilda%2CNext.js%2CNuxt.js%2CAstro%2CGatsby%2CHugo%2CJekyll%2CEleventy%2CVercel%2CNetlify%2CGitHub+Pages%2CFramer+Sites%2CLovable%2CBase44&geo=ALL&rank=ALL&start=2020-01-01&end=2026-05-01,2026-06-15T22:17:28.655795Z
2022-11-01,Shopify,CMS/ecommerce/builder,Hosted ecommerce,#16a34a,218868,282334,501202,ALL,ALL,HTTP Archive Technology Report API adoption endpoint,https://cdn.httparchive.org/v1/adoption?technology=ALL%2CWordPress%2CShopify%2CWix%2CSquarespace%2CWebflow%2CDuda%2CTilda%2CNext.js%2CNuxt.js%2CAstro%2CGatsby%2CHugo%2CJekyll%2CEleventy%2CVercel%2CNetlify%2CGitHub+Pages%2CFramer+Sites%2CLovable%2CBase44&geo=ALL&rank=ALL&start=2020-01-01&end=2026-05-01,2026-06-15T22:17:28.655795Z
2022-11-01,Squarespace,CMS/ecommerce/builder,Hosted website builder,#64748b,77805,88856,166661,ALL,ALL,HTTP Archive Technology Report API adoption endpoint,https://cdn.httparchive.org/v1/adoption?technology=ALL%2CWordPress%2CShopify%2CWix%2CSquarespace%2CWebflow%2CDuda%2CTilda%2CNext.js%2CNuxt.js%2CAstro%2CGatsby%2CHugo%2CJekyll%2CEleventy%2CVercel%2CNetlify%2CGitHub+Pages%2CFramer+Sites%2CLovable%2CBase44&geo=ALL&rank=ALL&start=2020-01-01&end=2026-05-01,2026-06-15T22:17:28.655795Z
2022-11-01,Tilda,CMS/ecommerce/builder,Hosted website builder,#a855f7,10636,36396,47032,ALL,ALL,HTTP Archive Technology Report API adoption endpoint,https://cdn.httparchive.org/v1/adoption?technology=ALL%2CWordPress%2CShopify%2CWix%2CSquarespace%2CWebflow%2CDuda%2CTilda%2CNext.js%2CNuxt.js%2CAstro%2CGatsby%2CHugo%2CJekyll%2CEleventy%2CVercel%2CNetlify%2CGitHub+Pages%2CFramer+Sites%2CLovable%2CBase44&geo=ALL&rank=ALL&start=2020-01-01&end=2026-05-01,2026-06-15T22:17:28.655795Z
2022-11-01,Vercel,Deployment surface,Frontend cloud/PaaS often paired with Next.js,#000000,18000,17298,35298,ALL,ALL,HTTP Archive Technology Report API adoption endpoint,https://cdn.httparchive.org/v1/adoption?technology=ALL%2CWordPress%2CShopify%2CWix%2CSquarespace%2CWebflow%2CDuda%2CTilda%2CNext.js%2CNuxt.js%2CAstro%2CGatsby%2CHugo%2CJekyll%2CEleventy%2CVercel%2CNetlify%2CGitHub+Pages%2CFramer+Sites%2CLovable%2CBase44&geo=ALL&rank=ALL&start=2020-01-01&end=2026-05-01,2026-06-15T22:17:28.655795Z
2022-11-01,Webflow,CMS/ecommerce/builder,Visual website builder/CMS,#0891b2,36732,38545,75277,ALL,ALL,HTTP Archive Technology Report API adoption endpoint,https://cdn.httparchive.org/v1/adoption?technology=ALL%2CWordPress%2CShopify%2CWix%2CSquarespace%2CWebflow%2CDuda%2CTilda%2CNext.js%2CNuxt.js%2CAstro%2CGatsby%2CHugo%2CJekyll%2CEleventy%2CVercel%2CNetlify%2CGitHub+Pages%2CFramer+Sites%2CLovable%2CBase44&geo=ALL&rank=ALL&start=2020-01-01&end=2026-05-01,2026-06-15T22:17:28.655795Z
2022-11-01,Wix,CMS/ecommerce/builder,Hosted website builder,#f59e0b,75978,186564,262542,ALL,ALL,HTTP Archive Technology Report API adoption endpoint,https://cdn.httparchive.org/v1/adoption?technology=ALL%2CWordPress%2CShopify%2CWix%2CSquarespace%2CWebflow%2CDuda%2CTilda%2CNext.js%2CNuxt.js%2CAstro%2CGatsby%2CHugo%2CJekyll%2CEleventy%2CVercel%2CNetlify%2CGitHub+Pages%2CFramer+Sites%2CLovable%2CBase44&geo=ALL&rank=ALL&start=2020-01-01&end=2026-05-01,2026-06-15T22:17:28.655795Z
2022-11-01,WordPress,CMS/ecommerce/builder,Open-source CMS,#2563eb,2097849,3258244,5356093,ALL,ALL,HTTP Archive Technology Report API adoption endpoint,https://cdn.httparchive.org/v1/adoption?technology=ALL%2CWordPress%2CShopify%2CWix%2CSquarespace%2CWebflow%2CDuda%2CTilda%2CNext.js%2CNuxt.js%2CAstro%2CGatsby%2CHugo%2CJekyll%2CEleventy%2CVercel%2CNetlify%2CGitHub+Pages%2CFramer+Sites%2CLovable%2CBase44&geo=ALL&rank=ALL&start=2020-01-01&end=2026-05-01,2026-06-15T22:17:28.655795Z
2022-12-01,ALL,All origins,All HTTP Archive crawl origins,#0f172a,5898687,9110962,15009649,ALL,ALL,HTTP Archive Technology Report API adoption endpoint,https://cdn.httparchive.org/v1/adoption?technology=ALL%2CWordPress%2CShopify%2CWix%2CSquarespace%2CWebflow%2CDuda%2CTilda%2CNext.js%2CNuxt.js%2CAstro%2CGatsby%2CHugo%2CJekyll%2CEleventy%2CVercel%2CNetlify%2CGitHub+Pages%2CFramer+Sites%2CLovable%2CBase44&geo=ALL&rank=ALL&start=2020-01-01&end=2026-05-01,2026-06-15T22:17:28.655795Z
2022-12-01,Astro,Static/app framework,Static site generator/app framework,#fb7185,383,371,754,ALL,ALL,HTTP Archive Technology Report API adoption endpoint,https://cdn.httparchive.org/v1/adoption?technology=ALL%2CWordPress%2CShopify%2CWix%2CSquarespace%2CWebflow%2CDuda%2CTilda%2CNext.js%2CNuxt.js%2CAstro%2CGatsby%2CHugo%2CJekyll%2CEleventy%2CVercel%2CNetlify%2CGitHub+Pages%2CFramer+Sites%2CLovable%2CBase44&geo=ALL&rank=ALL&start=2020-01-01&end=2026-05-01,2026-06-15T22:17:28.655795Z
2022-12-01,Duda,CMS/ecommerce/builder,Hosted website builder,#dc2626,10526,37704,48230,ALL,ALL,HTTP Archive Technology Report API adoption endpoint,https://cdn.httparchive.org/v1/adoption?technology=ALL%2CWordPress%2CShopify%2CWix%2CSquarespace%2CWebflow%2CDuda%2CTilda%2CNext.js%2CNuxt.js%2CAstro%2CGatsby%2CHugo%2CJekyll%2CEleventy%2CVercel%2CNetlify%2CGitHub+Pages%2CFramer+Sites%2CLovable%2CBase44&geo=ALL&rank=ALL&start=2020-01-01&end=2026-05-01,2026-06-15T22:17:28.655795Z
2022-12-01,Eleventy,Static/app framework,Static site generator,#222222,67,51,118,ALL,ALL,HTTP Archive Technology Report API adoption endpoint,https://cdn.httparchive.org/v1/adoption?technology=ALL%2CWordPress%2CShopify%2CWix%2CSquarespace%2CWebflow%2CDuda%2CTilda%2CNext.js%2CNuxt.js%2CAstro%2CGatsby%2CHugo%2CJekyll%2CEleventy%2CVercel%2CNetlify%2CGitHub+Pages%2CFramer+Sites%2CLovable%2CBase44&geo=ALL&rank=ALL&start=2020-01-01&end=2026-05-01,2026-06-15T22:17:28.655795Z
2022-12-01,Framer Sites,AI-era builder signal,Visual site builder with AI-assisted creation features,#0055ff,174,117,291,ALL,ALL,HTTP Archive Technology Report API adoption endpoint,https://cdn.httparchive.org/v1/adoption?technology=ALL%2CWordPress%2CShopify%2CWix%2CSquarespace%2CWebflow%2CDuda%2CTilda%2CNext.js%2CNuxt.js%2CAstro%2CGatsby%2CHugo%2CJekyll%2CEleventy%2CVercel%2CNetlify%2CGitHub+Pages%2CFramer+Sites%2CLovable%2CBase44&geo=ALL&rank=ALL&start=2020-01-01&end=2026-05-01,2026-06-15T22:17:28.655795Z
2022-12-01,Gatsby,Static/app framework,React static site generator,#663399,13511,18465,31976,ALL,ALL,HTTP Archive Technology Report API adoption endpoint,https://cdn.httparchive.org/v1/adoption?technology=ALL%2CWordPress%2CShopify%2CWix%2CSquarespace%2CWebflow%2CDuda%2CTilda%2CNext.js%2CNuxt.js%2CAstro%2CGatsby%2CHugo%2CJekyll%2CEleventy%2CVercel%2CNetlify%2CGitHub+Pages%2CFramer+Sites%2CLovable%2CBase44&geo=ALL&rank=ALL&start=2020-01-01&end=2026-05-01,2026-06-15T22:17:28.655795Z
2022-12-01,GitHub Pages,Deployment surface,Static hosting platform,#6e7781,21052,11145,32197,ALL,ALL,HTTP Archive Technology Report API adoption endpoint,https://cdn.httparchive.org/v1/adoption?technology=ALL%2CWordPress%2CShopify%2CWix%2CSquarespace%2CWebflow%2CDuda%2CTilda%2CNext.js%2CNuxt.js%2CAstro%2CGatsby%2CHugo%2CJekyll%2CEleventy%2CVercel%2CNetlify%2CGitHub+Pages%2CFramer+Sites%2CLovable%2CBase44&geo=ALL&rank=ALL&start=2020-01-01&end=2026-05-01,2026-06-15T22:17:28.655795Z
2022-12-01,Hugo,Static/app framework,Static site generator,#ff4088,6914,7113,14027,ALL,ALL,HTTP Archive Technology Report API adoption endpoint,https://cdn.httparchive.org/v1/adoption?technology=ALL%2CWordPress%2CShopify%2CWix%2CSquarespace%2CWebflow%2CDuda%2CTilda%2CNext.js%2CNuxt.js%2CAstro%2CGatsby%2CHugo%2CJekyll%2CEleventy%2CVercel%2CNetlify%2CGitHub+Pages%2CFramer+Sites%2CLovable%2CBase44&geo=ALL&rank=ALL&start=2020-01-01&end=2026-05-01,2026-06-15T22:17:28.655795Z
2022-12-01,Jekyll,Static/app framework,Static site generator,#cc0000,4516,2614,7130,ALL,ALL,HTTP Archive Technology Report API adoption endpoint,https://cdn.httparchive.org/v1/adoption?technology=ALL%2CWordPress%2CShopify%2CWix%2CSquarespace%2CWebflow%2CDuda%2CTilda%2CNext.js%2CNuxt.js%2CAstro%2CGatsby%2CHugo%2CJekyll%2CEleventy%2CVercel%2CNetlify%2CGitHub+Pages%2CFramer+Sites%2CLovable%2CBase44&geo=ALL&rank=ALL&start=2020-01-01&end=2026-05-01,2026-06-15T22:17:28.655795Z
2022-12-01,Netlify,Deployment surface,Static/app deployment platform,#00ad9f,19931,20579,40510,ALL,ALL,HTTP Archive Technology Report API adoption endpoint,https://cdn.httparchive.org/v1/adoption?technology=ALL%2CWordPress%2CShopify%2CWix%2CSquarespace%2CWebflow%2CDuda%2CTilda%2CNext.js%2CNuxt.js%2CAstro%2CGatsby%2CHugo%2CJekyll%2CEleventy%2CVercel%2CNetlify%2CGitHub+Pages%2CFramer+Sites%2CLovable%2CBase44&geo=ALL&rank=ALL&start=2020-01-01&end=2026-05-01,2026-06-15T22:17:28.655795Z
2022-12-01,Next.js,Static/app framework,React app framework and static/hybrid generator,#111827,63453,82387,145840,ALL,ALL,HTTP Archive Technology Report API adoption endpoint,https://cdn.httparchive.org/v1/adoption?technology=ALL%2CWordPress%2CShopify%2CWix%2CSquarespace%2CWebflow%2CDuda%2CTilda%2CNext.js%2CNuxt.js%2CAstro%2CGatsby%2CHugo%2CJekyll%2CEleventy%2CVercel%2CNetlify%2CGitHub+Pages%2CFramer+Sites%2CLovable%2CBase44&geo=ALL&rank=ALL&start=2020-01-01&end=2026-05-01,2026-06-15T22:17:28.655795Z
2022-12-01,Nuxt.js,Static/app framework,Vue app framework and static/hybrid generator,#00dc82,32315,45211,77526,ALL,ALL,HTTP Archive Technology Report API adoption endpoint,https://cdn.httparchive.org/v1/adoption?technology=ALL%2CWordPress%2CShopify%2CWix%2CSquarespace%2CWebflow%2CDuda%2CTilda%2CNext.js%2CNuxt.js%2CAstro%2CGatsby%2CHugo%2CJekyll%2CEleventy%2CVercel%2CNetlify%2CGitHub+Pages%2CFramer+Sites%2CLovable%2CBase44&geo=ALL&rank=ALL&start=2020-01-01&end=2026-05-01,2026-06-15T22:17:28.655795Z
2022-12-01,Shopify,CMS/ecommerce/builder,Hosted ecommerce,#16a34a,208806,281577,490383,ALL,ALL,HTTP Archive Technology Report API adoption endpoint,https://cdn.httparchive.org/v1/adoption?technology=ALL%2CWordPress%2CShopify%2CWix%2CSquarespace%2CWebflow%2CDuda%2CTilda%2CNext.js%2CNuxt.js%2CAstro%2CGatsby%2CHugo%2CJekyll%2CEleventy%2CVercel%2CNetlify%2CGitHub+Pages%2CFramer+Sites%2CLovable%2CBase44&geo=ALL&rank=ALL&start=2020-01-01&end=2026-05-01,2026-06-15T22:17:28.655795Z
2022-12-01,Squarespace,CMS/ecommerce/builder,Hosted website builder,#64748b,68479,85081,153560,ALL,ALL,HTTP Archive Technology Report API adoption endpoint,https://cdn.httparchive.org/v1/adoption?technology=ALL%2CWordPress%2CShopify%2CWix%2CSquarespace%2CWebflow%2CDuda%2CTilda%2CNext.js%2CNuxt.js%2CAstro%2CGatsby%2CHugo%2CJekyll%2CEleventy%2CVercel%2CNetlify%2CGitHub+Pages%2CFramer+Sites%2CLovable%2CBase44&geo=ALL&rank=ALL&start=2020-01-01&end=2026-05-01,2026-06-15T22:17:28.655795Z
2022-12-01,Tilda,CMS/ecommerce/builder,Hosted website builder,#a855f7,10103,36590,46693,ALL,ALL,HTTP Archive Technology Report API adoption endpoint,https://cdn.httparchive.org/v1/adoption?technology=ALL%2CWordPress%2CShopify%2CWix%2CSquarespace%2CWebflow%2CDuda%2CTilda%2CNext.js%2CNuxt.js%2CAstro%2CGatsby%2CHugo%2CJekyll%2CEleventy%2CVercel%2CNetlify%2CGitHub+Pages%2CFramer+Sites%2CLovable%2CBase44&geo=ALL&rank=ALL&start=2020-01-01&end=2026-05-01,2026-06-15T22:17:28.655795Z
2022-12-01,Vercel,Deployment surface,Frontend cloud/PaaS often paired with Next.js,#000000,17692,17498,35190,ALL,ALL,HTTP Archive Technology Report API adoption endpoint,https://cdn.httparchive.org/v1/adoption?technology=ALL%2CWordPress%2CShopify%2CWix%2CSquarespace%2CWebflow%2CDuda%2CTilda%2CNext.js%2CNuxt.js%2CAstro%2CGatsby%2CHugo%2CJekyll%2CEleventy%2CVercel%2CNetlify%2CGitHub+Pages%2CFramer+Sites%2CLovable%2CBase44&geo=ALL&rank=ALL&start=2020-01-01&end=2026-05-01,2026-06-15T22:17:28.655795Z
2022-12-01,Webflow,CMS/ecommerce/builder,Visual website builder/CMS,#0891b2,33640,37353,70993,ALL,ALL,HTTP Archive Technology Report API adoption endpoint,https://cdn.httparchive.org/v1/adoption?technology=ALL%2CWordPress%2CShopify%2CWix%2CSquarespace%2CWebflow%2CDuda%2CTilda%2CNext.js%2CNuxt.js%2CAstro%2CGatsby%2CHugo%2CJekyll%2CEleventy%2CVercel%2CNetlify%2CGitHub+Pages%2CFramer+Sites%2CLovable%2CBase44&geo=ALL&rank=ALL&start=2020-01-01&end=2026-05-01,2026-06-15T22:17:28.655795Z
2022-12-01,Wix,CMS/ecommerce/builder,Hosted website builder,#f59e0b,66552,184420,250972,ALL,ALL,HTTP Archive Technology Report API adoption endpoint,https://cdn.httparchive.org/v1/adoption?technology=ALL%2CWordPress%2CShopify%2CWix%2CSquarespace%2CWebflow%2CDuda%2CTilda%2CNext.js%2CNuxt.js%2CAstro%2CGatsby%2CHugo%2CJekyll%2CEleventy%2CVercel%2CNetlify%2CGitHub+Pages%2CFramer+Sites%2CLovable%2CBase44&geo=ALL&rank=ALL&start=2020-01-01&end=2026-05-01,2026-06-15T22:17:28.655795Z
2022-12-01,WordPress,CMS/ecommerce/builder,Open-source CMS,#2563eb,1902201,3167034,5069235,ALL,ALL,HTTP Archive Technology Report API adoption endpoint,https://cdn.httparchive.org/v1/adoption?technology=ALL%2CWordPress%2CShopify%2CWix%2CSquarespace%2CWebflow%2CDuda%2CTilda%2CNext.js%2CNuxt.js%2CAstro%2CGatsby%2CHugo%2CJekyll%2CEleventy%2CVercel%2CNetlify%2CGitHub+Pages%2CFramer+Sites%2CLovable%2CBase44&geo=ALL&rank=ALL&start=2020-01-01&end=2026-05-01,2026-06-15T22:17:28.655795Z
2023-01-01,ALL,All origins,All HTTP Archive crawl origins,#0f172a,6565601,9686820,16252421,ALL,ALL,HTTP Archive Technology Report API adoption endpoint,https://cdn.httparchive.org/v1/adoption?technology=ALL%2CWordPress%2CShopify%2CWix%2CSquarespace%2CWebflow%2CDuda%2CTilda%2CNext.js%2CNuxt.js%2CAstro%2CGatsby%2CHugo%2CJekyll%2CEleventy%2CVercel%2CNetlify%2CGitHub+Pages%2CFramer+Sites%2CLovable%2CBase44&geo=ALL&rank=ALL&start=2020-01-01&end=2026-05-01,2026-06-15T22:17:28.655795Z
2023-01-01,Astro,Static/app framework,Static site generator/app framework,#fb7185,530,466,996,ALL,ALL,HTTP Archive Technology Report API adoption endpoint,https://cdn.httparchive.org/v1/adoption?technology=ALL%2CWordPress%2CShopify%2CWix%2CSquarespace%2CWebflow%2CDuda%2CTilda%2CNext.js%2CNuxt.js%2CAstro%2CGatsby%2CHugo%2CJekyll%2CEleventy%2CVercel%2CNetlify%2CGitHub+Pages%2CFramer+Sites%2CLovable%2CBase44&geo=ALL&rank=ALL&start=2020-01-01&end=2026-05-01,2026-06-15T22:17:28.655795Z
2023-01-01,Duda,CMS/ecommerce/builder,Hosted website builder,#dc2626,13809,40928,54737,ALL,ALL,HTTP Archive Technology Report API adoption endpoint,https://cdn.httparchive.org/v1/adoption?technology=ALL%2CWordPress%2CShopify%2CWix%2CSquarespace%2CWebflow%2CDuda%2CTilda%2CNext.js%2CNuxt.js%2CAstro%2CGatsby%2CHugo%2CJekyll%2CEleventy%2CVercel%2CNetlify%2CGitHub+Pages%2CFramer+Sites%2CLovable%2CBase44&geo=ALL&rank=ALL&start=2020-01-01&end=2026-05-01,2026-06-15T22:17:28.655795Z
2023-01-01,Eleventy,Static/app framework,Static site generator,#222222,78,54,132,ALL,ALL,HTTP Archive Technology Report API adoption endpoint,https://cdn.httparchive.org/v1/adoption?technology=ALL%2CWordPress%2CShopify%2CWix%2CSquarespace%2CWebflow%2CDuda%2CTilda%2CNext.js%2CNuxt.js%2CAstro%2CGatsby%2CHugo%2CJekyll%2CEleventy%2CVercel%2CNetlify%2CGitHub+Pages%2CFramer+Sites%2CLovable%2CBase44&geo=ALL&rank=ALL&start=2020-01-01&end=2026-05-01,2026-06-15T22:17:28.655795Z
2023-01-01,Framer Sites,AI-era builder signal,Visual site builder with AI-assisted creation features,#0055ff,264,161,425,ALL,ALL,HTTP Archive Technology Report API adoption endpoint,https://cdn.httparchive.org/v1/adoption?technology=ALL%2CWordPress%2CShopify%2CWix%2CSquarespace%2CWebflow%2CDuda%2CTilda%2CNext.js%2CNuxt.js%2CAstro%2CGatsby%2CHugo%2CJekyll%2CEleventy%2CVercel%2CNetlify%2CGitHub+Pages%2CFramer+Sites%2CLovable%2CBase44&geo=ALL&rank=ALL&start=2020-01-01&end=2026-05-01,2026-06-15T22:17:28.655795Z
2023-01-01,Gatsby,Static/app framework,React static site generator,#663399,14737,18964,33701,ALL,ALL,HTTP Archive Technology Report API adoption endpoint,https://cdn.httparchive.org/v1/adoption?technology=ALL%2CWordPress%2CShopify%2CWix%2CSquarespace%2CWebflow%2CDuda%2CTilda%2CNext.js%2CNuxt.js%2CAstro%2CGatsby%2CHugo%2CJekyll%2CEleventy%2CVercel%2CNetlify%2CGitHub+Pages%2CFramer+Sites%2CLovable%2CBase44&geo=ALL&rank=ALL&start=2020-01-01&end=2026-05-01,2026-06-15T22:17:28.655795Z
2023-01-01,GitHub Pages,Deployment surface,Static hosting platform,#6e7781,22485,11729,34214,ALL,ALL,HTTP Archive Technology Report API adoption endpoint,https://cdn.httparchive.org/v1/adoption?technology=ALL%2CWordPress%2CShopify%2CWix%2CSquarespace%2CWebflow%2CDuda%2CTilda%2CNext.js%2CNuxt.js%2CAstro%2CGatsby%2CHugo%2CJekyll%2CEleventy%2CVercel%2CNetlify%2CGitHub+Pages%2CFramer+Sites%2CLovable%2CBase44&geo=ALL&rank=ALL&start=2020-01-01&end=2026-05-01,2026-06-15T22:17:28.655795Z
2023-01-01,Hugo,Static/app framework,Static site generator,#ff4088,7510,7622,15132,ALL,ALL,HTTP Archive Technology Report API adoption endpoint,https://cdn.httparchive.org/v1/adoption?technology=ALL%2CWordPress%2CShopify%2CWix%2CSquarespace%2CWebflow%2CDuda%2CTilda%2CNext.js%2CNuxt.js%2CAstro%2CGatsby%2CHugo%2CJekyll%2CEleventy%2CVercel%2CNetlify%2CGitHub+Pages%2CFramer+Sites%2CLovable%2CBase44&geo=ALL&rank=ALL&start=2020-01-01&end=2026-05-01,2026-06-15T22:17:28.655795Z
2023-01-01,Jekyll,Static/app framework,Static site generator,#cc0000,4922,2756,7678,ALL,ALL,HTTP Archive Technology Report API adoption endpoint,https://cdn.httparchive.org/v1/adoption?technology=ALL%2CWordPress%2CShopify%2CWix%2CSquarespace%2CWebflow%2CDuda%2CTilda%2CNext.js%2CNuxt.js%2CAstro%2CGatsby%2CHugo%2CJekyll%2CEleventy%2CVercel%2CNetlify%2CGitHub+Pages%2CFramer+Sites%2CLovable%2CBase44&geo=ALL&rank=ALL&start=2020-01-01&end=2026-05-01,2026-06-15T22:17:28.655795Z
2023-01-01,Netlify,Deployment surface,Static/app deployment platform,#00ad9f,22017,21788,43805,ALL,ALL,HTTP Archive Technology Report API adoption endpoint,https://cdn.httparchive.org/v1/adoption?technology=ALL%2CWordPress%2CShopify%2CWix%2CSquarespace%2CWebflow%2CDuda%2CTilda%2CNext.js%2CNuxt.js%2CAstro%2CGatsby%2CHugo%2CJekyll%2CEleventy%2CVercel%2CNetlify%2CGitHub+Pages%2CFramer+Sites%2CLovable%2CBase44&geo=ALL&rank=ALL&start=2020-01-01&end=2026-05-01,2026-06-15T22:17:28.655795Z
2023-01-01,Next.js,Static/app framework,React app framework and static/hybrid generator,#111827,70001,88419,158420,ALL,ALL,HTTP Archive Technology Report API adoption endpoint,https://cdn.httparchive.org/v1/adoption?technology=ALL%2CWordPress%2CShopify%2CWix%2CSquarespace%2CWebflow%2CDuda%2CTilda%2CNext.js%2CNuxt.js%2CAstro%2CGatsby%2CHugo%2CJekyll%2CEleventy%2CVercel%2CNetlify%2CGitHub+Pages%2CFramer+Sites%2CLovable%2CBase44&geo=ALL&rank=ALL&start=2020-01-01&end=2026-05-01,2026-06-15T22:17:28.655795Z
2023-01-01,Nuxt.js,Static/app framework,Vue app framework and static/hybrid generator,#00dc82,35396,48388,83784,ALL,ALL,HTTP Archive Technology Report API adoption endpoint,https://cdn.httparchive.org/v1/adoption?technology=ALL%2CWordPress%2CShopify%2CWix%2CSquarespace%2CWebflow%2CDuda%2CTilda%2CNext.js%2CNuxt.js%2CAstro%2CGatsby%2CHugo%2CJekyll%2CEleventy%2CVercel%2CNetlify%2CGitHub+Pages%2CFramer+Sites%2CLovable%2CBase44&geo=ALL&rank=ALL&start=2020-01-01&end=2026-05-01,2026-06-15T22:17:28.655795Z
2023-01-01,Shopify,CMS/ecommerce/builder,Hosted ecommerce,#16a34a,224530,294093,518623,ALL,ALL,HTTP Archive Technology Report API adoption endpoint,https://cdn.httparchive.org/v1/adoption?technology=ALL%2CWordPress%2CShopify%2CWix%2CSquarespace%2CWebflow%2CDuda%2CTilda%2CNext.js%2CNuxt.js%2CAstro%2CGatsby%2CHugo%2CJekyll%2CEleventy%2CVercel%2CNetlify%2CGitHub+Pages%2CFramer+Sites%2CLovable%2CBase44&geo=ALL&rank=ALL&start=2020-01-01&end=2026-05-01,2026-06-15T22:17:28.655795Z
2023-01-01,Squarespace,CMS/ecommerce/builder,Hosted website builder,#64748b,86071,97608,183679,ALL,ALL,HTTP Archive Technology Report API adoption endpoint,https://cdn.httparchive.org/v1/adoption?technology=ALL%2CWordPress%2CShopify%2CWix%2CSquarespace%2CWebflow%2CDuda%2CTilda%2CNext.js%2CNuxt.js%2CAstro%2CGatsby%2CHugo%2CJekyll%2CEleventy%2CVercel%2CNetlify%2CGitHub+Pages%2CFramer+Sites%2CLovable%2CBase44&geo=ALL&rank=ALL&start=2020-01-01&end=2026-05-01,2026-06-15T22:17:28.655795Z
2023-01-01,Tilda,CMS/ecommerce/builder,Hosted website builder,#a855f7,11357,39960,51317,ALL,ALL,HTTP Archive Technology Report API adoption endpoint,https://cdn.httparchive.org/v1/adoption?technology=ALL%2CWordPress%2CShopify%2CWix%2CSquarespace%2CWebflow%2CDuda%2CTilda%2CNext.js%2CNuxt.js%2CAstro%2CGatsby%2CHugo%2CJekyll%2CEleventy%2CVercel%2CNetlify%2CGitHub+Pages%2CFramer+Sites%2CLovable%2CBase44&geo=ALL&rank=ALL&start=2020-01-01&end=2026-05-01,2026-06-15T22:17:28.655795Z
2023-01-01,Vercel,Deployment surface,Frontend cloud/PaaS often paired with Next.js,#000000,20291,19417,39708,ALL,ALL,HTTP Archive Technology Report API adoption endpoint,https://cdn.httparchive.org/v1/adoption?technology=ALL%2CWordPress%2CShopify%2CWix%2CSquarespace%2CWebflow%2CDuda%2CTilda%2CNext.js%2CNuxt.js%2CAstro%2CGatsby%2CHugo%2CJekyll%2CEleventy%2CVercel%2CNetlify%2CGitHub+Pages%2CFramer+Sites%2CLovable%2CBase44&geo=ALL&rank=ALL&start=2020-01-01&end=2026-05-01,2026-06-15T22:17:28.655795Z
2023-01-01,Webflow,CMS/ecommerce/builder,Visual website builder/CMS,#0891b2,40088,41537,81625,ALL,ALL,HTTP Archive Technology Report API adoption endpoint,https://cdn.httparchive.org/v1/adoption?technology=ALL%2CWordPress%2CShopify%2CWix%2CSquarespace%2CWebflow%2CDuda%2CTilda%2CNext.js%2CNuxt.js%2CAstro%2CGatsby%2CHugo%2CJekyll%2CEleventy%2CVercel%2CNetlify%2CGitHub+Pages%2CFramer+Sites%2CLovable%2CBase44&geo=ALL&rank=ALL&start=2020-01-01&end=2026-05-01,2026-06-15T22:17:28.655795Z
2023-01-01,Wix,CMS/ecommerce/builder,Hosted website builder,#f59e0b,84335,202401,286736,ALL,ALL,HTTP Archive Technology Report API adoption endpoint,https://cdn.httparchive.org/v1/adoption?technology=ALL%2CWordPress%2CShopify%2CWix%2CSquarespace%2CWebflow%2CDuda%2CTilda%2CNext.js%2CNuxt.js%2CAstro%2CGatsby%2CHugo%2CJekyll%2CEleventy%2CVercel%2CNetlify%2CGitHub+Pages%2CFramer+Sites%2CLovable%2CBase44&geo=ALL&rank=ALL&start=2020-01-01&end=2026-05-01,2026-06-15T22:17:28.655795Z
2023-01-01,WordPress,CMS/ecommerce/builder,Open-source CMS,#2563eb,2182854,3402621,5585475,ALL,ALL,HTTP Archive Technology Report API adoption endpoint,https://cdn.httparchive.org/v1/adoption?technology=ALL%2CWordPress%2CShopify%2CWix%2CSquarespace%2CWebflow%2CDuda%2CTilda%2CNext.js%2CNuxt.js%2CAstro%2CGatsby%2CHugo%2CJekyll%2CEleventy%2CVercel%2CNetlify%2CGitHub+Pages%2CFramer+Sites%2CLovable%2CBase44&geo=ALL&rank=ALL&start=2020-01-01&end=2026-05-01,2026-06-15T22:17:28.655795Z
2023-02-01,ALL,All origins,All HTTP Archive crawl origins,#0f172a,6439956,9571773,16011729,ALL,ALL,HTTP Archive Technology Report API adoption endpoint,https://cdn.httparchive.org/v1/adoption?technology=ALL%2CWordPress%2CShopify%2CWix%2CSquarespace%2CWebflow%2CDuda%2CTilda%2CNext.js%2CNuxt.js%2CAstro%2CGatsby%2CHugo%2CJekyll%2CEleventy%2CVercel%2CNetlify%2CGitHub+Pages%2CFramer+Sites%2CLovable%2CBase44&geo=ALL&rank=ALL&start=2020-01-01&end=2026-05-01,2026-06-15T22:17:28.655795Z
2023-02-01,Astro,Static/app framework,Static site generator/app framework,#fb7185,594,560,1154,ALL,ALL,HTTP Archive Technology Report API adoption endpoint,https://cdn.httparchive.org/v1/adoption?technology=ALL%2CWordPress%2CShopify%2CWix%2CSquarespace%2CWebflow%2CDuda%2CTilda%2CNext.js%2CNuxt.js%2CAstro%2CGatsby%2CHugo%2CJekyll%2CEleventy%2CVercel%2CNetlify%2CGitHub+Pages%2CFramer+Sites%2CLovable%2CBase44&geo=ALL&rank=ALL&start=2020-01-01&end=2026-05-01,2026-06-15T22:17:28.655795Z
2023-02-01,Duda,CMS/ecommerce/builder,Hosted website builder,#dc2626,13289,40163,53452,ALL,ALL,HTTP Archive Technology Report API adoption endpoint,https://cdn.httparchive.org/v1/adoption?technology=ALL%2CWordPress%2CShopify%2CWix%2CSquarespace%2CWebflow%2CDuda%2CTilda%2CNext.js%2CNuxt.js%2CAstro%2CGatsby%2CHugo%2CJekyll%2CEleventy%2CVercel%2CNetlify%2CGitHub+Pages%2CFramer+Sites%2CLovable%2CBase44&geo=ALL&rank=ALL&start=2020-01-01&end=2026-05-01,2026-06-15T22:17:28.655795Z
2023-02-01,Eleventy,Static/app framework,Static site generator,#222222,83,66,149,ALL,ALL,HTTP Archive Technology Report API adoption endpoint,https://cdn.httparchive.org/v1/adoption?technology=ALL%2CWordPress%2CShopify%2CWix%2CSquarespace%2CWebflow%2CDuda%2CTilda%2CNext.js%2CNuxt.js%2CAstro%2CGatsby%2CHugo%2CJekyll%2CEleventy%2CVercel%2CNetlify%2CGitHub+Pages%2CFramer+Sites%2CLovable%2CBase44&geo=ALL&rank=ALL&start=2020-01-01&end=2026-05-01,2026-06-15T22:17:28.655795Z
2023-02-01,Framer Sites,AI-era builder signal,Visual site builder with AI-assisted creation features,#0055ff,325,231,556,ALL,ALL,HTTP Archive Technology Report API adoption endpoint,https://cdn.httparchive.org/v1/adoption?technology=ALL%2CWordPress%2CShopify%2CWix%2CSquarespace%2CWebflow%2CDuda%2CTilda%2CNext.js%2CNuxt.js%2CAstro%2CGatsby%2CHugo%2CJekyll%2CEleventy%2CVercel%2CNetlify%2CGitHub+Pages%2CFramer+Sites%2CLovable%2CBase44&geo=ALL&rank=ALL&start=2020-01-01&end=2026-05-01,2026-06-15T22:17:28.655795Z
2023-02-01,Gatsby,Static/app framework,React static site generator,#663399,14418,19084,33502,ALL,ALL,HTTP Archive Technology Report API adoption endpoint,https://cdn.httparchive.org/v1/adoption?technology=ALL%2CWordPress%2CShopify%2CWix%2CSquarespace%2CWebflow%2CDuda%2CTilda%2CNext.js%2CNuxt.js%2CAstro%2CGatsby%2CHugo%2CJekyll%2CEleventy%2CVercel%2CNetlify%2CGitHub+Pages%2CFramer+Sites%2CLovable%2CBase44&geo=ALL&rank=ALL&start=2020-01-01&end=2026-05-01,2026-06-15T22:17:28.655795Z
2023-02-01,GitHub Pages,Deployment surface,Static hosting platform,#6e7781,22558,11745,34303,ALL,ALL,HTTP Archive Technology Report API adoption endpoint,https://cdn.httparchive.org/v1/adoption?technology=ALL%2CWordPress%2CShopify%2CWix%2CSquarespace%2CWebflow%2CDuda%2CTilda%2CNext.js%2CNuxt.js%2CAstro%2CGatsby%2CHugo%2CJekyll%2CEleventy%2CVercel%2CNetlify%2CGitHub+Pages%2CFramer+Sites%2CLovable%2CBase44&geo=ALL&rank=ALL&start=2020-01-01&end=2026-05-01,2026-06-15T22:17:28.655795Z
2023-02-01,Hugo,Static/app framework,Static site generator,#ff4088,7526,6386,13912,ALL,ALL,HTTP Archive Technology Report API adoption endpoint,https://cdn.httparchive.org/v1/adoption?technology=ALL%2CWordPress%2CShopify%2CWix%2CSquarespace%2CWebflow%2CDuda%2CTilda%2CNext.js%2CNuxt.js%2CAstro%2CGatsby%2CHugo%2CJekyll%2CEleventy%2CVercel%2CNetlify%2CGitHub+Pages%2CFramer+Sites%2CLovable%2CBase44&geo=ALL&rank=ALL&start=2020-01-01&end=2026-05-01,2026-06-15T22:17:28.655795Z
2023-02-01,Jekyll,Static/app framework,Static site generator,#cc0000,4887,2793,7680,ALL,ALL,HTTP Archive Technology Report API adoption endpoint,https://cdn.httparchive.org/v1/adoption?technology=ALL%2CWordPress%2CShopify%2CWix%2CSquarespace%2CWebflow%2CDuda%2CTilda%2CNext.js%2CNuxt.js%2CAstro%2CGatsby%2CHugo%2CJekyll%2CEleventy%2CVercel%2CNetlify%2CGitHub+Pages%2CFramer+Sites%2CLovable%2CBase44&geo=ALL&rank=ALL&start=2020-01-01&end=2026-05-01,2026-06-15T22:17:28.655795Z
2023-02-01,Netlify,Deployment surface,Static/app deployment platform,#00ad9f,21452,21580,43032,ALL,ALL,HTTP Archive Technology Report API adoption endpoint,https://cdn.httparchive.org/v1/adoption?technology=ALL%2CWordPress%2CShopify%2CWix%2CSquarespace%2CWebflow%2CDuda%2CTilda%2CNext.js%2CNuxt.js%2CAstro%2CGatsby%2CHugo%2CJekyll%2CEleventy%2CVercel%2CNetlify%2CGitHub+Pages%2CFramer+Sites%2CLovable%2CBase44&geo=ALL&rank=ALL&start=2020-01-01&end=2026-05-01,2026-06-15T22:17:28.655795Z
2023-02-01,Next.js,Static/app framework,React app framework and static/hybrid generator,#111827,70598,90974,161572,ALL,ALL,HTTP Archive Technology Report API adoption endpoint,https://cdn.httparchive.org/v1/adoption?technology=ALL%2CWordPress%2CShopify%2CWix%2CSquarespace%2CWebflow%2CDuda%2CTilda%2CNext.js%2CNuxt.js%2CAstro%2CGatsby%2CHugo%2CJekyll%2CEleventy%2CVercel%2CNetlify%2CGitHub+Pages%2CFramer+Sites%2CLovable%2CBase44&geo=ALL&rank=ALL&start=2020-01-01&end=2026-05-01,2026-06-15T22:17:28.655795Z
2023-02-01,Nuxt.js,Static/app framework,Vue app framework and static/hybrid generator,#00dc82,35503,49053,84556,ALL,ALL,HTTP Archive Technology Report API adoption endpoint,https://cdn.httparchive.org/v1/adoption?technology=ALL%2CWordPress%2CShopify%2CWix%2CSquarespace%2CWebflow%2CDuda%2CTilda%2CNext.js%2CNuxt.js%2CAstro%2CGatsby%2CHugo%2CJekyll%2CEleventy%2CVercel%2CNetlify%2CGitHub+Pages%2CFramer+Sites%2CLovable%2CBase44&geo=ALL&rank=ALL&start=2020-01-01&end=2026-05-01,2026-06-15T22:17:28.655795Z
2023-02-01,Shopify,CMS/ecommerce/builder,Hosted ecommerce,#16a34a,222856,295301,518157,ALL,ALL,HTTP Archive Technology Report API adoption endpoint,https://cdn.httparchive.org/v1/adoption?technology=ALL%2CWordPress%2CShopify%2CWix%2CSquarespace%2CWebflow%2CDuda%2CTilda%2CNext.js%2CNuxt.js%2CAstro%2CGatsby%2CHugo%2CJekyll%2CEleventy%2CVercel%2CNetlify%2CGitHub+Pages%2CFramer+Sites%2CLovable%2CBase44&geo=ALL&rank=ALL&start=2020-01-01&end=2026-05-01,2026-06-15T22:17:28.655795Z
2023-02-01,Squarespace,CMS/ecommerce/builder,Hosted website builder,#64748b,83104,96489,179593,ALL,ALL,HTTP Archive Technology Report API adoption endpoint,https://cdn.httparchive.org/v1/adoption?technology=ALL%2CWordPress%2CShopify%2CWix%2CSquarespace%2CWebflow%2CDuda%2CTilda%2CNext.js%2CNuxt.js%2CAstro%2CGatsby%2CHugo%2CJekyll%2CEleventy%2CVercel%2CNetlify%2CGitHub+Pages%2CFramer+Sites%2CLovable%2CBase44&geo=ALL&rank=ALL&start=2020-01-01&end=2026-05-01,2026-06-15T22:17:28.655795Z
2023-02-01,Tilda,CMS/ecommerce/builder,Hosted website builder,#a855f7,11559,40551,52110,ALL,ALL,HTTP Archive Technology Report API adoption endpoint,https://cdn.httparchive.org/v1/adoption?technology=ALL%2CWordPress%2CShopify%2CWix%2CSquarespace%2CWebflow%2CDuda%2CTilda%2CNext.js%2CNuxt.js%2CAstro%2CGatsby%2CHugo%2CJekyll%2CEleventy%2CVercel%2CNetlify%2CGitHub+Pages%2CFramer+Sites%2CLovable%2CBase44&geo=ALL&rank=ALL&start=2020-01-01&end=2026-05-01,2026-06-15T22:17:28.655795Z
2023-02-01,Vercel,Deployment surface,Frontend cloud/PaaS often paired with Next.js,#000000,20659,20532,41191,ALL,ALL,HTTP Archive Technology Report API adoption endpoint,https://cdn.httparchive.org/v1/adoption?technology=ALL%2CWordPress%2CShopify%2CWix%2CSquarespace%2CWebflow%2CDuda%2CTilda%2CNext.js%2CNuxt.js%2CAstro%2CGatsby%2CHugo%2CJekyll%2CEleventy%2CVercel%2CNetlify%2CGitHub+Pages%2CFramer+Sites%2CLovable%2CBase44&geo=ALL&rank=ALL&start=2020-01-01&end=2026-05-01,2026-06-15T22:17:28.655795Z
2023-02-01,Webflow,CMS/ecommerce/builder,Visual website builder/CMS,#0891b2,39428,41719,81147,ALL,ALL,HTTP Archive Technology Report API adoption endpoint,https://cdn.httparchive.org/v1/adoption?technology=ALL%2CWordPress%2CShopify%2CWix%2CSquarespace%2CWebflow%2CDuda%2CTilda%2CNext.js%2CNuxt.js%2CAstro%2CGatsby%2CHugo%2CJekyll%2CEleventy%2CVercel%2CNetlify%2CGitHub+Pages%2CFramer+Sites%2CLovable%2CBase44&geo=ALL&rank=ALL&start=2020-01-01&end=2026-05-01,2026-06-15T22:17:28.655795Z
2023-02-01,Wix,CMS/ecommerce/builder,Hosted website builder,#f59e0b,78491,197743,276234,ALL,ALL,HTTP Archive Technology Report API adoption endpoint,https://cdn.httparchive.org/v1/adoption?technology=ALL%2CWordPress%2CShopify%2CWix%2CSquarespace%2CWebflow%2CDuda%2CTilda%2CNext.js%2CNuxt.js%2CAstro%2CGatsby%2CHugo%2CJekyll%2CEleventy%2CVercel%2CNetlify%2CGitHub+Pages%2CFramer+Sites%2CLovable%2CBase44&geo=ALL&rank=ALL&start=2020-01-01&end=2026-05-01,2026-06-15T22:17:28.655795Z
2023-02-01,WordPress,CMS/ecommerce/builder,Open-source CMS,#2563eb,2128782,3356751,5485533,ALL,ALL,HTTP Archive Technology Report API adoption endpoint,https://cdn.httparchive.org/v1/adoption?technology=ALL%2CWordPress%2CShopify%2CWix%2CSquarespace%2CWebflow%2CDuda%2CTilda%2CNext.js%2CNuxt.js%2CAstro%2CGatsby%2CHugo%2CJekyll%2CEleventy%2CVercel%2CNetlify%2CGitHub+Pages%2CFramer+Sites%2CLovable%2CBase44&geo=ALL&rank=ALL&start=2020-01-01&end=2026-05-01,2026-06-15T22:17:28.655795Z
2023-03-01,ALL,All origins,All HTTP Archive crawl origins,#0f172a,6649238,9731427,16380665,ALL,ALL,HTTP Archive Technology Report API adoption endpoint,https://cdn.httparchive.org/v1/adoption?technology=ALL%2CWordPress%2CShopify%2CWix%2CSquarespace%2CWebflow%2CDuda%2CTilda%2CNext.js%2CNuxt.js%2CAstro%2CGatsby%2CHugo%2CJekyll%2CEleventy%2CVercel%2CNetlify%2CGitHub+Pages%2CFramer+Sites%2CLovable%2CBase44&geo=ALL&rank=ALL&start=2020-01-01&end=2026-05-01,2026-06-15T22:17:28.655795Z
2023-03-01,Astro,Static/app framework,Static site generator/app framework,#fb7185,775,766,1541,ALL,ALL,HTTP Archive Technology Report API adoption endpoint,https://cdn.httparchive.org/v1/adoption?technology=ALL%2CWordPress%2CShopify%2CWix%2CSquarespace%2CWebflow%2CDuda%2CTilda%2CNext.js%2CNuxt.js%2CAstro%2CGatsby%2CHugo%2CJekyll%2CEleventy%2CVercel%2CNetlify%2CGitHub+Pages%2CFramer+Sites%2CLovable%2CBase44&geo=ALL&rank=ALL&start=2020-01-01&end=2026-05-01,2026-06-15T22:17:28.655795Z
2023-03-01,Duda,CMS/ecommerce/builder,Hosted website builder,#dc2626,14589,42397,56986,ALL,ALL,HTTP Archive Technology Report API adoption endpoint,https://cdn.httparchive.org/v1/adoption?technology=ALL%2CWordPress%2CShopify%2CWix%2CSquarespace%2CWebflow%2CDuda%2CTilda%2CNext.js%2CNuxt.js%2CAstro%2CGatsby%2CHugo%2CJekyll%2CEleventy%2CVercel%2CNetlify%2CGitHub+Pages%2CFramer+Sites%2CLovable%2CBase44&geo=ALL&rank=ALL&start=2020-01-01&end=2026-05-01,2026-06-15T22:17:28.655795Z
2023-03-01,Eleventy,Static/app framework,Static site generator,#222222,82,69,151,ALL,ALL,HTTP Archive Technology Report API adoption endpoint,https://cdn.httparchive.org/v1/adoption?technology=ALL%2CWordPress%2CShopify%2CWix%2CSquarespace%2CWebflow%2CDuda%2CTilda%2CNext.js%2CNuxt.js%2CAstro%2CGatsby%2CHugo%2CJekyll%2CEleventy%2CVercel%2CNetlify%2CGitHub+Pages%2CFramer+Sites%2CLovable%2CBase44&geo=ALL&rank=ALL&start=2020-01-01&end=2026-05-01,2026-06-15T22:17:28.655795Z
2023-03-01,Framer Sites,AI-era builder signal,Visual site builder with AI-assisted creation features,#0055ff,439,286,725,ALL,ALL,HTTP Archive Technology Report API adoption endpoint,https://cdn.httparchive.org/v1/adoption?technology=ALL%2CWordPress%2CShopify%2CWix%2CSquarespace%2CWebflow%2CDuda%2CTilda%2CNext.js%2CNuxt.js%2CAstro%2CGatsby%2CHugo%2CJekyll%2CEleventy%2CVercel%2CNetlify%2CGitHub+Pages%2CFramer+Sites%2CLovable%2CBase44&geo=ALL&rank=ALL&start=2020-01-01&end=2026-05-01,2026-06-15T22:17:28.655795Z
2023-03-01,Gatsby,Static/app framework,React static site generator,#663399,14918,19160,34078,ALL,ALL,HTTP Archive Technology Report API adoption endpoint,https://cdn.httparchive.org/v1/adoption?technology=ALL%2CWordPress%2CShopify%2CWix%2CSquarespace%2CWebflow%2CDuda%2CTilda%2CNext.js%2CNuxt.js%2CAstro%2CGatsby%2CHugo%2CJekyll%2CEleventy%2CVercel%2CNetlify%2CGitHub+Pages%2CFramer+Sites%2CLovable%2CBase44&geo=ALL&rank=ALL&start=2020-01-01&end=2026-05-01,2026-06-15T22:17:28.655795Z
2023-03-01,GitHub Pages,Deployment surface,Static hosting platform,#6e7781,23181,11899,35080,ALL,ALL,HTTP Archive Technology Report API adoption endpoint,https://cdn.httparchive.org/v1/adoption?technology=ALL%2CWordPress%2CShopify%2CWix%2CSquarespace%2CWebflow%2CDuda%2CTilda%2CNext.js%2CNuxt.js%2CAstro%2CGatsby%2CHugo%2CJekyll%2CEleventy%2CVercel%2CNetlify%2CGitHub+Pages%2CFramer+Sites%2CLovable%2CBase44&geo=ALL&rank=ALL&start=2020-01-01&end=2026-05-01,2026-06-15T22:17:28.655795Z
2023-03-01,Hugo,Static/app framework,Static site generator,#ff4088,7759,6427,14186,ALL,ALL,HTTP Archive Technology Report API adoption endpoint,https://cdn.httparchive.org/v1/adoption?technology=ALL%2CWordPress%2CShopify%2CWix%2CSquarespace%2CWebflow%2CDuda%2CTilda%2CNext.js%2CNuxt.js%2CAstro%2CGatsby%2CHugo%2CJekyll%2CEleventy%2CVercel%2CNetlify%2CGitHub+Pages%2CFramer+Sites%2CLovable%2CBase44&geo=ALL&rank=ALL&start=2020-01-01&end=2026-05-01,2026-06-15T22:17:28.655795Z
2023-03-01,Jekyll,Static/app framework,Static site generator,#cc0000,4975,2776,7751,ALL,ALL,HTTP Archive Technology Report API adoption endpoint,https://cdn.httparchive.org/v1/adoption?technology=ALL%2CWordPress%2CShopify%2CWix%2CSquarespace%2CWebflow%2CDuda%2CTilda%2CNext.js%2CNuxt.js%2CAstro%2CGatsby%2CHugo%2CJekyll%2CEleventy%2CVercel%2CNetlify%2CGitHub+Pages%2CFramer+Sites%2CLovable%2CBase44&geo=ALL&rank=ALL&start=2020-01-01&end=2026-05-01,2026-06-15T22:17:28.655795Z
2023-03-01,Netlify,Deployment surface,Static/app deployment platform,#00ad9f,22575,22171,44746,ALL,ALL,HTTP Archive Technology Report API adoption endpoint,https://cdn.httparchive.org/v1/adoption?technology=ALL%2CWordPress%2CShopify%2CWix%2CSquarespace%2CWebflow%2CDuda%2CTilda%2CNext.js%2CNuxt.js%2CAstro%2CGatsby%2CHugo%2CJekyll%2CEleventy%2CVercel%2CNetlify%2CGitHub+Pages%2CFramer+Sites%2CLovable%2CBase44&geo=ALL&rank=ALL&start=2020-01-01&end=2026-05-01,2026-06-15T22:17:28.655795Z
2023-03-01,Next.js,Static/app framework,React app framework and static/hybrid generator,#111827,75723,96343,172066,ALL,ALL,HTTP Archive Technology Report API adoption endpoint,https://cdn.httparchive.org/v1/adoption?technology=ALL%2CWordPress%2CShopify%2CWix%2CSquarespace%2CWebflow%2CDuda%2CTilda%2CNext.js%2CNuxt.js%2CAstro%2CGatsby%2CHugo%2CJekyll%2CEleventy%2CVercel%2CNetlify%2CGitHub+Pages%2CFramer+Sites%2CLovable%2CBase44&geo=ALL&rank=ALL&start=2020-01-01&end=2026-05-01,2026-06-15T22:17:28.655795Z
2023-03-01,Nuxt.js,Static/app framework,Vue app framework and static/hybrid generator,#00dc82,37349,50277,87626,ALL,ALL,HTTP Archive Technology Report API adoption endpoint,https://cdn.httparchive.org/v1/adoption?technology=ALL%2CWordPress%2CShopify%2CWix%2CSquarespace%2CWebflow%2CDuda%2CTilda%2CNext.js%2CNuxt.js%2CAstro%2CGatsby%2CHugo%2CJekyll%2CEleventy%2CVercel%2CNetlify%2CGitHub+Pages%2CFramer+Sites%2CLovable%2CBase44&geo=ALL&rank=ALL&start=2020-01-01&end=2026-05-01,2026-06-15T22:17:28.655795Z
2023-03-01,Shopify,CMS/ecommerce/builder,Hosted ecommerce,#16a34a,227471,297029,524500,ALL,ALL,HTTP Archive Technology Report API adoption endpoint,https://cdn.httparchive.org/v1/adoption?technology=ALL%2CWordPress%2CShopify%2CWix%2CSquarespace%2CWebflow%2CDuda%2CTilda%2CNext.js%2CNuxt.js%2CAstro%2CGatsby%2CHugo%2CJekyll%2CEleventy%2CVercel%2CNetlify%2CGitHub+Pages%2CFramer+Sites%2CLovable%2CBase44&geo=ALL&rank=ALL&start=2020-01-01&end=2026-05-01,2026-06-15T22:17:28.655795Z
2023-03-01,Squarespace,CMS/ecommerce/builder,Hosted website builder,#64748b,87077,98558,185635,ALL,ALL,HTTP Archive Technology Report API adoption endpoint,https://cdn.httparchive.org/v1/adoption?technology=ALL%2CWordPress%2CShopify%2CWix%2CSquarespace%2CWebflow%2CDuda%2CTilda%2CNext.js%2CNuxt.js%2CAstro%2CGatsby%2CHugo%2CJekyll%2CEleventy%2CVercel%2CNetlify%2CGitHub+Pages%2CFramer+Sites%2CLovable%2CBase44&geo=ALL&rank=ALL&start=2020-01-01&end=2026-05-01,2026-06-15T22:17:28.655795Z
2023-03-01,Tilda,CMS/ecommerce/builder,Hosted website builder,#a855f7,12266,42187,54453,ALL,ALL,HTTP Archive Technology Report API adoption endpoint,https://cdn.httparchive.org/v1/adoption?technology=ALL%2CWordPress%2CShopify%2CWix%2CSquarespace%2CWebflow%2CDuda%2CTilda%2CNext.js%2CNuxt.js%2CAstro%2CGatsby%2CHugo%2CJekyll%2CEleventy%2CVercel%2CNetlify%2CGitHub+Pages%2CFramer+Sites%2CLovable%2CBase44&geo=ALL&rank=ALL&start=2020-01-01&end=2026-05-01,2026-06-15T22:17:28.655795Z
2023-03-01,Vercel,Deployment surface,Frontend cloud/PaaS often paired with Next.js,#000000,22488,22612,45100,ALL,ALL,HTTP Archive Technology Report API adoption endpoint,https://cdn.httparchive.org/v1/adoption?technology=ALL%2CWordPress%2CShopify%2CWix%2CSquarespace%2CWebflow%2CDuda%2CTilda%2CNext.js%2CNuxt.js%2CAstro%2CGatsby%2CHugo%2CJekyll%2CEleventy%2CVercel%2CNetlify%2CGitHub+Pages%2CFramer+Sites%2CLovable%2CBase44&geo=ALL&rank=ALL&start=2020-01-01&end=2026-05-01,2026-06-15T22:17:28.655795Z
2023-03-01,Webflow,CMS/ecommerce/builder,Visual website builder/CMS,#0891b2,42402,43217,85619,ALL,ALL,HTTP Archive Technology Report API adoption endpoint,https://cdn.httparchive.org/v1/adoption?technology=ALL%2CWordPress%2CShopify%2CWix%2CSquarespace%2CWebflow%2CDuda%2CTilda%2CNext.js%2CNuxt.js%2CAstro%2CGatsby%2CHugo%2CJekyll%2CEleventy%2CVercel%2CNetlify%2CGitHub+Pages%2CFramer+Sites%2CLovable%2CBase44&geo=ALL&rank=ALL&start=2020-01-01&end=2026-05-01,2026-06-15T22:17:28.655795Z
2023-03-01,Wix,CMS/ecommerce/builder,Hosted website builder,#f59e0b,87719,207115,294834,ALL,ALL,HTTP Archive Technology Report API adoption endpoint,https://cdn.httparchive.org/v1/adoption?technology=ALL%2CWordPress%2CShopify%2CWix%2CSquarespace%2CWebflow%2CDuda%2CTilda%2CNext.js%2CNuxt.js%2CAstro%2CGatsby%2CHugo%2CJekyll%2CEleventy%2CVercel%2CNetlify%2CGitHub+Pages%2CFramer+Sites%2CLovable%2CBase44&geo=ALL&rank=ALL&start=2020-01-01&end=2026-05-01,2026-06-15T22:17:28.655795Z
2023-03-01,WordPress,CMS/ecommerce/builder,Open-source CMS,#2563eb,2208425,3414639,5623064,ALL,ALL,HTTP Archive Technology Report API adoption endpoint,https://cdn.httparchive.org/v1/adoption?technology=ALL%2CWordPress%2CShopify%2CWix%2CSquarespace%2CWebflow%2CDuda%2CTilda%2CNext.js%2CNuxt.js%2CAstro%2CGatsby%2CHugo%2CJekyll%2CEleventy%2CVercel%2CNetlify%2CGitHub+Pages%2CFramer+Sites%2CLovable%2CBase44&geo=ALL&rank=ALL&start=2020-01-01&end=2026-05-01,2026-06-15T22:17:28.655795Z
2023-04-01,ALL,All origins,All HTTP Archive crawl origins,#0f172a,6420914,9524457,15945371,ALL,ALL,HTTP Archive Technology Report API adoption endpoint,https://cdn.httparchive.org/v1/adoption?technology=ALL%2CWordPress%2CShopify%2CWix%2CSquarespace%2CWebflow%2CDuda%2CTilda%2CNext.js%2CNuxt.js%2CAstro%2CGatsby%2CHugo%2CJekyll%2CEleventy%2CVercel%2CNetlify%2CGitHub+Pages%2CFramer+Sites%2CLovable%2CBase44&geo=ALL&rank=ALL&start=2020-01-01&end=2026-05-01,2026-06-15T22:17:28.655795Z
2023-04-01,Astro,Static/app framework,Static site generator/app framework,#fb7185,867,880,1747,ALL,ALL,HTTP Archive Technology Report API adoption endpoint,https://cdn.httparchive.org/v1/adoption?technology=ALL%2CWordPress%2CShopify%2CWix%2CSquarespace%2CWebflow%2CDuda%2CTilda%2CNext.js%2CNuxt.js%2CAstro%2CGatsby%2CHugo%2CJekyll%2CEleventy%2CVercel%2CNetlify%2CGitHub+Pages%2CFramer+Sites%2CLovable%2CBase44&geo=ALL&rank=ALL&start=2020-01-01&end=2026-05-01,2026-06-15T22:17:28.655795Z
2023-04-01,Duda,CMS/ecommerce/builder,Hosted website builder,#dc2626,13991,42883,56874,ALL,ALL,HTTP Archive Technology Report API adoption endpoint,https://cdn.httparchive.org/v1/adoption?technology=ALL%2CWordPress%2CShopify%2CWix%2CSquarespace%2CWebflow%2CDuda%2CTilda%2CNext.js%2CNuxt.js%2CAstro%2CGatsby%2CHugo%2CJekyll%2CEleventy%2CVercel%2CNetlify%2CGitHub+Pages%2CFramer+Sites%2CLovable%2CBase44&geo=ALL&rank=ALL&start=2020-01-01&end=2026-05-01,2026-06-15T22:17:28.655795Z
2023-04-01,Eleventy,Static/app framework,Static site generator,#222222,83,69,152,ALL,ALL,HTTP Archive Technology Report API adoption endpoint,https://cdn.httparchive.org/v1/adoption?technology=ALL%2CWordPress%2CShopify%2CWix%2CSquarespace%2CWebflow%2CDuda%2CTilda%2CNext.js%2CNuxt.js%2CAstro%2CGatsby%2CHugo%2CJekyll%2CEleventy%2CVercel%2CNetlify%2CGitHub+Pages%2CFramer+Sites%2CLovable%2CBase44&geo=ALL&rank=ALL&start=2020-01-01&end=2026-05-01,2026-06-15T22:17:28.655795Z
2023-04-01,Framer Sites,AI-era builder signal,Visual site builder with AI-assisted creation features,#0055ff,487,316,803,ALL,ALL,HTTP Archive Technology Report API adoption endpoint,https://cdn.httparchive.org/v1/adoption?technology=ALL%2CWordPress%2CShopify%2CWix%2CSquarespace%2CWebflow%2CDuda%2CTilda%2CNext.js%2CNuxt.js%2CAstro%2CGatsby%2CHugo%2CJekyll%2CEleventy%2CVercel%2CNetlify%2CGitHub+Pages%2CFramer+Sites%2CLovable%2CBase44&geo=ALL&rank=ALL&start=2020-01-01&end=2026-05-01,2026-06-15T22:17:28.655795Z
2023-04-01,Gatsby,Static/app framework,React static site generator,#663399,14392,18948,33340,ALL,ALL,HTTP Archive Technology Report API adoption endpoint,https://cdn.httparchive.org/v1/adoption?technology=ALL%2CWordPress%2CShopify%2CWix%2CSquarespace%2CWebflow%2CDuda%2CTilda%2CNext.js%2CNuxt.js%2CAstro%2CGatsby%2CHugo%2CJekyll%2CEleventy%2CVercel%2CNetlify%2CGitHub+Pages%2CFramer+Sites%2CLovable%2CBase44&geo=ALL&rank=ALL&start=2020-01-01&end=2026-05-01,2026-06-15T22:17:28.655795Z
2023-04-01,GitHub Pages,Deployment surface,Static hosting platform,#6e7781,22752,11531,34283,ALL,ALL,HTTP Archive Technology Report API adoption endpoint,https://cdn.httparchive.org/v1/adoption?technology=ALL%2CWordPress%2CShopify%2CWix%2CSquarespace%2CWebflow%2CDuda%2CTilda%2CNext.js%2CNuxt.js%2CAstro%2CGatsby%2CHugo%2CJekyll%2CEleventy%2CVercel%2CNetlify%2CGitHub+Pages%2CFramer+Sites%2CLovable%2CBase44&geo=ALL&rank=ALL&start=2020-01-01&end=2026-05-01,2026-06-15T22:17:28.655795Z
2023-04-01,Hugo,Static/app framework,Static site generator,#ff4088,7514,6421,13935,ALL,ALL,HTTP Archive Technology Report API adoption endpoint,https://cdn.httparchive.org/v1/adoption?technology=ALL%2CWordPress%2CShopify%2CWix%2CSquarespace%2CWebflow%2CDuda%2CTilda%2CNext.js%2CNuxt.js%2CAstro%2CGatsby%2CHugo%2CJekyll%2CEleventy%2CVercel%2CNetlify%2CGitHub+Pages%2CFramer+Sites%2CLovable%2CBase44&geo=ALL&rank=ALL&start=2020-01-01&end=2026-05-01,2026-06-15T22:17:28.655795Z
2023-04-01,Jekyll,Static/app framework,Static site generator,#cc0000,4884,2713,7597,ALL,ALL,HTTP Archive Technology Report API adoption endpoint,https://cdn.httparchive.org/v1/adoption?technology=ALL%2CWordPress%2CShopify%2CWix%2CSquarespace%2CWebflow%2CDuda%2CTilda%2CNext.js%2CNuxt.js%2CAstro%2CGatsby%2CHugo%2CJekyll%2CEleventy%2CVercel%2CNetlify%2CGitHub+Pages%2CFramer+Sites%2CLovable%2CBase44&geo=ALL&rank=ALL&start=2020-01-01&end=2026-05-01,2026-06-15T22:17:28.655795Z
2023-04-01,Netlify,Deployment surface,Static/app deployment platform,#00ad9f,21961,21884,43845,ALL,ALL,HTTP Archive Technology Report API adoption endpoint,https://cdn.httparchive.org/v1/adoption?technology=ALL%2CWordPress%2CShopify%2CWix%2CSquarespace%2CWebflow%2CDuda%2CTilda%2CNext.js%2CNuxt.js%2CAstro%2CGatsby%2CHugo%2CJekyll%2CEleventy%2CVercel%2CNetlify%2CGitHub+Pages%2CFramer+Sites%2CLovable%2CBase44&geo=ALL&rank=ALL&start=2020-01-01&end=2026-05-01,2026-06-15T22:17:28.655795Z
2023-04-01,Next.js,Static/app framework,React app framework and static/hybrid generator,#111827,78413,99571,177984,ALL,ALL,HTTP Archive Technology Report API adoption endpoint,https://cdn.httparchive.org/v1/adoption?technology=ALL%2CWordPress%2CShopify%2CWix%2CSquarespace%2CWebflow%2CDuda%2CTilda%2CNext.js%2CNuxt.js%2CAstro%2CGatsby%2CHugo%2CJekyll%2CEleventy%2CVercel%2CNetlify%2CGitHub+Pages%2CFramer+Sites%2CLovable%2CBase44&geo=ALL&rank=ALL&start=2020-01-01&end=2026-05-01,2026-06-15T22:17:28.655795Z
2023-04-01,Nuxt.js,Static/app framework,Vue app framework and static/hybrid generator,#00dc82,37606,51023,88629,ALL,ALL,HTTP Archive Technology Report API adoption endpoint,https://cdn.httparchive.org/v1/adoption?technology=ALL%2CWordPress%2CShopify%2CWix%2CSquarespace%2CWebflow%2CDuda%2CTilda%2CNext.js%2CNuxt.js%2CAstro%2CGatsby%2CHugo%2CJekyll%2CEleventy%2CVercel%2CNetlify%2CGitHub+Pages%2CFramer+Sites%2CLovable%2CBase44&geo=ALL&rank=ALL&start=2020-01-01&end=2026-05-01,2026-06-15T22:17:28.655795Z
2023-04-01,Shopify,CMS/ecommerce/builder,Hosted ecommerce,#16a34a,223087,295295,518382,ALL,ALL,HTTP Archive Technology Report API adoption endpoint,https://cdn.httparchive.org/v1/adoption?technology=ALL%2CWordPress%2CShopify%2CWix%2CSquarespace%2CWebflow%2CDuda%2CTilda%2CNext.js%2CNuxt.js%2CAstro%2CGatsby%2CHugo%2CJekyll%2CEleventy%2CVercel%2CNetlify%2CGitHub+Pages%2CFramer+Sites%2CLovable%2CBase44&geo=ALL&rank=ALL&start=2020-01-01&end=2026-05-01,2026-06-15T22:17:28.655795Z
2023-04-01,Squarespace,CMS/ecommerce/builder,Hosted website builder,#64748b,83669,97604,181273,ALL,ALL,HTTP Archive Technology Report API adoption endpoint,https://cdn.httparchive.org/v1/adoption?technology=ALL%2CWordPress%2CShopify%2CWix%2CSquarespace%2CWebflow%2CDuda%2CTilda%2CNext.js%2CNuxt.js%2CAstro%2CGatsby%2CHugo%2CJekyll%2CEleventy%2CVercel%2CNetlify%2CGitHub+Pages%2CFramer+Sites%2CLovable%2CBase44&geo=ALL&rank=ALL&start=2020-01-01&end=2026-05-01,2026-06-15T22:17:28.655795Z
2023-04-01,Tilda,CMS/ecommerce/builder,Hosted website builder,#a855f7,12279,42293,54572,ALL,ALL,HTTP Archive Technology Report API adoption endpoint,https://cdn.httparchive.org/v1/adoption?technology=ALL%2CWordPress%2CShopify%2CWix%2CSquarespace%2CWebflow%2CDuda%2CTilda%2CNext.js%2CNuxt.js%2CAstro%2CGatsby%2CHugo%2CJekyll%2CEleventy%2CVercel%2CNetlify%2CGitHub+Pages%2CFramer+Sites%2CLovable%2CBase44&geo=ALL&rank=ALL&start=2020-01-01&end=2026-05-01,2026-06-15T22:17:28.655795Z
2023-04-01,Vercel,Deployment surface,Frontend cloud/PaaS often paired with Next.js,#000000,22852,23478,46330,ALL,ALL,HTTP Archive Technology Report API adoption endpoint,https://cdn.httparchive.org/v1/adoption?technology=ALL%2CWordPress%2CShopify%2CWix%2CSquarespace%2CWebflow%2CDuda%2CTilda%2CNext.js%2CNuxt.js%2CAstro%2CGatsby%2CHugo%2CJekyll%2CEleventy%2CVercel%2CNetlify%2CGitHub+Pages%2CFramer+Sites%2CLovable%2CBase44&geo=ALL&rank=ALL&start=2020-01-01&end=2026-05-01,2026-06-15T22:17:28.655795Z
2023-04-01,Webflow,CMS/ecommerce/builder,Visual website builder/CMS,#0891b2,41616,43357,84973,ALL,ALL,HTTP Archive Technology Report API adoption endpoint,https://cdn.httparchive.org/v1/adoption?technology=ALL%2CWordPress%2CShopify%2CWix%2CSquarespace%2CWebflow%2CDuda%2CTilda%2CNext.js%2CNuxt.js%2CAstro%2CGatsby%2CHugo%2CJekyll%2CEleventy%2CVercel%2CNetlify%2CGitHub+Pages%2CFramer+Sites%2CLovable%2CBase44&geo=ALL&rank=ALL&start=2020-01-01&end=2026-05-01,2026-06-15T22:17:28.655795Z
2023-04-01,Wix,CMS/ecommerce/builder,Hosted website builder,#f59e0b,83373,207971,291344,ALL,ALL,HTTP Archive Technology Report API adoption endpoint,https://cdn.httparchive.org/v1/adoption?technology=ALL%2CWordPress%2CShopify%2CWix%2CSquarespace%2CWebflow%2CDuda%2CTilda%2CNext.js%2CNuxt.js%2CAstro%2CGatsby%2CHugo%2CJekyll%2CEleventy%2CVercel%2CNetlify%2CGitHub+Pages%2CFramer+Sites%2CLovable%2CBase44&geo=ALL&rank=ALL&start=2020-01-01&end=2026-05-01,2026-06-15T22:17:28.655795Z
2023-04-01,WordPress,CMS/ecommerce/builder,Open-source CMS,#2563eb,2113625,3345771,5459396,ALL,ALL,HTTP Archive Technology Report API adoption endpoint,https://cdn.httparchive.org/v1/adoption?technology=ALL%2CWordPress%2CShopify%2CWix%2CSquarespace%2CWebflow%2CDuda%2CTilda%2CNext.js%2CNuxt.js%2CAstro%2CGatsby%2CHugo%2CJekyll%2CEleventy%2CVercel%2CNetlify%2CGitHub+Pages%2CFramer+Sites%2CLovable%2CBase44&geo=ALL&rank=ALL&start=2020-01-01&end=2026-05-01,2026-06-15T22:17:28.655795Z
2023-05-01,ALL,All origins,All HTTP Archive crawl origins,#0f172a,6595951,9923266,16519217,ALL,ALL,HTTP Archive Technology Report API adoption endpoint,https://cdn.httparchive.org/v1/adoption?technology=ALL%2CWordPress%2CShopify%2CWix%2CSquarespace%2CWebflow%2CDuda%2CTilda%2CNext.js%2CNuxt.js%2CAstro%2CGatsby%2CHugo%2CJekyll%2CEleventy%2CVercel%2CNetlify%2CGitHub+Pages%2CFramer+Sites%2CLovable%2CBase44&geo=ALL&rank=ALL&start=2020-01-01&end=2026-05-01,2026-06-15T22:17:28.655795Z
2023-05-01,Astro,Static/app framework,Static site generator/app framework,#fb7185,1124,1153,2277,ALL,ALL,HTTP Archive Technology Report API adoption endpoint,https://cdn.httparchive.org/v1/adoption?technology=ALL%2CWordPress%2CShopify%2CWix%2CSquarespace%2CWebflow%2CDuda%2CTilda%2CNext.js%2CNuxt.js%2CAstro%2CGatsby%2CHugo%2CJekyll%2CEleventy%2CVercel%2CNetlify%2CGitHub+Pages%2CFramer+Sites%2CLovable%2CBase44&geo=ALL&rank=ALL&start=2020-01-01&end=2026-05-01,2026-06-15T22:17:28.655795Z
2023-05-01,Duda,CMS/ecommerce/builder,Hosted website builder,#dc2626,14248,45147,59395,ALL,ALL,HTTP Archive Technology Report API adoption endpoint,https://cdn.httparchive.org/v1/adoption?technology=ALL%2CWordPress%2CShopify%2CWix%2CSquarespace%2CWebflow%2CDuda%2CTilda%2CNext.js%2CNuxt.js%2CAstro%2CGatsby%2CHugo%2CJekyll%2CEleventy%2CVercel%2CNetlify%2CGitHub+Pages%2CFramer+Sites%2CLovable%2CBase44&geo=ALL&rank=ALL&start=2020-01-01&end=2026-05-01,2026-06-15T22:17:28.655795Z
2023-05-01,Eleventy,Static/app framework,Static site generator,#222222,89,82,171,ALL,ALL,HTTP Archive Technology Report API adoption endpoint,https://cdn.httparchive.org/v1/adoption?technology=ALL%2CWordPress%2CShopify%2CWix%2CSquarespace%2CWebflow%2CDuda%2CTilda%2CNext.js%2CNuxt.js%2CAstro%2CGatsby%2CHugo%2CJekyll%2CEleventy%2CVercel%2CNetlify%2CGitHub+Pages%2CFramer+Sites%2CLovable%2CBase44&geo=ALL&rank=ALL&start=2020-01-01&end=2026-05-01,2026-06-15T22:17:28.655795Z
2023-05-01,Framer Sites,AI-era builder signal,Visual site builder with AI-assisted creation features,#0055ff,754,502,1256,ALL,ALL,HTTP Archive Technology Report API adoption endpoint,https://cdn.httparchive.org/v1/adoption?technology=ALL%2CWordPress%2CShopify%2CWix%2CSquarespace%2CWebflow%2CDuda%2CTilda%2CNext.js%2CNuxt.js%2CAstro%2CGatsby%2CHugo%2CJekyll%2CEleventy%2CVercel%2CNetlify%2CGitHub+Pages%2CFramer+Sites%2CLovable%2CBase44&geo=ALL&rank=ALL&start=2020-01-01&end=2026-05-01,2026-06-15T22:17:28.655795Z
2023-05-01,Gatsby,Static/app framework,React static site generator,#663399,14691,20216,34907,ALL,ALL,HTTP Archive Technology Report API adoption endpoint,https://cdn.httparchive.org/v1/adoption?technology=ALL%2CWordPress%2CShopify%2CWix%2CSquarespace%2CWebflow%2CDuda%2CTilda%2CNext.js%2CNuxt.js%2CAstro%2CGatsby%2CHugo%2CJekyll%2CEleventy%2CVercel%2CNetlify%2CGitHub+Pages%2CFramer+Sites%2CLovable%2CBase44&geo=ALL&rank=ALL&start=2020-01-01&end=2026-05-01,2026-06-15T22:17:28.655795Z
2023-05-01,GitHub Pages,Deployment surface,Static hosting platform,#6e7781,22705,11810,34515,ALL,ALL,HTTP Archive Technology Report API adoption endpoint,https://cdn.httparchive.org/v1/adoption?technology=ALL%2CWordPress%2CShopify%2CWix%2CSquarespace%2CWebflow%2CDuda%2CTilda%2CNext.js%2CNuxt.js%2CAstro%2CGatsby%2CHugo%2CJekyll%2CEleventy%2CVercel%2CNetlify%2CGitHub+Pages%2CFramer+Sites%2CLovable%2CBase44&geo=ALL&rank=ALL&start=2020-01-01&end=2026-05-01,2026-06-15T22:17:28.655795Z
2023-05-01,Hugo,Static/app framework,Static site generator,#ff4088,7495,6527,14022,ALL,ALL,HTTP Archive Technology Report API adoption endpoint,https://cdn.httparchive.org/v1/adoption?technology=ALL%2CWordPress%2CShopify%2CWix%2CSquarespace%2CWebflow%2CDuda%2CTilda%2CNext.js%2CNuxt.js%2CAstro%2CGatsby%2CHugo%2CJekyll%2CEleventy%2CVercel%2CNetlify%2CGitHub+Pages%2CFramer+Sites%2CLovable%2CBase44&geo=ALL&rank=ALL&start=2020-01-01&end=2026-05-01,2026-06-15T22:17:28.655795Z
2023-05-01,Jekyll,Static/app framework,Static site generator,#cc0000,4800,2706,7506,ALL,ALL,HTTP Archive Technology Report API adoption endpoint,https://cdn.httparchive.org/v1/adoption?technology=ALL%2CWordPress%2CShopify%2CWix%2CSquarespace%2CWebflow%2CDuda%2CTilda%2CNext.js%2CNuxt.js%2CAstro%2CGatsby%2CHugo%2CJekyll%2CEleventy%2CVercel%2CNetlify%2CGitHub+Pages%2CFramer+Sites%2CLovable%2CBase44&geo=ALL&rank=ALL&start=2020-01-01&end=2026-05-01,2026-06-15T22:17:28.655795Z
2023-05-01,Netlify,Deployment surface,Static/app deployment platform,#00ad9f,22559,23167,45726,ALL,ALL,HTTP Archive Technology Report API adoption endpoint,https://cdn.httparchive.org/v1/adoption?technology=ALL%2CWordPress%2CShopify%2CWix%2CSquarespace%2CWebflow%2CDuda%2CTilda%2CNext.js%2CNuxt.js%2CAstro%2CGatsby%2CHugo%2CJekyll%2CEleventy%2CVercel%2CNetlify%2CGitHub+Pages%2CFramer+Sites%2CLovable%2CBase44&geo=ALL&rank=ALL&start=2020-01-01&end=2026-05-01,2026-06-15T22:17:28.655795Z
2023-05-01,Next.js,Static/app framework,React app framework and static/hybrid generator,#111827,86130,110608,196738,ALL,ALL,HTTP Archive Technology Report API adoption endpoint,https://cdn.httparchive.org/v1/adoption?technology=ALL%2CWordPress%2CShopify%2CWix%2CSquarespace%2CWebflow%2CDuda%2CTilda%2CNext.js%2CNuxt.js%2CAstro%2CGatsby%2CHugo%2CJekyll%2CEleventy%2CVercel%2CNetlify%2CGitHub+Pages%2CFramer+Sites%2CLovable%2CBase44&geo=ALL&rank=ALL&start=2020-01-01&end=2026-05-01,2026-06-15T22:17:28.655795Z
2023-05-01,Nuxt.js,Static/app framework,Vue app framework and static/hybrid generator,#00dc82,40026,55256,95282,ALL,ALL,HTTP Archive Technology Report API adoption endpoint,https://cdn.httparchive.org/v1/adoption?technology=ALL%2CWordPress%2CShopify%2CWix%2CSquarespace%2CWebflow%2CDuda%2CTilda%2CNext.js%2CNuxt.js%2CAstro%2CGatsby%2CHugo%2CJekyll%2CEleventy%2CVercel%2CNetlify%2CGitHub+Pages%2CFramer+Sites%2CLovable%2CBase44&geo=ALL&rank=ALL&start=2020-01-01&end=2026-05-01,2026-06-15T22:17:28.655795Z
2023-05-01,Shopify,CMS/ecommerce/builder,Hosted ecommerce,#16a34a,229631,305884,535515,ALL,ALL,HTTP Archive Technology Report API adoption endpoint,https://cdn.httparchive.org/v1/adoption?technology=ALL%2CWordPress%2CShopify%2CWix%2CSquarespace%2CWebflow%2CDuda%2CTilda%2CNext.js%2CNuxt.js%2CAstro%2CGatsby%2CHugo%2CJekyll%2CEleventy%2CVercel%2CNetlify%2CGitHub+Pages%2CFramer+Sites%2CLovable%2CBase44&geo=ALL&rank=ALL&start=2020-01-01&end=2026-05-01,2026-06-15T22:17:28.655795Z
2023-05-01,Squarespace,CMS/ecommerce/builder,Hosted website builder,#64748b,82088,99017,181105,ALL,ALL,HTTP Archive Technology Report API adoption endpoint,https://cdn.httparchive.org/v1/adoption?technology=ALL%2CWordPress%2CShopify%2CWix%2CSquarespace%2CWebflow%2CDuda%2CTilda%2CNext.js%2CNuxt.js%2CAstro%2CGatsby%2CHugo%2CJekyll%2CEleventy%2CVercel%2CNetlify%2CGitHub+Pages%2CFramer+Sites%2CLovable%2CBase44&geo=ALL&rank=ALL&start=2020-01-01&end=2026-05-01,2026-06-15T22:17:28.655795Z
2023-05-01,Tilda,CMS/ecommerce/builder,Hosted website builder,#a855f7,12770,47731,60501,ALL,ALL,HTTP Archive Technology Report API adoption endpoint,https://cdn.httparchive.org/v1/adoption?technology=ALL%2CWordPress%2CShopify%2CWix%2CSquarespace%2CWebflow%2CDuda%2CTilda%2CNext.js%2CNuxt.js%2CAstro%2CGatsby%2CHugo%2CJekyll%2CEleventy%2CVercel%2CNetlify%2CGitHub+Pages%2CFramer+Sites%2CLovable%2CBase44&geo=ALL&rank=ALL&start=2020-01-01&end=2026-05-01,2026-06-15T22:17:28.655795Z
2023-05-01,Vercel,Deployment surface,Frontend cloud/PaaS often paired with Next.js,#000000,26264,27229,53493,ALL,ALL,HTTP Archive Technology Report API adoption endpoint,https://cdn.httparchive.org/v1/adoption?technology=ALL%2CWordPress%2CShopify%2CWix%2CSquarespace%2CWebflow%2CDuda%2CTilda%2CNext.js%2CNuxt.js%2CAstro%2CGatsby%2CHugo%2CJekyll%2CEleventy%2CVercel%2CNetlify%2CGitHub+Pages%2CFramer+Sites%2CLovable%2CBase44&geo=ALL&rank=ALL&start=2020-01-01&end=2026-05-01,2026-06-15T22:17:28.655795Z
2023-05-01,Webflow,CMS/ecommerce/builder,Visual website builder/CMS,#0891b2,43759,46270,90029,ALL,ALL,HTTP Archive Technology Report API adoption endpoint,https://cdn.httparchive.org/v1/adoption?technology=ALL%2CWordPress%2CShopify%2CWix%2CSquarespace%2CWebflow%2CDuda%2CTilda%2CNext.js%2CNuxt.js%2CAstro%2CGatsby%2CHugo%2CJekyll%2CEleventy%2CVercel%2CNetlify%2CGitHub+Pages%2CFramer+Sites%2CLovable%2CBase44&geo=ALL&rank=ALL&start=2020-01-01&end=2026-05-01,2026-06-15T22:17:28.655795Z
2023-05-01,Wix,CMS/ecommerce/builder,Hosted website builder,#f59e0b,86209,223229,309438,ALL,ALL,HTTP Archive Technology Report API adoption endpoint,https://cdn.httparchive.org/v1/adoption?technology=ALL%2CWordPress%2CShopify%2CWix%2CSquarespace%2CWebflow%2CDuda%2CTilda%2CNext.js%2CNuxt.js%2CAstro%2CGatsby%2CHugo%2CJekyll%2CEleventy%2CVercel%2CNetlify%2CGitHub+Pages%2CFramer+Sites%2CLovable%2CBase44&geo=ALL&rank=ALL&start=2020-01-01&end=2026-05-01,2026-06-15T22:17:28.655795Z
2023-05-01,WordPress,CMS/ecommerce/builder,Open-source CMS,#2563eb,2163158,3451290,5614448,ALL,ALL,HTTP Archive Technology Report API adoption endpoint,https://cdn.httparchive.org/v1/adoption?technology=ALL%2CWordPress%2CShopify%2CWix%2CSquarespace%2CWebflow%2CDuda%2CTilda%2CNext.js%2CNuxt.js%2CAstro%2CGatsby%2CHugo%2CJekyll%2CEleventy%2CVercel%2CNetlify%2CGitHub+Pages%2CFramer+Sites%2CLovable%2CBase44&geo=ALL&rank=ALL&start=2020-01-01&end=2026-05-01,2026-06-15T22:17:28.655795Z
2023-06-01,ALL,All origins,All HTTP Archive crawl origins,#0f172a,6432856,9870956,16303812,ALL,ALL,HTTP Archive Technology Report API adoption endpoint,https://cdn.httparchive.org/v1/adoption?technology=ALL%2CWordPress%2CShopify%2CWix%2CSquarespace%2CWebflow%2CDuda%2CTilda%2CNext.js%2CNuxt.js%2CAstro%2CGatsby%2CHugo%2CJekyll%2CEleventy%2CVercel%2CNetlify%2CGitHub+Pages%2CFramer+Sites%2CLovable%2CBase44&geo=ALL&rank=ALL&start=2020-01-01&end=2026-05-01,2026-06-15T22:17:28.655795Z
2023-06-01,Astro,Static/app framework,Static site generator/app framework,#fb7185,1238,1246,2484,ALL,ALL,HTTP Archive Technology Report API adoption endpoint,https://cdn.httparchive.org/v1/adoption?technology=ALL%2CWordPress%2CShopify%2CWix%2CSquarespace%2CWebflow%2CDuda%2CTilda%2CNext.js%2CNuxt.js%2CAstro%2CGatsby%2CHugo%2CJekyll%2CEleventy%2CVercel%2CNetlify%2CGitHub+Pages%2CFramer+Sites%2CLovable%2CBase44&geo=ALL&rank=ALL&start=2020-01-01&end=2026-05-01,2026-06-15T22:17:28.655795Z
2023-06-01,Duda,CMS/ecommerce/builder,Hosted website builder,#dc2626,13916,45338,59254,ALL,ALL,HTTP Archive Technology Report API adoption endpoint,https://cdn.httparchive.org/v1/adoption?technology=ALL%2CWordPress%2CShopify%2CWix%2CSquarespace%2CWebflow%2CDuda%2CTilda%2CNext.js%2CNuxt.js%2CAstro%2CGatsby%2CHugo%2CJekyll%2CEleventy%2CVercel%2CNetlify%2CGitHub+Pages%2CFramer+Sites%2CLovable%2CBase44&geo=ALL&rank=ALL&start=2020-01-01&end=2026-05-01,2026-06-15T22:17:28.655795Z
2023-06-01,Eleventy,Static/app framework,Static site generator,#222222,89,80,169,ALL,ALL,HTTP Archive Technology Report API adoption endpoint,https://cdn.httparchive.org/v1/adoption?technology=ALL%2CWordPress%2CShopify%2CWix%2CSquarespace%2CWebflow%2CDuda%2CTilda%2CNext.js%2CNuxt.js%2CAstro%2CGatsby%2CHugo%2CJekyll%2CEleventy%2CVercel%2CNetlify%2CGitHub+Pages%2CFramer+Sites%2CLovable%2CBase44&geo=ALL&rank=ALL&start=2020-01-01&end=2026-05-01,2026-06-15T22:17:28.655795Z
2023-06-01,Framer Sites,AI-era builder signal,Visual site builder with AI-assisted creation features,#0055ff,963,623,1586,ALL,ALL,HTTP Archive Technology Report API adoption endpoint,https://cdn.httparchive.org/v1/adoption?technology=ALL%2CWordPress%2CShopify%2CWix%2CSquarespace%2CWebflow%2CDuda%2CTilda%2CNext.js%2CNuxt.js%2CAstro%2CGatsby%2CHugo%2CJekyll%2CEleventy%2CVercel%2CNetlify%2CGitHub+Pages%2CFramer+Sites%2CLovable%2CBase44&geo=ALL&rank=ALL&start=2020-01-01&end=2026-05-01,2026-06-15T22:17:28.655795Z
2023-06-01,Gatsby,Static/app framework,React static site generator,#663399,14441,20044,34485,ALL,ALL,HTTP Archive Technology Report API adoption endpoint,https://cdn.httparchive.org/v1/adoption?technology=ALL%2CWordPress%2CShopify%2CWix%2CSquarespace%2CWebflow%2CDuda%2CTilda%2CNext.js%2CNuxt.js%2CAstro%2CGatsby%2CHugo%2CJekyll%2CEleventy%2CVercel%2CNetlify%2CGitHub+Pages%2CFramer+Sites%2CLovable%2CBase44&geo=ALL&rank=ALL&start=2020-01-01&end=2026-05-01,2026-06-15T22:17:28.655795Z
2023-06-01,GitHub Pages,Deployment surface,Static hosting platform,#6e7781,21644,11535,33179,ALL,ALL,HTTP Archive Technology Report API adoption endpoint,https://cdn.httparchive.org/v1/adoption?technology=ALL%2CWordPress%2CShopify%2CWix%2CSquarespace%2CWebflow%2CDuda%2CTilda%2CNext.js%2CNuxt.js%2CAstro%2CGatsby%2CHugo%2CJekyll%2CEleventy%2CVercel%2CNetlify%2CGitHub+Pages%2CFramer+Sites%2CLovable%2CBase44&geo=ALL&rank=ALL&start=2020-01-01&end=2026-05-01,2026-06-15T22:17:28.655795Z
2023-06-01,Hugo,Static/app framework,Static site generator,#ff4088,7288,6354,13642,ALL,ALL,HTTP Archive Technology Report API adoption endpoint,https://cdn.httparchive.org/v1/adoption?technology=ALL%2CWordPress%2CShopify%2CWix%2CSquarespace%2CWebflow%2CDuda%2CTilda%2CNext.js%2CNuxt.js%2CAstro%2CGatsby%2CHugo%2CJekyll%2CEleventy%2CVercel%2CNetlify%2CGitHub+Pages%2CFramer+Sites%2CLovable%2CBase44&geo=ALL&rank=ALL&start=2020-01-01&end=2026-05-01,2026-06-15T22:17:28.655795Z
2023-06-01,Jekyll,Static/app framework,Static site generator,#cc0000,4550,2588,7138,ALL,ALL,HTTP Archive Technology Report API adoption endpoint,https://cdn.httparchive.org/v1/adoption?technology=ALL%2CWordPress%2CShopify%2CWix%2CSquarespace%2CWebflow%2CDuda%2CTilda%2CNext.js%2CNuxt.js%2CAstro%2CGatsby%2CHugo%2CJekyll%2CEleventy%2CVercel%2CNetlify%2CGitHub+Pages%2CFramer+Sites%2CLovable%2CBase44&geo=ALL&rank=ALL&start=2020-01-01&end=2026-05-01,2026-06-15T22:17:28.655795Z
2023-06-01,Netlify,Deployment surface,Static/app deployment platform,#00ad9f,22108,23308,45416,ALL,ALL,HTTP Archive Technology Report API adoption endpoint,https://cdn.httparchive.org/v1/adoption?technology=ALL%2CWordPress%2CShopify%2CWix%2CSquarespace%2CWebflow%2CDuda%2CTilda%2CNext.js%2CNuxt.js%2CAstro%2CGatsby%2CHugo%2CJekyll%2CEleventy%2CVercel%2CNetlify%2CGitHub+Pages%2CFramer+Sites%2CLovable%2CBase44&geo=ALL&rank=ALL&start=2020-01-01&end=2026-05-01,2026-06-15T22:17:28.655795Z
2023-06-01,Next.js,Static/app framework,React app framework and static/hybrid generator,#111827,87749,114188,201937,ALL,ALL,HTTP Archive Technology Report API adoption endpoint,https://cdn.httparchive.org/v1/adoption?technology=ALL%2CWordPress%2CShopify%2CWix%2CSquarespace%2CWebflow%2CDuda%2CTilda%2CNext.js%2CNuxt.js%2CAstro%2CGatsby%2CHugo%2CJekyll%2CEleventy%2CVercel%2CNetlify%2CGitHub+Pages%2CFramer+Sites%2CLovable%2CBase44&geo=ALL&rank=ALL&start=2020-01-01&end=2026-05-01,2026-06-15T22:17:28.655795Z
2023-06-01,Nuxt.js,Static/app framework,Vue app framework and static/hybrid generator,#00dc82,39457,56705,96162,ALL,ALL,HTTP Archive Technology Report API adoption endpoint,https://cdn.httparchive.org/v1/adoption?technology=ALL%2CWordPress%2CShopify%2CWix%2CSquarespace%2CWebflow%2CDuda%2CTilda%2CNext.js%2CNuxt.js%2CAstro%2CGatsby%2CHugo%2CJekyll%2CEleventy%2CVercel%2CNetlify%2CGitHub+Pages%2CFramer+Sites%2CLovable%2CBase44&geo=ALL&rank=ALL&start=2020-01-01&end=2026-05-01,2026-06-15T22:17:28.655795Z
2023-06-01,Shopify,CMS/ecommerce/builder,Hosted ecommerce,#16a34a,227340,307088,534428,ALL,ALL,HTTP Archive Technology Report API adoption endpoint,https://cdn.httparchive.org/v1/adoption?technology=ALL%2CWordPress%2CShopify%2CWix%2CSquarespace%2CWebflow%2CDuda%2CTilda%2CNext.js%2CNuxt.js%2CAstro%2CGatsby%2CHugo%2CJekyll%2CEleventy%2CVercel%2CNetlify%2CGitHub+Pages%2CFramer+Sites%2CLovable%2CBase44&geo=ALL&rank=ALL&start=2020-01-01&end=2026-05-01,2026-06-15T22:17:28.655795Z
2023-06-01,Squarespace,CMS/ecommerce/builder,Hosted website builder,#64748b,79772,99791,179563,ALL,ALL,HTTP Archive Technology Report API adoption endpoint,https://cdn.httparchive.org/v1/adoption?technology=ALL%2CWordPress%2CShopify%2CWix%2CSquarespace%2CWebflow%2CDuda%2CTilda%2CNext.js%2CNuxt.js%2CAstro%2CGatsby%2CHugo%2CJekyll%2CEleventy%2CVercel%2CNetlify%2CGitHub+Pages%2CFramer+Sites%2CLovable%2CBase44&geo=ALL&rank=ALL&start=2020-01-01&end=2026-05-01,2026-06-15T22:17:28.655795Z
2023-06-01,Tilda,CMS/ecommerce/builder,Hosted website builder,#a855f7,12481,47490,59971,ALL,ALL,HTTP Archive Technology Report API adoption endpoint,https://cdn.httparchive.org/v1/adoption?technology=ALL%2CWordPress%2CShopify%2CWix%2CSquarespace%2CWebflow%2CDuda%2CTilda%2CNext.js%2CNuxt.js%2CAstro%2CGatsby%2CHugo%2CJekyll%2CEleventy%2CVercel%2CNetlify%2CGitHub+Pages%2CFramer+Sites%2CLovable%2CBase44&geo=ALL&rank=ALL&start=2020-01-01&end=2026-05-01,2026-06-15T22:17:28.655795Z
2023-06-01,Vercel,Deployment surface,Frontend cloud/PaaS often paired with Next.js,#000000,26968,28397,55365,ALL,ALL,HTTP Archive Technology Report API adoption endpoint,https://cdn.httparchive.org/v1/adoption?technology=ALL%2CWordPress%2CShopify%2CWix%2CSquarespace%2CWebflow%2CDuda%2CTilda%2CNext.js%2CNuxt.js%2CAstro%2CGatsby%2CHugo%2CJekyll%2CEleventy%2CVercel%2CNetlify%2CGitHub+Pages%2CFramer+Sites%2CLovable%2CBase44&geo=ALL&rank=ALL&start=2020-01-01&end=2026-05-01,2026-06-15T22:17:28.655795Z
2023-06-01,Webflow,CMS/ecommerce/builder,Visual website builder/CMS,#0891b2,44192,47127,91319,ALL,ALL,HTTP Archive Technology Report API adoption endpoint,https://cdn.httparchive.org/v1/adoption?technology=ALL%2CWordPress%2CShopify%2CWix%2CSquarespace%2CWebflow%2CDuda%2CTilda%2CNext.js%2CNuxt.js%2CAstro%2CGatsby%2CHugo%2CJekyll%2CEleventy%2CVercel%2CNetlify%2CGitHub+Pages%2CFramer+Sites%2CLovable%2CBase44&geo=ALL&rank=ALL&start=2020-01-01&end=2026-05-01,2026-06-15T22:17:28.655795Z
2023-06-01,Wix,CMS/ecommerce/builder,Hosted website builder,#f59e0b,83874,225928,309802,ALL,ALL,HTTP Archive Technology Report API adoption endpoint,https://cdn.httparchive.org/v1/adoption?technology=ALL%2CWordPress%2CShopify%2CWix%2CSquarespace%2CWebflow%2CDuda%2CTilda%2CNext.js%2CNuxt.js%2CAstro%2CGatsby%2CHugo%2CJekyll%2CEleventy%2CVercel%2CNetlify%2CGitHub+Pages%2CFramer+Sites%2CLovable%2CBase44&geo=ALL&rank=ALL&start=2020-01-01&end=2026-05-01,2026-06-15T22:17:28.655795Z
2023-06-01,WordPress,CMS/ecommerce/builder,Open-source CMS,#2563eb,2108902,3437656,5546558,ALL,ALL,HTTP Archive Technology Report API adoption endpoint,https://cdn.httparchive.org/v1/adoption?technology=ALL%2CWordPress%2CShopify%2CWix%2CSquarespace%2CWebflow%2CDuda%2CTilda%2CNext.js%2CNuxt.js%2CAstro%2CGatsby%2CHugo%2CJekyll%2CEleventy%2CVercel%2CNetlify%2CGitHub+Pages%2CFramer+Sites%2CLovable%2CBase44&geo=ALL&rank=ALL&start=2020-01-01&end=2026-05-01,2026-06-15T22:17:28.655795Z
2023-07-01,ALL,All origins,All HTTP Archive crawl origins,#0f172a,6268246,9843848,16112094,ALL,ALL,HTTP Archive Technology Report API adoption endpoint,https://cdn.httparchive.org/v1/adoption?technology=ALL%2CWordPress%2CShopify%2CWix%2CSquarespace%2CWebflow%2CDuda%2CTilda%2CNext.js%2CNuxt.js%2CAstro%2CGatsby%2CHugo%2CJekyll%2CEleventy%2CVercel%2CNetlify%2CGitHub+Pages%2CFramer+Sites%2CLovable%2CBase44&geo=ALL&rank=ALL&start=2020-01-01&end=2026-05-01,2026-06-15T22:17:28.655795Z
2023-07-01,Astro,Static/app framework,Static site generator/app framework,#fb7185,1473,1578,3051,ALL,ALL,HTTP Archive Technology Report API adoption endpoint,https://cdn.httparchive.org/v1/adoption?technology=ALL%2CWordPress%2CShopify%2CWix%2CSquarespace%2CWebflow%2CDuda%2CTilda%2CNext.js%2CNuxt.js%2CAstro%2CGatsby%2CHugo%2CJekyll%2CEleventy%2CVercel%2CNetlify%2CGitHub+Pages%2CFramer+Sites%2CLovable%2CBase44&geo=ALL&rank=ALL&start=2020-01-01&end=2026-05-01,2026-06-15T22:17:28.655795Z
2023-07-01,Duda,CMS/ecommerce/builder,Hosted website builder,#dc2626,13711,45731,59442,ALL,ALL,HTTP Archive Technology Report API adoption endpoint,https://cdn.httparchive.org/v1/adoption?technology=ALL%2CWordPress%2CShopify%2CWix%2CSquarespace%2CWebflow%2CDuda%2CTilda%2CNext.js%2CNuxt.js%2CAstro%2CGatsby%2CHugo%2CJekyll%2CEleventy%2CVercel%2CNetlify%2CGitHub+Pages%2CFramer+Sites%2CLovable%2CBase44&geo=ALL&rank=ALL&start=2020-01-01&end=2026-05-01,2026-06-15T22:17:28.655795Z
2023-07-01,Eleventy,Static/app framework,Static site generator,#222222,90,80,170,ALL,ALL,HTTP Archive Technology Report API adoption endpoint,https://cdn.httparchive.org/v1/adoption?technology=ALL%2CWordPress%2CShopify%2CWix%2CSquarespace%2CWebflow%2CDuda%2CTilda%2CNext.js%2CNuxt.js%2CAstro%2CGatsby%2CHugo%2CJekyll%2CEleventy%2CVercel%2CNetlify%2CGitHub+Pages%2CFramer+Sites%2CLovable%2CBase44&geo=ALL&rank=ALL&start=2020-01-01&end=2026-05-01,2026-06-15T22:17:28.655795Z
2023-07-01,Framer Sites,AI-era builder signal,Visual site builder with AI-assisted creation features,#0055ff,1123,766,1889,ALL,ALL,HTTP Archive Technology Report API adoption endpoint,https://cdn.httparchive.org/v1/adoption?technology=ALL%2CWordPress%2CShopify%2CWix%2CSquarespace%2CWebflow%2CDuda%2CTilda%2CNext.js%2CNuxt.js%2CAstro%2CGatsby%2CHugo%2CJekyll%2CEleventy%2CVercel%2CNetlify%2CGitHub+Pages%2CFramer+Sites%2CLovable%2CBase44&geo=ALL&rank=ALL&start=2020-01-01&end=2026-05-01,2026-06-15T22:17:28.655795Z
2023-07-01,Gatsby,Static/app framework,React static site generator,#663399,14237,20301,34538,ALL,ALL,HTTP Archive Technology Report API adoption endpoint,https://cdn.httparchive.org/v1/adoption?technology=ALL%2CWordPress%2CShopify%2CWix%2CSquarespace%2CWebflow%2CDuda%2CTilda%2CNext.js%2CNuxt.js%2CAstro%2CGatsby%2CHugo%2CJekyll%2CEleventy%2CVercel%2CNetlify%2CGitHub+Pages%2CFramer+Sites%2CLovable%2CBase44&geo=ALL&rank=ALL&start=2020-01-01&end=2026-05-01,2026-06-15T22:17:28.655795Z
2023-07-01,GitHub Pages,Deployment surface,Static hosting platform,#6e7781,21080,11391,32471,ALL,ALL,HTTP Archive Technology Report API adoption endpoint,https://cdn.httparchive.org/v1/adoption?technology=ALL%2CWordPress%2CShopify%2CWix%2CSquarespace%2CWebflow%2CDuda%2CTilda%2CNext.js%2CNuxt.js%2CAstro%2CGatsby%2CHugo%2CJekyll%2CEleventy%2CVercel%2CNetlify%2CGitHub+Pages%2CFramer+Sites%2CLovable%2CBase44&geo=ALL&rank=ALL&start=2020-01-01&end=2026-05-01,2026-06-15T22:17:28.655795Z
2023-07-01,Hugo,Static/app framework,Static site generator,#ff4088,7240,6439,13679,ALL,ALL,HTTP Archive Technology Report API adoption endpoint,https://cdn.httparchive.org/v1/adoption?technology=ALL%2CWordPress%2CShopify%2CWix%2CSquarespace%2CWebflow%2CDuda%2CTilda%2CNext.js%2CNuxt.js%2CAstro%2CGatsby%2CHugo%2CJekyll%2CEleventy%2CVercel%2CNetlify%2CGitHub+Pages%2CFramer+Sites%2CLovable%2CBase44&geo=ALL&rank=ALL&start=2020-01-01&end=2026-05-01,2026-06-15T22:17:28.655795Z
2023-07-01,Jekyll,Static/app framework,Static site generator,#cc0000,4384,2564,6948,ALL,ALL,HTTP Archive Technology Report API adoption endpoint,https://cdn.httparchive.org/v1/adoption?technology=ALL%2CWordPress%2CShopify%2CWix%2CSquarespace%2CWebflow%2CDuda%2CTilda%2CNext.js%2CNuxt.js%2CAstro%2CGatsby%2CHugo%2CJekyll%2CEleventy%2CVercel%2CNetlify%2CGitHub+Pages%2CFramer+Sites%2CLovable%2CBase44&geo=ALL&rank=ALL&start=2020-01-01&end=2026-05-01,2026-06-15T22:17:28.655795Z
2023-07-01,Netlify,Deployment surface,Static/app deployment platform,#00ad9f,21835,23614,45449,ALL,ALL,HTTP Archive Technology Report API adoption endpoint,https://cdn.httparchive.org/v1/adoption?technology=ALL%2CWordPress%2CShopify%2CWix%2CSquarespace%2CWebflow%2CDuda%2CTilda%2CNext.js%2CNuxt.js%2CAstro%2CGatsby%2CHugo%2CJekyll%2CEleventy%2CVercel%2CNetlify%2CGitHub+Pages%2CFramer+Sites%2CLovable%2CBase44&geo=ALL&rank=ALL&start=2020-01-01&end=2026-05-01,2026-06-15T22:17:28.655795Z
2023-07-01,Next.js,Static/app framework,React app framework and static/hybrid generator,#111827,90065,117806,207871,ALL,ALL,HTTP Archive Technology Report API adoption endpoint,https://cdn.httparchive.org/v1/adoption?technology=ALL%2CWordPress%2CShopify%2CWix%2CSquarespace%2CWebflow%2CDuda%2CTilda%2CNext.js%2CNuxt.js%2CAstro%2CGatsby%2CHugo%2CJekyll%2CEleventy%2CVercel%2CNetlify%2CGitHub+Pages%2CFramer+Sites%2CLovable%2CBase44&geo=ALL&rank=ALL&start=2020-01-01&end=2026-05-01,2026-06-15T22:17:28.655795Z
2023-07-01,Nuxt.js,Static/app framework,Vue app framework and static/hybrid generator,#00dc82,39574,58135,97709,ALL,ALL,HTTP Archive Technology Report API adoption endpoint,https://cdn.httparchive.org/v1/adoption?technology=ALL%2CWordPress%2CShopify%2CWix%2CSquarespace%2CWebflow%2CDuda%2CTilda%2CNext.js%2CNuxt.js%2CAstro%2CGatsby%2CHugo%2CJekyll%2CEleventy%2CVercel%2CNetlify%2CGitHub+Pages%2CFramer+Sites%2CLovable%2CBase44&geo=ALL&rank=ALL&start=2020-01-01&end=2026-05-01,2026-06-15T22:17:28.655795Z
2023-07-01,Shopify,CMS/ecommerce/builder,Hosted ecommerce,#16a34a,228814,311564,540378,ALL,ALL,HTTP Archive Technology Report API adoption endpoint,https://cdn.httparchive.org/v1/adoption?technology=ALL%2CWordPress%2CShopify%2CWix%2CSquarespace%2CWebflow%2CDuda%2CTilda%2CNext.js%2CNuxt.js%2CAstro%2CGatsby%2CHugo%2CJekyll%2CEleventy%2CVercel%2CNetlify%2CGitHub+Pages%2CFramer+Sites%2CLovable%2CBase44&geo=ALL&rank=ALL&start=2020-01-01&end=2026-05-01,2026-06-15T22:17:28.655795Z
2023-07-01,Squarespace,CMS/ecommerce/builder,Hosted website builder,#64748b,77795,100548,178343,ALL,ALL,HTTP Archive Technology Report API adoption endpoint,https://cdn.httparchive.org/v1/adoption?technology=ALL%2CWordPress%2CShopify%2CWix%2CSquarespace%2CWebflow%2CDuda%2CTilda%2CNext.js%2CNuxt.js%2CAstro%2CGatsby%2CHugo%2CJekyll%2CEleventy%2CVercel%2CNetlify%2CGitHub+Pages%2CFramer+Sites%2CLovable%2CBase44&geo=ALL&rank=ALL&start=2020-01-01&end=2026-05-01,2026-06-15T22:17:28.655795Z
2023-07-01,Tilda,CMS/ecommerce/builder,Hosted website builder,#a855f7,12467,47959,60426,ALL,ALL,HTTP Archive Technology Report API adoption endpoint,https://cdn.httparchive.org/v1/adoption?technology=ALL%2CWordPress%2CShopify%2CWix%2CSquarespace%2CWebflow%2CDuda%2CTilda%2CNext.js%2CNuxt.js%2CAstro%2CGatsby%2CHugo%2CJekyll%2CEleventy%2CVercel%2CNetlify%2CGitHub+Pages%2CFramer+Sites%2CLovable%2CBase44&geo=ALL&rank=ALL&start=2020-01-01&end=2026-05-01,2026-06-15T22:17:28.655795Z
2023-07-01,Vercel,Deployment surface,Frontend cloud/PaaS often paired with Next.js,#000000,27667,29168,56835,ALL,ALL,HTTP Archive Technology Report API adoption endpoint,https://cdn.httparchive.org/v1/adoption?technology=ALL%2CWordPress%2CShopify%2CWix%2CSquarespace%2CWebflow%2CDuda%2CTilda%2CNext.js%2CNuxt.js%2CAstro%2CGatsby%2CHugo%2CJekyll%2CEleventy%2CVercel%2CNetlify%2CGitHub+Pages%2CFramer+Sites%2CLovable%2CBase44&geo=ALL&rank=ALL&start=2020-01-01&end=2026-05-01,2026-06-15T22:17:28.655795Z
2023-07-01,Webflow,CMS/ecommerce/builder,Visual website builder/CMS,#0891b2,44435,48041,92476,ALL,ALL,HTTP Archive Technology Report API adoption endpoint,https://cdn.httparchive.org/v1/adoption?technology=ALL%2CWordPress%2CShopify%2CWix%2CSquarespace%2CWebflow%2CDuda%2CTilda%2CNext.js%2CNuxt.js%2CAstro%2CGatsby%2CHugo%2CJekyll%2CEleventy%2CVercel%2CNetlify%2CGitHub+Pages%2CFramer+Sites%2CLovable%2CBase44&geo=ALL&rank=ALL&start=2020-01-01&end=2026-05-01,2026-06-15T22:17:28.655795Z
2023-07-01,Wix,CMS/ecommerce/builder,Hosted website builder,#f59e0b,82183,229548,311731,ALL,ALL,HTTP Archive Technology Report API adoption endpoint,https://cdn.httparchive.org/v1/adoption?technology=ALL%2CWordPress%2CShopify%2CWix%2CSquarespace%2CWebflow%2CDuda%2CTilda%2CNext.js%2CNuxt.js%2CAstro%2CGatsby%2CHugo%2CJekyll%2CEleventy%2CVercel%2CNetlify%2CGitHub+Pages%2CFramer+Sites%2CLovable%2CBase44&geo=ALL&rank=ALL&start=2020-01-01&end=2026-05-01,2026-06-15T22:17:28.655795Z
2023-07-01,WordPress,CMS/ecommerce/builder,Open-source CMS,#2563eb,2040628,3422903,5463531,ALL,ALL,HTTP Archive Technology Report API adoption endpoint,https://cdn.httparchive.org/v1/adoption?technology=ALL%2CWordPress%2CShopify%2CWix%2CSquarespace%2CWebflow%2CDuda%2CTilda%2CNext.js%2CNuxt.js%2CAstro%2CGatsby%2CHugo%2CJekyll%2CEleventy%2CVercel%2CNetlify%2CGitHub+Pages%2CFramer+Sites%2CLovable%2CBase44&geo=ALL&rank=ALL&start=2020-01-01&end=2026-05-01,2026-06-15T22:17:28.655795Z
2023-08-01,ALL,All origins,All HTTP Archive crawl origins,#0f172a,6273212,9995604,16268816,ALL,ALL,HTTP Archive Technology Report API adoption endpoint,https://cdn.httparchive.org/v1/adoption?technology=ALL%2CWordPress%2CShopify%2CWix%2CSquarespace%2CWebflow%2CDuda%2CTilda%2CNext.js%2CNuxt.js%2CAstro%2CGatsby%2CHugo%2CJekyll%2CEleventy%2CVercel%2CNetlify%2CGitHub+Pages%2CFramer+Sites%2CLovable%2CBase44&geo=ALL&rank=ALL&start=2020-01-01&end=2026-05-01,2026-06-15T22:17:28.655795Z
2023-08-01,Astro,Static/app framework,Static site generator/app framework,#fb7185,1742,2368,4110,ALL,ALL,HTTP Archive Technology Report API adoption endpoint,https://cdn.httparchive.org/v1/adoption?technology=ALL%2CWordPress%2CShopify%2CWix%2CSquarespace%2CWebflow%2CDuda%2CTilda%2CNext.js%2CNuxt.js%2CAstro%2CGatsby%2CHugo%2CJekyll%2CEleventy%2CVercel%2CNetlify%2CGitHub+Pages%2CFramer+Sites%2CLovable%2CBase44&geo=ALL&rank=ALL&start=2020-01-01&end=2026-05-01,2026-06-15T22:17:28.655795Z
2023-08-01,Duda,CMS/ecommerce/builder,Hosted website builder,#dc2626,13549,46142,59691,ALL,ALL,HTTP Archive Technology Report API adoption endpoint,https://cdn.httparchive.org/v1/adoption?technology=ALL%2CWordPress%2CShopify%2CWix%2CSquarespace%2CWebflow%2CDuda%2CTilda%2CNext.js%2CNuxt.js%2CAstro%2CGatsby%2CHugo%2CJekyll%2CEleventy%2CVercel%2CNetlify%2CGitHub+Pages%2CFramer+Sites%2CLovable%2CBase44&geo=ALL&rank=ALL&start=2020-01-01&end=2026-05-01,2026-06-15T22:17:28.655795Z
2023-08-01,Eleventy,Static/app framework,Static site generator,#222222,95,88,183,ALL,ALL,HTTP Archive Technology Report API adoption endpoint,https://cdn.httparchive.org/v1/adoption?technology=ALL%2CWordPress%2CShopify%2CWix%2CSquarespace%2CWebflow%2CDuda%2CTilda%2CNext.js%2CNuxt.js%2CAstro%2CGatsby%2CHugo%2CJekyll%2CEleventy%2CVercel%2CNetlify%2CGitHub+Pages%2CFramer+Sites%2CLovable%2CBase44&geo=ALL&rank=ALL&start=2020-01-01&end=2026-05-01,2026-06-15T22:17:28.655795Z
2023-08-01,Framer Sites,AI-era builder signal,Visual site builder with AI-assisted creation features,#0055ff,1362,939,2301,ALL,ALL,HTTP Archive Technology Report API adoption endpoint,https://cdn.httparchive.org/v1/adoption?technology=ALL%2CWordPress%2CShopify%2CWix%2CSquarespace%2CWebflow%2CDuda%2CTilda%2CNext.js%2CNuxt.js%2CAstro%2CGatsby%2CHugo%2CJekyll%2CEleventy%2CVercel%2CNetlify%2CGitHub+Pages%2CFramer+Sites%2CLovable%2CBase44&geo=ALL&rank=ALL&start=2020-01-01&end=2026-05-01,2026-06-15T22:17:28.655795Z
2023-08-01,Gatsby,Static/app framework,React static site generator,#663399,14235,20494,34729,ALL,ALL,HTTP Archive Technology Report API adoption endpoint,https://cdn.httparchive.org/v1/adoption?technology=ALL%2CWordPress%2CShopify%2CWix%2CSquarespace%2CWebflow%2CDuda%2CTilda%2CNext.js%2CNuxt.js%2CAstro%2CGatsby%2CHugo%2CJekyll%2CEleventy%2CVercel%2CNetlify%2CGitHub+Pages%2CFramer+Sites%2CLovable%2CBase44&geo=ALL&rank=ALL&start=2020-01-01&end=2026-05-01,2026-06-15T22:17:28.655795Z
2023-08-01,GitHub Pages,Deployment surface,Static hosting platform,#6e7781,20882,11499,32381,ALL,ALL,HTTP Archive Technology Report API adoption endpoint,https://cdn.httparchive.org/v1/adoption?technology=ALL%2CWordPress%2CShopify%2CWix%2CSquarespace%2CWebflow%2CDuda%2CTilda%2CNext.js%2CNuxt.js%2CAstro%2CGatsby%2CHugo%2CJekyll%2CEleventy%2CVercel%2CNetlify%2CGitHub+Pages%2CFramer+Sites%2CLovable%2CBase44&geo=ALL&rank=ALL&start=2020-01-01&end=2026-05-01,2026-06-15T22:17:28.655795Z
2023-08-01,Hugo,Static/app framework,Static site generator,#ff4088,7131,7992,15123,ALL,ALL,HTTP Archive Technology Report API adoption endpoint,https://cdn.httparchive.org/v1/adoption?technology=ALL%2CWordPress%2CShopify%2CWix%2CSquarespace%2CWebflow%2CDuda%2CTilda%2CNext.js%2CNuxt.js%2CAstro%2CGatsby%2CHugo%2CJekyll%2CEleventy%2CVercel%2CNetlify%2CGitHub+Pages%2CFramer+Sites%2CLovable%2CBase44&geo=ALL&rank=ALL&start=2020-01-01&end=2026-05-01,2026-06-15T22:17:28.655795Z
2023-08-01,Jekyll,Static/app framework,Static site generator,#cc0000,4292,2509,6801,ALL,ALL,HTTP Archive Technology Report API adoption endpoint,https://cdn.httparchive.org/v1/adoption?technology=ALL%2CWordPress%2CShopify%2CWix%2CSquarespace%2CWebflow%2CDuda%2CTilda%2CNext.js%2CNuxt.js%2CAstro%2CGatsby%2CHugo%2CJekyll%2CEleventy%2CVercel%2CNetlify%2CGitHub+Pages%2CFramer+Sites%2CLovable%2CBase44&geo=ALL&rank=ALL&start=2020-01-01&end=2026-05-01,2026-06-15T22:17:28.655795Z
2023-08-01,Netlify,Deployment surface,Static/app deployment platform,#00ad9f,21787,23988,45775,ALL,ALL,HTTP Archive Technology Report API adoption endpoint,https://cdn.httparchive.org/v1/adoption?technology=ALL%2CWordPress%2CShopify%2CWix%2CSquarespace%2CWebflow%2CDuda%2CTilda%2CNext.js%2CNuxt.js%2CAstro%2CGatsby%2CHugo%2CJekyll%2CEleventy%2CVercel%2CNetlify%2CGitHub+Pages%2CFramer+Sites%2CLovable%2CBase44&geo=ALL&rank=ALL&start=2020-01-01&end=2026-05-01,2026-06-15T22:17:28.655795Z
2023-08-01,Next.js,Static/app framework,React app framework and static/hybrid generator,#111827,92903,122844,215747,ALL,ALL,HTTP Archive Technology Report API adoption endpoint,https://cdn.httparchive.org/v1/adoption?technology=ALL%2CWordPress%2CShopify%2CWix%2CSquarespace%2CWebflow%2CDuda%2CTilda%2CNext.js%2CNuxt.js%2CAstro%2CGatsby%2CHugo%2CJekyll%2CEleventy%2CVercel%2CNetlify%2CGitHub+Pages%2CFramer+Sites%2CLovable%2CBase44&geo=ALL&rank=ALL&start=2020-01-01&end=2026-05-01,2026-06-15T22:17:28.655795Z
2023-08-01,Nuxt.js,Static/app framework,Vue app framework and static/hybrid generator,#00dc82,41451,60930,102381,ALL,ALL,HTTP Archive Technology Report API adoption endpoint,https://cdn.httparchive.org/v1/adoption?technology=ALL%2CWordPress%2CShopify%2CWix%2CSquarespace%2CWebflow%2CDuda%2CTilda%2CNext.js%2CNuxt.js%2CAstro%2CGatsby%2CHugo%2CJekyll%2CEleventy%2CVercel%2CNetlify%2CGitHub+Pages%2CFramer+Sites%2CLovable%2CBase44&geo=ALL&rank=ALL&start=2020-01-01&end=2026-05-01,2026-06-15T22:17:28.655795Z
2023-08-01,Shopify,CMS/ecommerce/builder,Hosted ecommerce,#16a34a,234787,320489,555276,ALL,ALL,HTTP Archive Technology Report API adoption endpoint,https://cdn.httparchive.org/v1/adoption?technology=ALL%2CWordPress%2CShopify%2CWix%2CSquarespace%2CWebflow%2CDuda%2CTilda%2CNext.js%2CNuxt.js%2CAstro%2CGatsby%2CHugo%2CJekyll%2CEleventy%2CVercel%2CNetlify%2CGitHub+Pages%2CFramer+Sites%2CLovable%2CBase44&geo=ALL&rank=ALL&start=2020-01-01&end=2026-05-01,2026-06-15T22:17:28.655795Z
2023-08-01,Squarespace,CMS/ecommerce/builder,Hosted website builder,#64748b,79558,101666,181224,ALL,ALL,HTTP Archive Technology Report API adoption endpoint,https://cdn.httparchive.org/v1/adoption?technology=ALL%2CWordPress%2CShopify%2CWix%2CSquarespace%2CWebflow%2CDuda%2CTilda%2CNext.js%2CNuxt.js%2CAstro%2CGatsby%2CHugo%2CJekyll%2CEleventy%2CVercel%2CNetlify%2CGitHub+Pages%2CFramer+Sites%2CLovable%2CBase44&geo=ALL&rank=ALL&start=2020-01-01&end=2026-05-01,2026-06-15T22:17:28.655795Z
2023-08-01,Tilda,CMS/ecommerce/builder,Hosted website builder,#a855f7,12589,49206,61795,ALL,ALL,HTTP Archive Technology Report API adoption endpoint,https://cdn.httparchive.org/v1/adoption?technology=ALL%2CWordPress%2CShopify%2CWix%2CSquarespace%2CWebflow%2CDuda%2CTilda%2CNext.js%2CNuxt.js%2CAstro%2CGatsby%2CHugo%2CJekyll%2CEleventy%2CVercel%2CNetlify%2CGitHub+Pages%2CFramer+Sites%2CLovable%2CBase44&geo=ALL&rank=ALL&start=2020-01-01&end=2026-05-01,2026-06-15T22:17:28.655795Z
2023-08-01,Vercel,Deployment surface,Frontend cloud/PaaS often paired with Next.js,#000000,28765,30483,59248,ALL,ALL,HTTP Archive Technology Report API adoption endpoint,https://cdn.httparchive.org/v1/adoption?technology=ALL%2CWordPress%2CShopify%2CWix%2CSquarespace%2CWebflow%2CDuda%2CTilda%2CNext.js%2CNuxt.js%2CAstro%2CGatsby%2CHugo%2CJekyll%2CEleventy%2CVercel%2CNetlify%2CGitHub+Pages%2CFramer+Sites%2CLovable%2CBase44&geo=ALL&rank=ALL&start=2020-01-01&end=2026-05-01,2026-06-15T22:17:28.655795Z
2023-08-01,Webflow,CMS/ecommerce/builder,Visual website builder/CMS,#0891b2,45178,48930,94108,ALL,ALL,HTTP Archive Technology Report API adoption endpoint,https://cdn.httparchive.org/v1/adoption?technology=ALL%2CWordPress%2CShopify%2CWix%2CSquarespace%2CWebflow%2CDuda%2CTilda%2CNext.js%2CNuxt.js%2CAstro%2CGatsby%2CHugo%2CJekyll%2CEleventy%2CVercel%2CNetlify%2CGitHub+Pages%2CFramer+Sites%2CLovable%2CBase44&geo=ALL&rank=ALL&start=2020-01-01&end=2026-05-01,2026-06-15T22:17:28.655795Z
2023-08-01,Wix,CMS/ecommerce/builder,Hosted website builder,#f59e0b,82973,234844,317817,ALL,ALL,HTTP Archive Technology Report API adoption endpoint,https://cdn.httparchive.org/v1/adoption?technology=ALL%2CWordPress%2CShopify%2CWix%2CSquarespace%2CWebflow%2CDuda%2CTilda%2CNext.js%2CNuxt.js%2CAstro%2CGatsby%2CHugo%2CJekyll%2CEleventy%2CVercel%2CNetlify%2CGitHub+Pages%2CFramer+Sites%2CLovable%2CBase44&geo=ALL&rank=ALL&start=2020-01-01&end=2026-05-01,2026-06-15T22:17:28.655795Z
2023-08-01,WordPress,CMS/ecommerce/builder,Open-source CMS,#2563eb,2032706,3471900,5504606,ALL,ALL,HTTP Archive Technology Report API adoption endpoint,https://cdn.httparchive.org/v1/adoption?technology=ALL%2CWordPress%2CShopify%2CWix%2CSquarespace%2CWebflow%2CDuda%2CTilda%2CNext.js%2CNuxt.js%2CAstro%2CGatsby%2CHugo%2CJekyll%2CEleventy%2CVercel%2CNetlify%2CGitHub+Pages%2CFramer+Sites%2CLovable%2CBase44&geo=ALL&rank=ALL&start=2020-01-01&end=2026-05-01,2026-06-15T22:17:28.655795Z
2023-09-01,ALL,All origins,All HTTP Archive crawl origins,#0f172a,6542916,9992628,16535544,ALL,ALL,HTTP Archive Technology Report API adoption endpoint,https://cdn.httparchive.org/v1/adoption?technology=ALL%2CWordPress%2CShopify%2CWix%2CSquarespace%2CWebflow%2CDuda%2CTilda%2CNext.js%2CNuxt.js%2CAstro%2CGatsby%2CHugo%2CJekyll%2CEleventy%2CVercel%2CNetlify%2CGitHub+Pages%2CFramer+Sites%2CLovable%2CBase44&geo=ALL&rank=ALL&start=2020-01-01&end=2026-05-01,2026-06-15T22:17:28.655795Z
2023-09-01,Astro,Static/app framework,Static site generator/app framework,#fb7185,2166,3089,5255,ALL,ALL,HTTP Archive Technology Report API adoption endpoint,https://cdn.httparchive.org/v1/adoption?technology=ALL%2CWordPress%2CShopify%2CWix%2CSquarespace%2CWebflow%2CDuda%2CTilda%2CNext.js%2CNuxt.js%2CAstro%2CGatsby%2CHugo%2CJekyll%2CEleventy%2CVercel%2CNetlify%2CGitHub+Pages%2CFramer+Sites%2CLovable%2CBase44&geo=ALL&rank=ALL&start=2020-01-01&end=2026-05-01,2026-06-15T22:17:28.655795Z
2023-09-01,Duda,CMS/ecommerce/builder,Hosted website builder,#dc2626,13831,43824,57655,ALL,ALL,HTTP Archive Technology Report API adoption endpoint,https://cdn.httparchive.org/v1/adoption?technology=ALL%2CWordPress%2CShopify%2CWix%2CSquarespace%2CWebflow%2CDuda%2CTilda%2CNext.js%2CNuxt.js%2CAstro%2CGatsby%2CHugo%2CJekyll%2CEleventy%2CVercel%2CNetlify%2CGitHub+Pages%2CFramer+Sites%2CLovable%2CBase44&geo=ALL&rank=ALL&start=2020-01-01&end=2026-05-01,2026-06-15T22:17:28.655795Z
2023-09-01,Eleventy,Static/app framework,Static site generator,#222222,99,87,186,ALL,ALL,HTTP Archive Technology Report API adoption endpoint,https://cdn.httparchive.org/v1/adoption?technology=ALL%2CWordPress%2CShopify%2CWix%2CSquarespace%2CWebflow%2CDuda%2CTilda%2CNext.js%2CNuxt.js%2CAstro%2CGatsby%2CHugo%2CJekyll%2CEleventy%2CVercel%2CNetlify%2CGitHub+Pages%2CFramer+Sites%2CLovable%2CBase44&geo=ALL&rank=ALL&start=2020-01-01&end=2026-05-01,2026-06-15T22:17:28.655795Z
2023-09-01,Framer Sites,AI-era builder signal,Visual site builder with AI-assisted creation features,#0055ff,1581,1107,2688,ALL,ALL,HTTP Archive Technology Report API adoption endpoint,https://cdn.httparchive.org/v1/adoption?technology=ALL%2CWordPress%2CShopify%2CWix%2CSquarespace%2CWebflow%2CDuda%2CTilda%2CNext.js%2CNuxt.js%2CAstro%2CGatsby%2CHugo%2CJekyll%2CEleventy%2CVercel%2CNetlify%2CGitHub+Pages%2CFramer+Sites%2CLovable%2CBase44&geo=ALL&rank=ALL&start=2020-01-01&end=2026-05-01,2026-06-15T22:17:28.655795Z
2023-09-01,Gatsby,Static/app framework,React static site generator,#663399,14904,19362,34266,ALL,ALL,HTTP Archive Technology Report API adoption endpoint,https://cdn.httparchive.org/v1/adoption?technology=ALL%2CWordPress%2CShopify%2CWix%2CSquarespace%2CWebflow%2CDuda%2CTilda%2CNext.js%2CNuxt.js%2CAstro%2CGatsby%2CHugo%2CJekyll%2CEleventy%2CVercel%2CNetlify%2CGitHub+Pages%2CFramer+Sites%2CLovable%2CBase44&geo=ALL&rank=ALL&start=2020-01-01&end=2026-05-01,2026-06-15T22:17:28.655795Z
2023-09-01,GitHub Pages,Deployment surface,Static hosting platform,#6e7781,22117,11772,33889,ALL,ALL,HTTP Archive Technology Report API adoption endpoint,https://cdn.httparchive.org/v1/adoption?technology=ALL%2CWordPress%2CShopify%2CWix%2CSquarespace%2CWebflow%2CDuda%2CTilda%2CNext.js%2CNuxt.js%2CAstro%2CGatsby%2CHugo%2CJekyll%2CEleventy%2CVercel%2CNetlify%2CGitHub+Pages%2CFramer+Sites%2CLovable%2CBase44&geo=ALL&rank=ALL&start=2020-01-01&end=2026-05-01,2026-06-15T22:17:28.655795Z
2023-09-01,Hugo,Static/app framework,Static site generator,#ff4088,7392,7843,15235,ALL,ALL,HTTP Archive Technology Report API adoption endpoint,https://cdn.httparchive.org/v1/adoption?technology=ALL%2CWordPress%2CShopify%2CWix%2CSquarespace%2CWebflow%2CDuda%2CTilda%2CNext.js%2CNuxt.js%2CAstro%2CGatsby%2CHugo%2CJekyll%2CEleventy%2CVercel%2CNetlify%2CGitHub+Pages%2CFramer+Sites%2CLovable%2CBase44&geo=ALL&rank=ALL&start=2020-01-01&end=2026-05-01,2026-06-15T22:17:28.655795Z
2023-09-01,Jekyll,Static/app framework,Static site generator,#cc0000,4516,2590,7106,ALL,ALL,HTTP Archive Technology Report API adoption endpoint,https://cdn.httparchive.org/v1/adoption?technology=ALL%2CWordPress%2CShopify%2CWix%2CSquarespace%2CWebflow%2CDuda%2CTilda%2CNext.js%2CNuxt.js%2CAstro%2CGatsby%2CHugo%2CJekyll%2CEleventy%2CVercel%2CNetlify%2CGitHub+Pages%2CFramer+Sites%2CLovable%2CBase44&geo=ALL&rank=ALL&start=2020-01-01&end=2026-05-01,2026-06-15T22:17:28.655795Z
2023-09-01,Netlify,Deployment surface,Static/app deployment platform,#00ad9f,22593,24131,46724,ALL,ALL,HTTP Archive Technology Report API adoption endpoint,https://cdn.httparchive.org/v1/adoption?technology=ALL%2CWordPress%2CShopify%2CWix%2CSquarespace%2CWebflow%2CDuda%2CTilda%2CNext.js%2CNuxt.js%2CAstro%2CGatsby%2CHugo%2CJekyll%2CEleventy%2CVercel%2CNetlify%2CGitHub+Pages%2CFramer+Sites%2CLovable%2CBase44&geo=ALL&rank=ALL&start=2020-01-01&end=2026-05-01,2026-06-15T22:17:28.655795Z
2023-09-01,Next.js,Static/app framework,React app framework and static/hybrid generator,#111827,97002,127213,224215,ALL,ALL,HTTP Archive Technology Report API adoption endpoint,https://cdn.httparchive.org/v1/adoption?technology=ALL%2CWordPress%2CShopify%2CWix%2CSquarespace%2CWebflow%2CDuda%2CTilda%2CNext.js%2CNuxt.js%2CAstro%2CGatsby%2CHugo%2CJekyll%2CEleventy%2CVercel%2CNetlify%2CGitHub+Pages%2CFramer+Sites%2CLovable%2CBase44&geo=ALL&rank=ALL&start=2020-01-01&end=2026-05-01,2026-06-15T22:17:28.655795Z
2023-09-01,Nuxt.js,Static/app framework,Vue app framework and static/hybrid generator,#00dc82,43537,61964,105501,ALL,ALL,HTTP Archive Technology Report API adoption endpoint,https://cdn.httparchive.org/v1/adoption?technology=ALL%2CWordPress%2CShopify%2CWix%2CSquarespace%2CWebflow%2CDuda%2CTilda%2CNext.js%2CNuxt.js%2CAstro%2CGatsby%2CHugo%2CJekyll%2CEleventy%2CVercel%2CNetlify%2CGitHub+Pages%2CFramer+Sites%2CLovable%2CBase44&geo=ALL&rank=ALL&start=2020-01-01&end=2026-05-01,2026-06-15T22:17:28.655795Z
2023-09-01,Shopify,CMS/ecommerce/builder,Hosted ecommerce,#16a34a,242445,323755,566200,ALL,ALL,HTTP Archive Technology Report API adoption endpoint,https://cdn.httparchive.org/v1/adoption?technology=ALL%2CWordPress%2CShopify%2CWix%2CSquarespace%2CWebflow%2CDuda%2CTilda%2CNext.js%2CNuxt.js%2CAstro%2CGatsby%2CHugo%2CJekyll%2CEleventy%2CVercel%2CNetlify%2CGitHub+Pages%2CFramer+Sites%2CLovable%2CBase44&geo=ALL&rank=ALL&start=2020-01-01&end=2026-05-01,2026-06-15T22:17:28.655795Z
2023-09-01,Squarespace,CMS/ecommerce/builder,Hosted website builder,#64748b,82639,100268,182907,ALL,ALL,HTTP Archive Technology Report API adoption endpoint,https://cdn.httparchive.org/v1/adoption?technology=ALL%2CWordPress%2CShopify%2CWix%2CSquarespace%2CWebflow%2CDuda%2CTilda%2CNext.js%2CNuxt.js%2CAstro%2CGatsby%2CHugo%2CJekyll%2CEleventy%2CVercel%2CNetlify%2CGitHub+Pages%2CFramer+Sites%2CLovable%2CBase44&geo=ALL&rank=ALL&start=2020-01-01&end=2026-05-01,2026-06-15T22:17:28.655795Z
2023-09-01,Tilda,CMS/ecommerce/builder,Hosted website builder,#a855f7,13027,48948,61975,ALL,ALL,HTTP Archive Technology Report API adoption endpoint,https://cdn.httparchive.org/v1/adoption?technology=ALL%2CWordPress%2CShopify%2CWix%2CSquarespace%2CWebflow%2CDuda%2CTilda%2CNext.js%2CNuxt.js%2CAstro%2CGatsby%2CHugo%2CJekyll%2CEleventy%2CVercel%2CNetlify%2CGitHub+Pages%2CFramer+Sites%2CLovable%2CBase44&geo=ALL&rank=ALL&start=2020-01-01&end=2026-05-01,2026-06-15T22:17:28.655795Z
2023-09-01,Vercel,Deployment surface,Frontend cloud/PaaS often paired with Next.js,#000000,30508,31914,62422,ALL,ALL,HTTP Archive Technology Report API adoption endpoint,https://cdn.httparchive.org/v1/adoption?technology=ALL%2CWordPress%2CShopify%2CWix%2CSquarespace%2CWebflow%2CDuda%2CTilda%2CNext.js%2CNuxt.js%2CAstro%2CGatsby%2CHugo%2CJekyll%2CEleventy%2CVercel%2CNetlify%2CGitHub+Pages%2CFramer+Sites%2CLovable%2CBase44&geo=ALL&rank=ALL&start=2020-01-01&end=2026-05-01,2026-06-15T22:17:28.655795Z
2023-09-01,Webflow,CMS/ecommerce/builder,Visual website builder/CMS,#0891b2,47648,49975,97623,ALL,ALL,HTTP Archive Technology Report API adoption endpoint,https://cdn.httparchive.org/v1/adoption?technology=ALL%2CWordPress%2CShopify%2CWix%2CSquarespace%2CWebflow%2CDuda%2CTilda%2CNext.js%2CNuxt.js%2CAstro%2CGatsby%2CHugo%2CJekyll%2CEleventy%2CVercel%2CNetlify%2CGitHub+Pages%2CFramer+Sites%2CLovable%2CBase44&geo=ALL&rank=ALL&start=2020-01-01&end=2026-05-01,2026-06-15T22:17:28.655795Z
2023-09-01,Wix,CMS/ecommerce/builder,Hosted website builder,#f59e0b,86744,227182,313926,ALL,ALL,HTTP Archive Technology Report API adoption endpoint,https://cdn.httparchive.org/v1/adoption?technology=ALL%2CWordPress%2CShopify%2CWix%2CSquarespace%2CWebflow%2CDuda%2CTilda%2CNext.js%2CNuxt.js%2CAstro%2CGatsby%2CHugo%2CJekyll%2CEleventy%2CVercel%2CNetlify%2CGitHub+Pages%2CFramer+Sites%2CLovable%2CBase44&geo=ALL&rank=ALL&start=2020-01-01&end=2026-05-01,2026-06-15T22:17:28.655795Z
2023-09-01,WordPress,CMS/ecommerce/builder,Open-source CMS,#2563eb,2129329,3449912,5579241,ALL,ALL,HTTP Archive Technology Report API adoption endpoint,https://cdn.httparchive.org/v1/adoption?technology=ALL%2CWordPress%2CShopify%2CWix%2CSquarespace%2CWebflow%2CDuda%2CTilda%2CNext.js%2CNuxt.js%2CAstro%2CGatsby%2CHugo%2CJekyll%2CEleventy%2CVercel%2CNetlify%2CGitHub+Pages%2CFramer+Sites%2CLovable%2CBase44&geo=ALL&rank=ALL&start=2020-01-01&end=2026-05-01,2026-06-15T22:17:28.655795Z
2023-10-01,ALL,All origins,All HTTP Archive crawl origins,#0f172a,6699332,9866461,16565793,ALL,ALL,HTTP Archive Technology Report API adoption endpoint,https://cdn.httparchive.org/v1/adoption?technology=ALL%2CWordPress%2CShopify%2CWix%2CSquarespace%2CWebflow%2CDuda%2CTilda%2CNext.js%2CNuxt.js%2CAstro%2CGatsby%2CHugo%2CJekyll%2CEleventy%2CVercel%2CNetlify%2CGitHub+Pages%2CFramer+Sites%2CLovable%2CBase44&geo=ALL&rank=ALL&start=2020-01-01&end=2026-05-01,2026-06-15T22:17:28.655795Z
2023-10-01,Astro,Static/app framework,Static site generator/app framework,#fb7185,2436,3588,6024,ALL,ALL,HTTP Archive Technology Report API adoption endpoint,https://cdn.httparchive.org/v1/adoption?technology=ALL%2CWordPress%2CShopify%2CWix%2CSquarespace%2CWebflow%2CDuda%2CTilda%2CNext.js%2CNuxt.js%2CAstro%2CGatsby%2CHugo%2CJekyll%2CEleventy%2CVercel%2CNetlify%2CGitHub+Pages%2CFramer+Sites%2CLovable%2CBase44&geo=ALL&rank=ALL&start=2020-01-01&end=2026-05-01,2026-06-15T22:17:28.655795Z
2023-10-01,Duda,CMS/ecommerce/builder,Hosted website builder,#dc2626,14136,42749,56885,ALL,ALL,HTTP Archive Technology Report API adoption endpoint,https://cdn.httparchive.org/v1/adoption?technology=ALL%2CWordPress%2CShopify%2CWix%2CSquarespace%2CWebflow%2CDuda%2CTilda%2CNext.js%2CNuxt.js%2CAstro%2CGatsby%2CHugo%2CJekyll%2CEleventy%2CVercel%2CNetlify%2CGitHub+Pages%2CFramer+Sites%2CLovable%2CBase44&geo=ALL&rank=ALL&start=2020-01-01&end=2026-05-01,2026-06-15T22:17:28.655795Z
2023-10-01,Eleventy,Static/app framework,Static site generator,#222222,101,93,194,ALL,ALL,HTTP Archive Technology Report API adoption endpoint,https://cdn.httparchive.org/v1/adoption?technology=ALL%2CWordPress%2CShopify%2CWix%2CSquarespace%2CWebflow%2CDuda%2CTilda%2CNext.js%2CNuxt.js%2CAstro%2CGatsby%2CHugo%2CJekyll%2CEleventy%2CVercel%2CNetlify%2CGitHub+Pages%2CFramer+Sites%2CLovable%2CBase44&geo=ALL&rank=ALL&start=2020-01-01&end=2026-05-01,2026-06-15T22:17:28.655795Z
2023-10-01,Framer Sites,AI-era builder signal,Visual site builder with AI-assisted creation features,#0055ff,1805,1310,3115,ALL,ALL,HTTP Archive Technology Report API adoption endpoint,https://cdn.httparchive.org/v1/adoption?technology=ALL%2CWordPress%2CShopify%2CWix%2CSquarespace%2CWebflow%2CDuda%2CTilda%2CNext.js%2CNuxt.js%2CAstro%2CGatsby%2CHugo%2CJekyll%2CEleventy%2CVercel%2CNetlify%2CGitHub+Pages%2CFramer+Sites%2CLovable%2CBase44&geo=ALL&rank=ALL&start=2020-01-01&end=2026-05-01,2026-06-15T22:17:28.655795Z
2023-10-01,Gatsby,Static/app framework,React static site generator,#663399,15069,19258,34327,ALL,ALL,HTTP Archive Technology Report API adoption endpoint,https://cdn.httparchive.org/v1/adoption?technology=ALL%2CWordPress%2CShopify%2CWix%2CSquarespace%2CWebflow%2CDuda%2CTilda%2CNext.js%2CNuxt.js%2CAstro%2CGatsby%2CHugo%2CJekyll%2CEleventy%2CVercel%2CNetlify%2CGitHub+Pages%2CFramer+Sites%2CLovable%2CBase44&geo=ALL&rank=ALL&start=2020-01-01&end=2026-05-01,2026-06-15T22:17:28.655795Z
2023-10-01,GitHub Pages,Deployment surface,Static hosting platform,#6e7781,23357,12044,35401,ALL,ALL,HTTP Archive Technology Report API adoption endpoint,https://cdn.httparchive.org/v1/adoption?technology=ALL%2CWordPress%2CShopify%2CWix%2CSquarespace%2CWebflow%2CDuda%2CTilda%2CNext.js%2CNuxt.js%2CAstro%2CGatsby%2CHugo%2CJekyll%2CEleventy%2CVercel%2CNetlify%2CGitHub+Pages%2CFramer+Sites%2CLovable%2CBase44&geo=ALL&rank=ALL&start=2020-01-01&end=2026-05-01,2026-06-15T22:17:28.655795Z
2023-10-01,Hugo,Static/app framework,Static site generator,#ff4088,7626,8309,15935,ALL,ALL,HTTP Archive Technology Report API adoption endpoint,https://cdn.httparchive.org/v1/adoption?technology=ALL%2CWordPress%2CShopify%2CWix%2CSquarespace%2CWebflow%2CDuda%2CTilda%2CNext.js%2CNuxt.js%2CAstro%2CGatsby%2CHugo%2CJekyll%2CEleventy%2CVercel%2CNetlify%2CGitHub+Pages%2CFramer+Sites%2CLovable%2CBase44&geo=ALL&rank=ALL&start=2020-01-01&end=2026-05-01,2026-06-15T22:17:28.655795Z
2023-10-01,Jekyll,Static/app framework,Static site generator,#cc0000,5304,3081,8385,ALL,ALL,HTTP Archive Technology Report API adoption endpoint,https://cdn.httparchive.org/v1/adoption?technology=ALL%2CWordPress%2CShopify%2CWix%2CSquarespace%2CWebflow%2CDuda%2CTilda%2CNext.js%2CNuxt.js%2CAstro%2CGatsby%2CHugo%2CJekyll%2CEleventy%2CVercel%2CNetlify%2CGitHub+Pages%2CFramer+Sites%2CLovable%2CBase44&geo=ALL&rank=ALL&start=2020-01-01&end=2026-05-01,2026-06-15T22:17:28.655795Z
2023-10-01,Netlify,Deployment surface,Static/app deployment platform,#00ad9f,23669,24912,48581,ALL,ALL,HTTP Archive Technology Report API adoption endpoint,https://cdn.httparchive.org/v1/adoption?technology=ALL%2CWordPress%2CShopify%2CWix%2CSquarespace%2CWebflow%2CDuda%2CTilda%2CNext.js%2CNuxt.js%2CAstro%2CGatsby%2CHugo%2CJekyll%2CEleventy%2CVercel%2CNetlify%2CGitHub+Pages%2CFramer+Sites%2CLovable%2CBase44&geo=ALL&rank=ALL&start=2020-01-01&end=2026-05-01,2026-06-15T22:17:28.655795Z
2023-10-01,Next.js,Static/app framework,React app framework and static/hybrid generator,#111827,101015,131831,232846,ALL,ALL,HTTP Archive Technology Report API adoption endpoint,https://cdn.httparchive.org/v1/adoption?technology=ALL%2CWordPress%2CShopify%2CWix%2CSquarespace%2CWebflow%2CDuda%2CTilda%2CNext.js%2CNuxt.js%2CAstro%2CGatsby%2CHugo%2CJekyll%2CEleventy%2CVercel%2CNetlify%2CGitHub+Pages%2CFramer+Sites%2CLovable%2CBase44&geo=ALL&rank=ALL&start=2020-01-01&end=2026-05-01,2026-06-15T22:17:28.655795Z
2023-10-01,Nuxt.js,Static/app framework,Vue app framework and static/hybrid generator,#00dc82,44829,62663,107492,ALL,ALL,HTTP Archive Technology Report API adoption endpoint,https://cdn.httparchive.org/v1/adoption?technology=ALL%2CWordPress%2CShopify%2CWix%2CSquarespace%2CWebflow%2CDuda%2CTilda%2CNext.js%2CNuxt.js%2CAstro%2CGatsby%2CHugo%2CJekyll%2CEleventy%2CVercel%2CNetlify%2CGitHub+Pages%2CFramer+Sites%2CLovable%2CBase44&geo=ALL&rank=ALL&start=2020-01-01&end=2026-05-01,2026-06-15T22:17:28.655795Z
2023-10-01,Shopify,CMS/ecommerce/builder,Hosted ecommerce,#16a34a,251807,331863,583670,ALL,ALL,HTTP Archive Technology Report API adoption endpoint,https://cdn.httparchive.org/v1/adoption?technology=ALL%2CWordPress%2CShopify%2CWix%2CSquarespace%2CWebflow%2CDuda%2CTilda%2CNext.js%2CNuxt.js%2CAstro%2CGatsby%2CHugo%2CJekyll%2CEleventy%2CVercel%2CNetlify%2CGitHub+Pages%2CFramer+Sites%2CLovable%2CBase44&geo=ALL&rank=ALL&start=2020-01-01&end=2026-05-01,2026-06-15T22:17:28.655795Z
2023-10-01,Squarespace,CMS/ecommerce/builder,Hosted website builder,#64748b,83196,97400,180596,ALL,ALL,HTTP Archive Technology Report API adoption endpoint,https://cdn.httparchive.org/v1/adoption?technology=ALL%2CWordPress%2CShopify%2CWix%2CSquarespace%2CWebflow%2CDuda%2CTilda%2CNext.js%2CNuxt.js%2CAstro%2CGatsby%2CHugo%2CJekyll%2CEleventy%2CVercel%2CNetlify%2CGitHub+Pages%2CFramer+Sites%2CLovable%2CBase44&geo=ALL&rank=ALL&start=2020-01-01&end=2026-05-01,2026-06-15T22:17:28.655795Z
2023-10-01,Tilda,CMS/ecommerce/builder,Hosted website builder,#a855f7,13674,48758,62432,ALL,ALL,HTTP Archive Technology Report API adoption endpoint,https://cdn.httparchive.org/v1/adoption?technology=ALL%2CWordPress%2CShopify%2CWix%2CSquarespace%2CWebflow%2CDuda%2CTilda%2CNext.js%2CNuxt.js%2CAstro%2CGatsby%2CHugo%2CJekyll%2CEleventy%2CVercel%2CNetlify%2CGitHub+Pages%2CFramer+Sites%2CLovable%2CBase44&geo=ALL&rank=ALL&start=2020-01-01&end=2026-05-01,2026-06-15T22:17:28.655795Z
2023-10-01,Vercel,Deployment surface,Frontend cloud/PaaS often paired with Next.js,#000000,32209,33433,65642,ALL,ALL,HTTP Archive Technology Report API adoption endpoint,https://cdn.httparchive.org/v1/adoption?technology=ALL%2CWordPress%2CShopify%2CWix%2CSquarespace%2CWebflow%2CDuda%2CTilda%2CNext.js%2CNuxt.js%2CAstro%2CGatsby%2CHugo%2CJekyll%2CEleventy%2CVercel%2CNetlify%2CGitHub+Pages%2CFramer+Sites%2CLovable%2CBase44&geo=ALL&rank=ALL&start=2020-01-01&end=2026-05-01,2026-06-15T22:17:28.655795Z
2023-10-01,Webflow,CMS/ecommerce/builder,Visual website builder/CMS,#0891b2,49363,50349,99712,ALL,ALL,HTTP Archive Technology Report API adoption endpoint,https://cdn.httparchive.org/v1/adoption?technology=ALL%2CWordPress%2CShopify%2CWix%2CSquarespace%2CWebflow%2CDuda%2CTilda%2CNext.js%2CNuxt.js%2CAstro%2CGatsby%2CHugo%2CJekyll%2CEleventy%2CVercel%2CNetlify%2CGitHub+Pages%2CFramer+Sites%2CLovable%2CBase44&geo=ALL&rank=ALL&start=2020-01-01&end=2026-05-01,2026-06-15T22:17:28.655795Z
2023-10-01,Wix,CMS/ecommerce/builder,Hosted website builder,#f59e0b,88376,219683,308059,ALL,ALL,HTTP Archive Technology Report API adoption endpoint,https://cdn.httparchive.org/v1/adoption?technology=ALL%2CWordPress%2CShopify%2CWix%2CSquarespace%2CWebflow%2CDuda%2CTilda%2CNext.js%2CNuxt.js%2CAstro%2CGatsby%2CHugo%2CJekyll%2CEleventy%2CVercel%2CNetlify%2CGitHub+Pages%2CFramer+Sites%2CLovable%2CBase44&geo=ALL&rank=ALL&start=2020-01-01&end=2026-05-01,2026-06-15T22:17:28.655795Z
2023-10-01,WordPress,CMS/ecommerce/builder,Open-source CMS,#2563eb,2183530,3402560,5586090,ALL,ALL,HTTP Archive Technology Report API adoption endpoint,https://cdn.httparchive.org/v1/adoption?technology=ALL%2CWordPress%2CShopify%2CWix%2CSquarespace%2CWebflow%2CDuda%2CTilda%2CNext.js%2CNuxt.js%2CAstro%2CGatsby%2CHugo%2CJekyll%2CEleventy%2CVercel%2CNetlify%2CGitHub+Pages%2CFramer+Sites%2CLovable%2CBase44&geo=ALL&rank=ALL&start=2020-01-01&end=2026-05-01,2026-06-15T22:17:28.655795Z
2023-11-01,ALL,All origins,All HTTP Archive crawl origins,#0f172a,6804526,9869804,16674330,ALL,ALL,HTTP Archive Technology Report API adoption endpoint,https://cdn.httparchive.org/v1/adoption?technology=ALL%2CWordPress%2CShopify%2CWix%2CSquarespace%2CWebflow%2CDuda%2CTilda%2CNext.js%2CNuxt.js%2CAstro%2CGatsby%2CHugo%2CJekyll%2CEleventy%2CVercel%2CNetlify%2CGitHub+Pages%2CFramer+Sites%2CLovable%2CBase44&geo=ALL&rank=ALL&start=2020-01-01&end=2026-05-01,2026-06-15T22:17:28.655795Z
2023-11-01,Astro,Static/app framework,Static site generator/app framework,#fb7185,2739,4193,6932,ALL,ALL,HTTP Archive Technology Report API adoption endpoint,https://cdn.httparchive.org/v1/adoption?technology=ALL%2CWordPress%2CShopify%2CWix%2CSquarespace%2CWebflow%2CDuda%2CTilda%2CNext.js%2CNuxt.js%2CAstro%2CGatsby%2CHugo%2CJekyll%2CEleventy%2CVercel%2CNetlify%2CGitHub+Pages%2CFramer+Sites%2CLovable%2CBase44&geo=ALL&rank=ALL&start=2020-01-01&end=2026-05-01,2026-06-15T22:17:28.655795Z
2023-11-01,Duda,CMS/ecommerce/builder,Hosted website builder,#dc2626,14085,41131,55216,ALL,ALL,HTTP Archive Technology Report API adoption endpoint,https://cdn.httparchive.org/v1/adoption?technology=ALL%2CWordPress%2CShopify%2CWix%2CSquarespace%2CWebflow%2CDuda%2CTilda%2CNext.js%2CNuxt.js%2CAstro%2CGatsby%2CHugo%2CJekyll%2CEleventy%2CVercel%2CNetlify%2CGitHub+Pages%2CFramer+Sites%2CLovable%2CBase44&geo=ALL&rank=ALL&start=2020-01-01&end=2026-05-01,2026-06-15T22:17:28.655795Z
2023-11-01,Eleventy,Static/app framework,Static site generator,#222222,118,103,221,ALL,ALL,HTTP Archive Technology Report API adoption endpoint,https://cdn.httparchive.org/v1/adoption?technology=ALL%2CWordPress%2CShopify%2CWix%2CSquarespace%2CWebflow%2CDuda%2CTilda%2CNext.js%2CNuxt.js%2CAstro%2CGatsby%2CHugo%2CJekyll%2CEleventy%2CVercel%2CNetlify%2CGitHub+Pages%2CFramer+Sites%2CLovable%2CBase44&geo=ALL&rank=ALL&start=2020-01-01&end=2026-05-01,2026-06-15T22:17:28.655795Z
2023-11-01,Framer Sites,AI-era builder signal,Visual site builder with AI-assisted creation features,#0055ff,1996,1469,3465,ALL,ALL,HTTP Archive Technology Report API adoption endpoint,https://cdn.httparchive.org/v1/adoption?technology=ALL%2CWordPress%2CShopify%2CWix%2CSquarespace%2CWebflow%2CDuda%2CTilda%2CNext.js%2CNuxt.js%2CAstro%2CGatsby%2CHugo%2CJekyll%2CEleventy%2CVercel%2CNetlify%2CGitHub+Pages%2CFramer+Sites%2CLovable%2CBase44&geo=ALL&rank=ALL&start=2020-01-01&end=2026-05-01,2026-06-15T22:17:28.655795Z
2023-11-01,Gatsby,Static/app framework,React static site generator,#663399,15241,19363,34604,ALL,ALL,HTTP Archive Technology Report API adoption endpoint,https://cdn.httparchive.org/v1/adoption?technology=ALL%2CWordPress%2CShopify%2CWix%2CSquarespace%2CWebflow%2CDuda%2CTilda%2CNext.js%2CNuxt.js%2CAstro%2CGatsby%2CHugo%2CJekyll%2CEleventy%2CVercel%2CNetlify%2CGitHub+Pages%2CFramer+Sites%2CLovable%2CBase44&geo=ALL&rank=ALL&start=2020-01-01&end=2026-05-01,2026-06-15T22:17:28.655795Z
2023-11-01,GitHub Pages,Deployment surface,Static hosting platform,#6e7781,24079,12357,36436,ALL,ALL,HTTP Archive Technology Report API adoption endpoint,https://cdn.httparchive.org/v1/adoption?technology=ALL%2CWordPress%2CShopify%2CWix%2CSquarespace%2CWebflow%2CDuda%2CTilda%2CNext.js%2CNuxt.js%2CAstro%2CGatsby%2CHugo%2CJekyll%2CEleventy%2CVercel%2CNetlify%2CGitHub+Pages%2CFramer+Sites%2CLovable%2CBase44&geo=ALL&rank=ALL&start=2020-01-01&end=2026-05-01,2026-06-15T22:17:28.655795Z
2023-11-01,Hugo,Static/app framework,Static site generator,#ff4088,7883,6679,14562,ALL,ALL,HTTP Archive Technology Report API adoption endpoint,https://cdn.httparchive.org/v1/adoption?technology=ALL%2CWordPress%2CShopify%2CWix%2CSquarespace%2CWebflow%2CDuda%2CTilda%2CNext.js%2CNuxt.js%2CAstro%2CGatsby%2CHugo%2CJekyll%2CEleventy%2CVercel%2CNetlify%2CGitHub+Pages%2CFramer+Sites%2CLovable%2CBase44&geo=ALL&rank=ALL&start=2020-01-01&end=2026-05-01,2026-06-15T22:17:28.655795Z
2023-11-01,Jekyll,Static/app framework,Static site generator,#cc0000,5464,3137,8601,ALL,ALL,HTTP Archive Technology Report API adoption endpoint,https://cdn.httparchive.org/v1/adoption?technology=ALL%2CWordPress%2CShopify%2CWix%2CSquarespace%2CWebflow%2CDuda%2CTilda%2CNext.js%2CNuxt.js%2CAstro%2CGatsby%2CHugo%2CJekyll%2CEleventy%2CVercel%2CNetlify%2CGitHub+Pages%2CFramer+Sites%2CLovable%2CBase44&geo=ALL&rank=ALL&start=2020-01-01&end=2026-05-01,2026-06-15T22:17:28.655795Z
2023-11-01,Netlify,Deployment surface,Static/app deployment platform,#00ad9f,24168,26444,50612,ALL,ALL,HTTP Archive Technology Report API adoption endpoint,https://cdn.httparchive.org/v1/adoption?technology=ALL%2CWordPress%2CShopify%2CWix%2CSquarespace%2CWebflow%2CDuda%2CTilda%2CNext.js%2CNuxt.js%2CAstro%2CGatsby%2CHugo%2CJekyll%2CEleventy%2CVercel%2CNetlify%2CGitHub+Pages%2CFramer+Sites%2CLovable%2CBase44&geo=ALL&rank=ALL&start=2020-01-01&end=2026-05-01,2026-06-15T22:17:28.655795Z
2023-11-01,Next.js,Static/app framework,React app framework and static/hybrid generator,#111827,105683,137999,243682,ALL,ALL,HTTP Archive Technology Report API adoption endpoint,https://cdn.httparchive.org/v1/adoption?technology=ALL%2CWordPress%2CShopify%2CWix%2CSquarespace%2CWebflow%2CDuda%2CTilda%2CNext.js%2CNuxt.js%2CAstro%2CGatsby%2CHugo%2CJekyll%2CEleventy%2CVercel%2CNetlify%2CGitHub+Pages%2CFramer+Sites%2CLovable%2CBase44&geo=ALL&rank=ALL&start=2020-01-01&end=2026-05-01,2026-06-15T22:17:28.655795Z
2023-11-01,Nuxt.js,Static/app framework,Vue app framework and static/hybrid generator,#00dc82,45951,64202,110153,ALL,ALL,HTTP Archive Technology Report API adoption endpoint,https://cdn.httparchive.org/v1/adoption?technology=ALL%2CWordPress%2CShopify%2CWix%2CSquarespace%2CWebflow%2CDuda%2CTilda%2CNext.js%2CNuxt.js%2CAstro%2CGatsby%2CHugo%2CJekyll%2CEleventy%2CVercel%2CNetlify%2CGitHub+Pages%2CFramer+Sites%2CLovable%2CBase44&geo=ALL&rank=ALL&start=2020-01-01&end=2026-05-01,2026-06-15T22:17:28.655795Z
2023-11-01,Shopify,CMS/ecommerce/builder,Hosted ecommerce,#16a34a,273649,354203,627852,ALL,ALL,HTTP Archive Technology Report API adoption endpoint,https://cdn.httparchive.org/v1/adoption?technology=ALL%2CWordPress%2CShopify%2CWix%2CSquarespace%2CWebflow%2CDuda%2CTilda%2CNext.js%2CNuxt.js%2CAstro%2CGatsby%2CHugo%2CJekyll%2CEleventy%2CVercel%2CNetlify%2CGitHub+Pages%2CFramer+Sites%2CLovable%2CBase44&geo=ALL&rank=ALL&start=2020-01-01&end=2026-05-01,2026-06-15T22:17:28.655795Z
2023-11-01,Squarespace,CMS/ecommerce/builder,Hosted website builder,#64748b,84623,97737,182360,ALL,ALL,HTTP Archive Technology Report API adoption endpoint,https://cdn.httparchive.org/v1/adoption?technology=ALL%2CWordPress%2CShopify%2CWix%2CSquarespace%2CWebflow%2CDuda%2CTilda%2CNext.js%2CNuxt.js%2CAstro%2CGatsby%2CHugo%2CJekyll%2CEleventy%2CVercel%2CNetlify%2CGitHub+Pages%2CFramer+Sites%2CLovable%2CBase44&geo=ALL&rank=ALL&start=2020-01-01&end=2026-05-01,2026-06-15T22:17:28.655795Z
2023-11-01,Tilda,CMS/ecommerce/builder,Hosted website builder,#a855f7,14492,49990,64482,ALL,ALL,HTTP Archive Technology Report API adoption endpoint,https://cdn.httparchive.org/v1/adoption?technology=ALL%2CWordPress%2CShopify%2CWix%2CSquarespace%2CWebflow%2CDuda%2CTilda%2CNext.js%2CNuxt.js%2CAstro%2CGatsby%2CHugo%2CJekyll%2CEleventy%2CVercel%2CNetlify%2CGitHub+Pages%2CFramer+Sites%2CLovable%2CBase44&geo=ALL&rank=ALL&start=2020-01-01&end=2026-05-01,2026-06-15T22:17:28.655795Z
2023-11-01,Vercel,Deployment surface,Frontend cloud/PaaS often paired with Next.js,#000000,34457,36130,70587,ALL,ALL,HTTP Archive Technology Report API adoption endpoint,https://cdn.httparchive.org/v1/adoption?technology=ALL%2CWordPress%2CShopify%2CWix%2CSquarespace%2CWebflow%2CDuda%2CTilda%2CNext.js%2CNuxt.js%2CAstro%2CGatsby%2CHugo%2CJekyll%2CEleventy%2CVercel%2CNetlify%2CGitHub+Pages%2CFramer+Sites%2CLovable%2CBase44&geo=ALL&rank=ALL&start=2020-01-01&end=2026-05-01,2026-06-15T22:17:28.655795Z
2023-11-01,Webflow,CMS/ecommerce/builder,Visual website builder/CMS,#0891b2,50353,51160,101513,ALL,ALL,HTTP Archive Technology Report API adoption endpoint,https://cdn.httparchive.org/v1/adoption?technology=ALL%2CWordPress%2CShopify%2CWix%2CSquarespace%2CWebflow%2CDuda%2CTilda%2CNext.js%2CNuxt.js%2CAstro%2CGatsby%2CHugo%2CJekyll%2CEleventy%2CVercel%2CNetlify%2CGitHub+Pages%2CFramer+Sites%2CLovable%2CBase44&geo=ALL&rank=ALL&start=2020-01-01&end=2026-05-01,2026-06-15T22:17:28.655795Z
2023-11-01,Wix,CMS/ecommerce/builder,Hosted website builder,#f59e0b,89630,214022,303652,ALL,ALL,HTTP Archive Technology Report API adoption endpoint,https://cdn.httparchive.org/v1/adoption?technology=ALL%2CWordPress%2CShopify%2CWix%2CSquarespace%2CWebflow%2CDuda%2CTilda%2CNext.js%2CNuxt.js%2CAstro%2CGatsby%2CHugo%2CJekyll%2CEleventy%2CVercel%2CNetlify%2CGitHub+Pages%2CFramer+Sites%2CLovable%2CBase44&geo=ALL&rank=ALL&start=2020-01-01&end=2026-05-01,2026-06-15T22:17:28.655795Z
2023-11-01,WordPress,CMS/ecommerce/builder,Open-source CMS,#2563eb,2213404,3384527,5597931,ALL,ALL,HTTP Archive Technology Report API adoption endpoint,https://cdn.httparchive.org/v1/adoption?technology=ALL%2CWordPress%2CShopify%2CWix%2CSquarespace%2CWebflow%2CDuda%2CTilda%2CNext.js%2CNuxt.js%2CAstro%2CGatsby%2CHugo%2CJekyll%2CEleventy%2CVercel%2CNetlify%2CGitHub+Pages%2CFramer+Sites%2CLovable%2CBase44&geo=ALL&rank=ALL&start=2020-01-01&end=2026-05-01,2026-06-15T22:17:28.655795Z
2023-12-01,ALL,All origins,All HTTP Archive crawl origins,#0f172a,5996247,9221518,15217765,ALL,ALL,HTTP Archive Technology Report API adoption endpoint,https://cdn.httparchive.org/v1/adoption?technology=ALL%2CWordPress%2CShopify%2CWix%2CSquarespace%2CWebflow%2CDuda%2CTilda%2CNext.js%2CNuxt.js%2CAstro%2CGatsby%2CHugo%2CJekyll%2CEleventy%2CVercel%2CNetlify%2CGitHub+Pages%2CFramer+Sites%2CLovable%2CBase44&geo=ALL&rank=ALL&start=2020-01-01&end=2026-05-01,2026-06-15T22:17:28.655795Z
2023-12-01,Astro,Static/app framework,Static site generator/app framework,#fb7185,2654,4081,6735,ALL,ALL,HTTP Archive Technology Report API adoption endpoint,https://cdn.httparchive.org/v1/adoption?technology=ALL%2CWordPress%2CShopify%2CWix%2CSquarespace%2CWebflow%2CDuda%2CTilda%2CNext.js%2CNuxt.js%2CAstro%2CGatsby%2CHugo%2CJekyll%2CEleventy%2CVercel%2CNetlify%2CGitHub+Pages%2CFramer+Sites%2CLovable%2CBase44&geo=ALL&rank=ALL&start=2020-01-01&end=2026-05-01,2026-06-15T22:17:28.655795Z
2023-12-01,Duda,CMS/ecommerce/builder,Hosted website builder,#dc2626,12135,40374,52509,ALL,ALL,HTTP Archive Technology Report API adoption endpoint,https://cdn.httparchive.org/v1/adoption?technology=ALL%2CWordPress%2CShopify%2CWix%2CSquarespace%2CWebflow%2CDuda%2CTilda%2CNext.js%2CNuxt.js%2CAstro%2CGatsby%2CHugo%2CJekyll%2CEleventy%2CVercel%2CNetlify%2CGitHub+Pages%2CFramer+Sites%2CLovable%2CBase44&geo=ALL&rank=ALL&start=2020-01-01&end=2026-05-01,2026-06-15T22:17:28.655795Z
2023-12-01,Eleventy,Static/app framework,Static site generator,#222222,107,99,206,ALL,ALL,HTTP Archive Technology Report API adoption endpoint,https://cdn.httparchive.org/v1/adoption?technology=ALL%2CWordPress%2CShopify%2CWix%2CSquarespace%2CWebflow%2CDuda%2CTilda%2CNext.js%2CNuxt.js%2CAstro%2CGatsby%2CHugo%2CJekyll%2CEleventy%2CVercel%2CNetlify%2CGitHub+Pages%2CFramer+Sites%2CLovable%2CBase44&geo=ALL&rank=ALL&start=2020-01-01&end=2026-05-01,2026-06-15T22:17:28.655795Z
2023-12-01,Framer Sites,AI-era builder signal,Visual site builder with AI-assisted creation features,#0055ff,1919,1506,3425,ALL,ALL,HTTP Archive Technology Report API adoption endpoint,https://cdn.httparchive.org/v1/adoption?technology=ALL%2CWordPress%2CShopify%2CWix%2CSquarespace%2CWebflow%2CDuda%2CTilda%2CNext.js%2CNuxt.js%2CAstro%2CGatsby%2CHugo%2CJekyll%2CEleventy%2CVercel%2CNetlify%2CGitHub+Pages%2CFramer+Sites%2CLovable%2CBase44&geo=ALL&rank=ALL&start=2020-01-01&end=2026-05-01,2026-06-15T22:17:28.655795Z
2023-12-01,Gatsby,Static/app framework,React static site generator,#663399,12586,17560,30146,ALL,ALL,HTTP Archive Technology Report API adoption endpoint,https://cdn.httparchive.org/v1/adoption?technology=ALL%2CWordPress%2CShopify%2CWix%2CSquarespace%2CWebflow%2CDuda%2CTilda%2CNext.js%2CNuxt.js%2CAstro%2CGatsby%2CHugo%2CJekyll%2CEleventy%2CVercel%2CNetlify%2CGitHub+Pages%2CFramer+Sites%2CLovable%2CBase44&geo=ALL&rank=ALL&start=2020-01-01&end=2026-05-01,2026-06-15T22:17:28.655795Z
2023-12-01,GitHub Pages,Deployment surface,Static hosting platform,#6e7781,21568,11649,33217,ALL,ALL,HTTP Archive Technology Report API adoption endpoint,https://cdn.httparchive.org/v1/adoption?technology=ALL%2CWordPress%2CShopify%2CWix%2CSquarespace%2CWebflow%2CDuda%2CTilda%2CNext.js%2CNuxt.js%2CAstro%2CGatsby%2CHugo%2CJekyll%2CEleventy%2CVercel%2CNetlify%2CGitHub+Pages%2CFramer+Sites%2CLovable%2CBase44&geo=ALL&rank=ALL&start=2020-01-01&end=2026-05-01,2026-06-15T22:17:28.655795Z
2023-12-01,Hugo,Static/app framework,Static site generator,#ff4088,7041,7046,14087,ALL,ALL,HTTP Archive Technology Report API adoption endpoint,https://cdn.httparchive.org/v1/adoption?technology=ALL%2CWordPress%2CShopify%2CWix%2CSquarespace%2CWebflow%2CDuda%2CTilda%2CNext.js%2CNuxt.js%2CAstro%2CGatsby%2CHugo%2CJekyll%2CEleventy%2CVercel%2CNetlify%2CGitHub+Pages%2CFramer+Sites%2CLovable%2CBase44&geo=ALL&rank=ALL&start=2020-01-01&end=2026-05-01,2026-06-15T22:17:28.655795Z
2023-12-01,Jekyll,Static/app framework,Static site generator,#cc0000,4888,2964,7852,ALL,ALL,HTTP Archive Technology Report API adoption endpoint,https://cdn.httparchive.org/v1/adoption?technology=ALL%2CWordPress%2CShopify%2CWix%2CSquarespace%2CWebflow%2CDuda%2CTilda%2CNext.js%2CNuxt.js%2CAstro%2CGatsby%2CHugo%2CJekyll%2CEleventy%2CVercel%2CNetlify%2CGitHub+Pages%2CFramer+Sites%2CLovable%2CBase44&geo=ALL&rank=ALL&start=2020-01-01&end=2026-05-01,2026-06-15T22:17:28.655795Z
2023-12-01,Netlify,Deployment surface,Static/app deployment platform,#00ad9f,21857,25629,47486,ALL,ALL,HTTP Archive Technology Report API adoption endpoint,https://cdn.httparchive.org/v1/adoption?technology=ALL%2CWordPress%2CShopify%2CWix%2CSquarespace%2CWebflow%2CDuda%2CTilda%2CNext.js%2CNuxt.js%2CAstro%2CGatsby%2CHugo%2CJekyll%2CEleventy%2CVercel%2CNetlify%2CGitHub+Pages%2CFramer+Sites%2CLovable%2CBase44&geo=ALL&rank=ALL&start=2020-01-01&end=2026-05-01,2026-06-15T22:17:28.655795Z
2023-12-01,Next.js,Static/app framework,React app framework and static/hybrid generator,#111827,94548,128000,222548,ALL,ALL,HTTP Archive Technology Report API adoption endpoint,https://cdn.httparchive.org/v1/adoption?technology=ALL%2CWordPress%2CShopify%2CWix%2CSquarespace%2CWebflow%2CDuda%2CTilda%2CNext.js%2CNuxt.js%2CAstro%2CGatsby%2CHugo%2CJekyll%2CEleventy%2CVercel%2CNetlify%2CGitHub+Pages%2CFramer+Sites%2CLovable%2CBase44&geo=ALL&rank=ALL&start=2020-01-01&end=2026-05-01,2026-06-15T22:17:28.655795Z
2023-12-01,Nuxt.js,Static/app framework,Vue app framework and static/hybrid generator,#00dc82,41933,56783,98716,ALL,ALL,HTTP Archive Technology Report API adoption endpoint,https://cdn.httparchive.org/v1/adoption?technology=ALL%2CWordPress%2CShopify%2CWix%2CSquarespace%2CWebflow%2CDuda%2CTilda%2CNext.js%2CNuxt.js%2CAstro%2CGatsby%2CHugo%2CJekyll%2CEleventy%2CVercel%2CNetlify%2CGitHub+Pages%2CFramer+Sites%2CLovable%2CBase44&geo=ALL&rank=ALL&start=2020-01-01&end=2026-05-01,2026-06-15T22:17:28.655795Z
2023-12-01,Shopify,CMS/ecommerce/builder,Hosted ecommerce,#16a34a,255929,345705,601634,ALL,ALL,HTTP Archive Technology Report API adoption endpoint,https://cdn.httparchive.org/v1/adoption?technology=ALL%2CWordPress%2CShopify%2CWix%2CSquarespace%2CWebflow%2CDuda%2CTilda%2CNext.js%2CNuxt.js%2CAstro%2CGatsby%2CHugo%2CJekyll%2CEleventy%2CVercel%2CNetlify%2CGitHub+Pages%2CFramer+Sites%2CLovable%2CBase44&geo=ALL&rank=ALL&start=2020-01-01&end=2026-05-01,2026-06-15T22:17:28.655795Z
2023-12-01,Squarespace,CMS/ecommerce/builder,Hosted website builder,#64748b,73438,92350,165788,ALL,ALL,HTTP Archive Technology Report API adoption endpoint,https://cdn.httparchive.org/v1/adoption?technology=ALL%2CWordPress%2CShopify%2CWix%2CSquarespace%2CWebflow%2CDuda%2CTilda%2CNext.js%2CNuxt.js%2CAstro%2CGatsby%2CHugo%2CJekyll%2CEleventy%2CVercel%2CNetlify%2CGitHub+Pages%2CFramer+Sites%2CLovable%2CBase44&geo=ALL&rank=ALL&start=2020-01-01&end=2026-05-01,2026-06-15T22:17:28.655795Z
2023-12-01,Tilda,CMS/ecommerce/builder,Hosted website builder,#a855f7,12831,46073,58904,ALL,ALL,HTTP Archive Technology Report API adoption endpoint,https://cdn.httparchive.org/v1/adoption?technology=ALL%2CWordPress%2CShopify%2CWix%2CSquarespace%2CWebflow%2CDuda%2CTilda%2CNext.js%2CNuxt.js%2CAstro%2CGatsby%2CHugo%2CJekyll%2CEleventy%2CVercel%2CNetlify%2CGitHub+Pages%2CFramer+Sites%2CLovable%2CBase44&geo=ALL&rank=ALL&start=2020-01-01&end=2026-05-01,2026-06-15T22:17:28.655795Z
2023-12-01,Vercel,Deployment surface,Frontend cloud/PaaS often paired with Next.js,#000000,32528,35207,67735,ALL,ALL,HTTP Archive Technology Report API adoption endpoint,https://cdn.httparchive.org/v1/adoption?technology=ALL%2CWordPress%2CShopify%2CWix%2CSquarespace%2CWebflow%2CDuda%2CTilda%2CNext.js%2CNuxt.js%2CAstro%2CGatsby%2CHugo%2CJekyll%2CEleventy%2CVercel%2CNetlify%2CGitHub+Pages%2CFramer+Sites%2CLovable%2CBase44&geo=ALL&rank=ALL&start=2020-01-01&end=2026-05-01,2026-06-15T22:17:28.655795Z
2023-12-01,Webflow,CMS/ecommerce/builder,Visual website builder/CMS,#0891b2,43065,47358,90423,ALL,ALL,HTTP Archive Technology Report API adoption endpoint,https://cdn.httparchive.org/v1/adoption?technology=ALL%2CWordPress%2CShopify%2CWix%2CSquarespace%2CWebflow%2CDuda%2CTilda%2CNext.js%2CNuxt.js%2CAstro%2CGatsby%2CHugo%2CJekyll%2CEleventy%2CVercel%2CNetlify%2CGitHub+Pages%2CFramer+Sites%2CLovable%2CBase44&geo=ALL&rank=ALL&start=2020-01-01&end=2026-05-01,2026-06-15T22:17:28.655795Z
2023-12-01,Wix,CMS/ecommerce/builder,Hosted website builder,#f59e0b,76177,205990,282167,ALL,ALL,HTTP Archive Technology Report API adoption endpoint,https://cdn.httparchive.org/v1/adoption?technology=ALL%2CWordPress%2CShopify%2CWix%2CSquarespace%2CWebflow%2CDuda%2CTilda%2CNext.js%2CNuxt.js%2CAstro%2CGatsby%2CHugo%2CJekyll%2CEleventy%2CVercel%2CNetlify%2CGitHub+Pages%2CFramer+Sites%2CLovable%2CBase44&geo=ALL&rank=ALL&start=2020-01-01&end=2026-05-01,2026-06-15T22:17:28.655795Z
2023-12-01,WordPress,CMS/ecommerce/builder,Open-source CMS,#2563eb,1944314,3185074,5129388,ALL,ALL,HTTP Archive Technology Report API adoption endpoint,https://cdn.httparchive.org/v1/adoption?technology=ALL%2CWordPress%2CShopify%2CWix%2CSquarespace%2CWebflow%2CDuda%2CTilda%2CNext.js%2CNuxt.js%2CAstro%2CGatsby%2CHugo%2CJekyll%2CEleventy%2CVercel%2CNetlify%2CGitHub+Pages%2CFramer+Sites%2CLovable%2CBase44&geo=ALL&rank=ALL&start=2020-01-01&end=2026-05-01,2026-06-15T22:17:28.655795Z
2024-01-01,ALL,All origins,All HTTP Archive crawl origins,#0f172a,6492832,9538022,16030854,ALL,ALL,HTTP Archive Technology Report API adoption endpoint,https://cdn.httparchive.org/v1/adoption?technology=ALL%2CWordPress%2CShopify%2CWix%2CSquarespace%2CWebflow%2CDuda%2CTilda%2CNext.js%2CNuxt.js%2CAstro%2CGatsby%2CHugo%2CJekyll%2CEleventy%2CVercel%2CNetlify%2CGitHub+Pages%2CFramer+Sites%2CLovable%2CBase44&geo=ALL&rank=ALL&start=2020-01-01&end=2026-05-01,2026-06-15T22:17:28.655795Z
2024-01-01,Astro,Static/app framework,Static site generator/app framework,#fb7185,3120,4505,7625,ALL,ALL,HTTP Archive Technology Report API adoption endpoint,https://cdn.httparchive.org/v1/adoption?technology=ALL%2CWordPress%2CShopify%2CWix%2CSquarespace%2CWebflow%2CDuda%2CTilda%2CNext.js%2CNuxt.js%2CAstro%2CGatsby%2CHugo%2CJekyll%2CEleventy%2CVercel%2CNetlify%2CGitHub+Pages%2CFramer+Sites%2CLovable%2CBase44&geo=ALL&rank=ALL&start=2020-01-01&end=2026-05-01,2026-06-15T22:17:28.655795Z
2024-01-01,Duda,CMS/ecommerce/builder,Hosted website builder,#dc2626,14873,40876,55749,ALL,ALL,HTTP Archive Technology Report API adoption endpoint,https://cdn.httparchive.org/v1/adoption?technology=ALL%2CWordPress%2CShopify%2CWix%2CSquarespace%2CWebflow%2CDuda%2CTilda%2CNext.js%2CNuxt.js%2CAstro%2CGatsby%2CHugo%2CJekyll%2CEleventy%2CVercel%2CNetlify%2CGitHub+Pages%2CFramer+Sites%2CLovable%2CBase44&geo=ALL&rank=ALL&start=2020-01-01&end=2026-05-01,2026-06-15T22:17:28.655795Z
2024-01-01,Eleventy,Static/app framework,Static site generator,#222222,117,101,218,ALL,ALL,HTTP Archive Technology Report API adoption endpoint,https://cdn.httparchive.org/v1/adoption?technology=ALL%2CWordPress%2CShopify%2CWix%2CSquarespace%2CWebflow%2CDuda%2CTilda%2CNext.js%2CNuxt.js%2CAstro%2CGatsby%2CHugo%2CJekyll%2CEleventy%2CVercel%2CNetlify%2CGitHub+Pages%2CFramer+Sites%2CLovable%2CBase44&geo=ALL&rank=ALL&start=2020-01-01&end=2026-05-01,2026-06-15T22:17:28.655795Z
2024-01-01,Framer Sites,AI-era builder signal,Visual site builder with AI-assisted creation features,#0055ff,2355,1737,4092,ALL,ALL,HTTP Archive Technology Report API adoption endpoint,https://cdn.httparchive.org/v1/adoption?technology=ALL%2CWordPress%2CShopify%2CWix%2CSquarespace%2CWebflow%2CDuda%2CTilda%2CNext.js%2CNuxt.js%2CAstro%2CGatsby%2CHugo%2CJekyll%2CEleventy%2CVercel%2CNetlify%2CGitHub+Pages%2CFramer+Sites%2CLovable%2CBase44&geo=ALL&rank=ALL&start=2020-01-01&end=2026-05-01,2026-06-15T22:17:28.655795Z
2024-01-01,Gatsby,Static/app framework,React static site generator,#663399,13285,17865,31150,ALL,ALL,HTTP Archive Technology Report API adoption endpoint,https://cdn.httparchive.org/v1/adoption?technology=ALL%2CWordPress%2CShopify%2CWix%2CSquarespace%2CWebflow%2CDuda%2CTilda%2CNext.js%2CNuxt.js%2CAstro%2CGatsby%2CHugo%2CJekyll%2CEleventy%2CVercel%2CNetlify%2CGitHub+Pages%2CFramer+Sites%2CLovable%2CBase44&geo=ALL&rank=ALL&start=2020-01-01&end=2026-05-01,2026-06-15T22:17:28.655795Z
2024-01-01,GitHub Pages,Deployment surface,Static hosting platform,#6e7781,22733,12088,34821,ALL,ALL,HTTP Archive Technology Report API adoption endpoint,https://cdn.httparchive.org/v1/adoption?technology=ALL%2CWordPress%2CShopify%2CWix%2CSquarespace%2CWebflow%2CDuda%2CTilda%2CNext.js%2CNuxt.js%2CAstro%2CGatsby%2CHugo%2CJekyll%2CEleventy%2CVercel%2CNetlify%2CGitHub+Pages%2CFramer+Sites%2CLovable%2CBase44&geo=ALL&rank=ALL&start=2020-01-01&end=2026-05-01,2026-06-15T22:17:28.655795Z
2024-01-01,Hugo,Static/app framework,Static site generator,#ff4088,7524,6524,14048,ALL,ALL,HTTP Archive Technology Report API adoption endpoint,https://cdn.httparchive.org/v1/adoption?technology=ALL%2CWordPress%2CShopify%2CWix%2CSquarespace%2CWebflow%2CDuda%2CTilda%2CNext.js%2CNuxt.js%2CAstro%2CGatsby%2CHugo%2CJekyll%2CEleventy%2CVercel%2CNetlify%2CGitHub+Pages%2CFramer+Sites%2CLovable%2CBase44&geo=ALL&rank=ALL&start=2020-01-01&end=2026-05-01,2026-06-15T22:17:28.655795Z
2024-01-01,Jekyll,Static/app framework,Static site generator,#cc0000,5122,3057,8179,ALL,ALL,HTTP Archive Technology Report API adoption endpoint,https://cdn.httparchive.org/v1/adoption?technology=ALL%2CWordPress%2CShopify%2CWix%2CSquarespace%2CWebflow%2CDuda%2CTilda%2CNext.js%2CNuxt.js%2CAstro%2CGatsby%2CHugo%2CJekyll%2CEleventy%2CVercel%2CNetlify%2CGitHub+Pages%2CFramer+Sites%2CLovable%2CBase44&geo=ALL&rank=ALL&start=2020-01-01&end=2026-05-01,2026-06-15T22:17:28.655795Z
2024-01-01,Netlify,Deployment surface,Static/app deployment platform,#00ad9f,23525,26249,49774,ALL,ALL,HTTP Archive Technology Report API adoption endpoint,https://cdn.httparchive.org/v1/adoption?technology=ALL%2CWordPress%2CShopify%2CWix%2CSquarespace%2CWebflow%2CDuda%2CTilda%2CNext.js%2CNuxt.js%2CAstro%2CGatsby%2CHugo%2CJekyll%2CEleventy%2CVercel%2CNetlify%2CGitHub+Pages%2CFramer+Sites%2CLovable%2CBase44&geo=ALL&rank=ALL&start=2020-01-01&end=2026-05-01,2026-06-15T22:17:28.655795Z
2024-01-01,Next.js,Static/app framework,React app framework and static/hybrid generator,#111827,102251,136480,238731,ALL,ALL,HTTP Archive Technology Report API adoption endpoint,https://cdn.httparchive.org/v1/adoption?technology=ALL%2CWordPress%2CShopify%2CWix%2CSquarespace%2CWebflow%2CDuda%2CTilda%2CNext.js%2CNuxt.js%2CAstro%2CGatsby%2CHugo%2CJekyll%2CEleventy%2CVercel%2CNetlify%2CGitHub+Pages%2CFramer+Sites%2CLovable%2CBase44&geo=ALL&rank=ALL&start=2020-01-01&end=2026-05-01,2026-06-15T22:17:28.655795Z
2024-01-01,Nuxt.js,Static/app framework,Vue app framework and static/hybrid generator,#00dc82,44858,59201,104059,ALL,ALL,HTTP Archive Technology Report API adoption endpoint,https://cdn.httparchive.org/v1/adoption?technology=ALL%2CWordPress%2CShopify%2CWix%2CSquarespace%2CWebflow%2CDuda%2CTilda%2CNext.js%2CNuxt.js%2CAstro%2CGatsby%2CHugo%2CJekyll%2CEleventy%2CVercel%2CNetlify%2CGitHub+Pages%2CFramer+Sites%2CLovable%2CBase44&geo=ALL&rank=ALL&start=2020-01-01&end=2026-05-01,2026-06-15T22:17:28.655795Z
2024-01-01,Shopify,CMS/ecommerce/builder,Hosted ecommerce,#16a34a,263555,345865,609420,ALL,ALL,HTTP Archive Technology Report API adoption endpoint,https://cdn.httparchive.org/v1/adoption?technology=ALL%2CWordPress%2CShopify%2CWix%2CSquarespace%2CWebflow%2CDuda%2CTilda%2CNext.js%2CNuxt.js%2CAstro%2CGatsby%2CHugo%2CJekyll%2CEleventy%2CVercel%2CNetlify%2CGitHub+Pages%2CFramer+Sites%2CLovable%2CBase44&geo=ALL&rank=ALL&start=2020-01-01&end=2026-05-01,2026-06-15T22:17:28.655795Z
2024-01-01,Squarespace,CMS/ecommerce/builder,Hosted website builder,#64748b,87553,100079,187632,ALL,ALL,HTTP Archive Technology Report API adoption endpoint,https://cdn.httparchive.org/v1/adoption?technology=ALL%2CWordPress%2CShopify%2CWix%2CSquarespace%2CWebflow%2CDuda%2CTilda%2CNext.js%2CNuxt.js%2CAstro%2CGatsby%2CHugo%2CJekyll%2CEleventy%2CVercel%2CNetlify%2CGitHub+Pages%2CFramer+Sites%2CLovable%2CBase44&geo=ALL&rank=ALL&start=2020-01-01&end=2026-05-01,2026-06-15T22:17:28.655795Z
2024-01-01,Tilda,CMS/ecommerce/builder,Hosted website builder,#a855f7,13593,48111,61704,ALL,ALL,HTTP Archive Technology Report API adoption endpoint,https://cdn.httparchive.org/v1/adoption?technology=ALL%2CWordPress%2CShopify%2CWix%2CSquarespace%2CWebflow%2CDuda%2CTilda%2CNext.js%2CNuxt.js%2CAstro%2CGatsby%2CHugo%2CJekyll%2CEleventy%2CVercel%2CNetlify%2CGitHub+Pages%2CFramer+Sites%2CLovable%2CBase44&geo=ALL&rank=ALL&start=2020-01-01&end=2026-05-01,2026-06-15T22:17:28.655795Z
2024-01-01,Vercel,Deployment surface,Frontend cloud/PaaS often paired with Next.js,#000000,35594,37767,73361,ALL,ALL,HTTP Archive Technology Report API adoption endpoint,https://cdn.httparchive.org/v1/adoption?technology=ALL%2CWordPress%2CShopify%2CWix%2CSquarespace%2CWebflow%2CDuda%2CTilda%2CNext.js%2CNuxt.js%2CAstro%2CGatsby%2CHugo%2CJekyll%2CEleventy%2CVercel%2CNetlify%2CGitHub+Pages%2CFramer+Sites%2CLovable%2CBase44&geo=ALL&rank=ALL&start=2020-01-01&end=2026-05-01,2026-06-15T22:17:28.655795Z
2024-01-01,Webflow,CMS/ecommerce/builder,Visual website builder/CMS,#0891b2,49745,51493,101238,ALL,ALL,HTTP Archive Technology Report API adoption endpoint,https://cdn.httparchive.org/v1/adoption?technology=ALL%2CWordPress%2CShopify%2CWix%2CSquarespace%2CWebflow%2CDuda%2CTilda%2CNext.js%2CNuxt.js%2CAstro%2CGatsby%2CHugo%2CJekyll%2CEleventy%2CVercel%2CNetlify%2CGitHub+Pages%2CFramer+Sites%2CLovable%2CBase44&geo=ALL&rank=ALL&start=2020-01-01&end=2026-05-01,2026-06-15T22:17:28.655795Z
2024-01-01,Wix,CMS/ecommerce/builder,Hosted website builder,#f59e0b,90202,212188,302390,ALL,ALL,HTTP Archive Technology Report API adoption endpoint,https://cdn.httparchive.org/v1/adoption?technology=ALL%2CWordPress%2CShopify%2CWix%2CSquarespace%2CWebflow%2CDuda%2CTilda%2CNext.js%2CNuxt.js%2CAstro%2CGatsby%2CHugo%2CJekyll%2CEleventy%2CVercel%2CNetlify%2CGitHub+Pages%2CFramer+Sites%2CLovable%2CBase44&geo=ALL&rank=ALL&start=2020-01-01&end=2026-05-01,2026-06-15T22:17:28.655795Z
2024-01-01,WordPress,CMS/ecommerce/builder,Open-source CMS,#2563eb,2162486,3326313,5488799,ALL,ALL,HTTP Archive Technology Report API adoption endpoint,https://cdn.httparchive.org/v1/adoption?technology=ALL%2CWordPress%2CShopify%2CWix%2CSquarespace%2CWebflow%2CDuda%2CTilda%2CNext.js%2CNuxt.js%2CAstro%2CGatsby%2CHugo%2CJekyll%2CEleventy%2CVercel%2CNetlify%2CGitHub+Pages%2CFramer+Sites%2CLovable%2CBase44&geo=ALL&rank=ALL&start=2020-01-01&end=2026-05-01,2026-06-15T22:17:28.655795Z
2024-02-01,ALL,All origins,All HTTP Archive crawl origins,#0f172a,6664989,9588322,16253311,ALL,ALL,HTTP Archive Technology Report API adoption endpoint,https://cdn.httparchive.org/v1/adoption?technology=ALL%2CWordPress%2CShopify%2CWix%2CSquarespace%2CWebflow%2CDuda%2CTilda%2CNext.js%2CNuxt.js%2CAstro%2CGatsby%2CHugo%2CJekyll%2CEleventy%2CVercel%2CNetlify%2CGitHub+Pages%2CFramer+Sites%2CLovable%2CBase44&geo=ALL&rank=ALL&start=2020-01-01&end=2026-05-01,2026-06-15T22:17:28.655795Z
2024-02-01,Astro,Static/app framework,Static site generator/app framework,#fb7185,3568,5191,8759,ALL,ALL,HTTP Archive Technology Report API adoption endpoint,https://cdn.httparchive.org/v1/adoption?technology=ALL%2CWordPress%2CShopify%2CWix%2CSquarespace%2CWebflow%2CDuda%2CTilda%2CNext.js%2CNuxt.js%2CAstro%2CGatsby%2CHugo%2CJekyll%2CEleventy%2CVercel%2CNetlify%2CGitHub+Pages%2CFramer+Sites%2CLovable%2CBase44&geo=ALL&rank=ALL&start=2020-01-01&end=2026-05-01,2026-06-15T22:17:28.655795Z
2024-02-01,Duda,CMS/ecommerce/builder,Hosted website builder,#dc2626,16268,42439,58707,ALL,ALL,HTTP Archive Technology Report API adoption endpoint,https://cdn.httparchive.org/v1/adoption?technology=ALL%2CWordPress%2CShopify%2CWix%2CSquarespace%2CWebflow%2CDuda%2CTilda%2CNext.js%2CNuxt.js%2CAstro%2CGatsby%2CHugo%2CJekyll%2CEleventy%2CVercel%2CNetlify%2CGitHub+Pages%2CFramer+Sites%2CLovable%2CBase44&geo=ALL&rank=ALL&start=2020-01-01&end=2026-05-01,2026-06-15T22:17:28.655795Z
2024-02-01,Eleventy,Static/app framework,Static site generator,#222222,121,102,223,ALL,ALL,HTTP Archive Technology Report API adoption endpoint,https://cdn.httparchive.org/v1/adoption?technology=ALL%2CWordPress%2CShopify%2CWix%2CSquarespace%2CWebflow%2CDuda%2CTilda%2CNext.js%2CNuxt.js%2CAstro%2CGatsby%2CHugo%2CJekyll%2CEleventy%2CVercel%2CNetlify%2CGitHub+Pages%2CFramer+Sites%2CLovable%2CBase44&geo=ALL&rank=ALL&start=2020-01-01&end=2026-05-01,2026-06-15T22:17:28.655795Z
2024-02-01,Framer Sites,AI-era builder signal,Visual site builder with AI-assisted creation features,#0055ff,2800,2030,4830,ALL,ALL,HTTP Archive Technology Report API adoption endpoint,https://cdn.httparchive.org/v1/adoption?technology=ALL%2CWordPress%2CShopify%2CWix%2CSquarespace%2CWebflow%2CDuda%2CTilda%2CNext.js%2CNuxt.js%2CAstro%2CGatsby%2CHugo%2CJekyll%2CEleventy%2CVercel%2CNetlify%2CGitHub+Pages%2CFramer+Sites%2CLovable%2CBase44&geo=ALL&rank=ALL&start=2020-01-01&end=2026-05-01,2026-06-15T22:17:28.655795Z
2024-02-01,Gatsby,Static/app framework,React static site generator,#663399,13595,17579,31174,ALL,ALL,HTTP Archive Technology Report API adoption endpoint,https://cdn.httparchive.org/v1/adoption?technology=ALL%2CWordPress%2CShopify%2CWix%2CSquarespace%2CWebflow%2CDuda%2CTilda%2CNext.js%2CNuxt.js%2CAstro%2CGatsby%2CHugo%2CJekyll%2CEleventy%2CVercel%2CNetlify%2CGitHub+Pages%2CFramer+Sites%2CLovable%2CBase44&geo=ALL&rank=ALL&start=2020-01-01&end=2026-05-01,2026-06-15T22:17:28.655795Z
2024-02-01,GitHub Pages,Deployment surface,Static hosting platform,#6e7781,22803,12272,35075,ALL,ALL,HTTP Archive Technology Report API adoption endpoint,https://cdn.httparchive.org/v1/adoption?technology=ALL%2CWordPress%2CShopify%2CWix%2CSquarespace%2CWebflow%2CDuda%2CTilda%2CNext.js%2CNuxt.js%2CAstro%2CGatsby%2CHugo%2CJekyll%2CEleventy%2CVercel%2CNetlify%2CGitHub+Pages%2CFramer+Sites%2CLovable%2CBase44&geo=ALL&rank=ALL&start=2020-01-01&end=2026-05-01,2026-06-15T22:17:28.655795Z
2024-02-01,Hugo,Static/app framework,Static site generator,#ff4088,7635,6650,14285,ALL,ALL,HTTP Archive Technology Report API adoption endpoint,https://cdn.httparchive.org/v1/adoption?technology=ALL%2CWordPress%2CShopify%2CWix%2CSquarespace%2CWebflow%2CDuda%2CTilda%2CNext.js%2CNuxt.js%2CAstro%2CGatsby%2CHugo%2CJekyll%2CEleventy%2CVercel%2CNetlify%2CGitHub+Pages%2CFramer+Sites%2CLovable%2CBase44&geo=ALL&rank=ALL&start=2020-01-01&end=2026-05-01,2026-06-15T22:17:28.655795Z
2024-02-01,Jekyll,Static/app framework,Static site generator,#cc0000,5121,3029,8150,ALL,ALL,HTTP Archive Technology Report API adoption endpoint,https://cdn.httparchive.org/v1/adoption?technology=ALL%2CWordPress%2CShopify%2CWix%2CSquarespace%2CWebflow%2CDuda%2CTilda%2CNext.js%2CNuxt.js%2CAstro%2CGatsby%2CHugo%2CJekyll%2CEleventy%2CVercel%2CNetlify%2CGitHub+Pages%2CFramer+Sites%2CLovable%2CBase44&geo=ALL&rank=ALL&start=2020-01-01&end=2026-05-01,2026-06-15T22:17:28.655795Z
2024-02-01,Netlify,Deployment surface,Static/app deployment platform,#00ad9f,24299,26570,50869,ALL,ALL,HTTP Archive Technology Report API adoption endpoint,https://cdn.httparchive.org/v1/adoption?technology=ALL%2CWordPress%2CShopify%2CWix%2CSquarespace%2CWebflow%2CDuda%2CTilda%2CNext.js%2CNuxt.js%2CAstro%2CGatsby%2CHugo%2CJekyll%2CEleventy%2CVercel%2CNetlify%2CGitHub+Pages%2CFramer+Sites%2CLovable%2CBase44&geo=ALL&rank=ALL&start=2020-01-01&end=2026-05-01,2026-06-15T22:17:28.655795Z
2024-02-01,Next.js,Static/app framework,React app framework and static/hybrid generator,#111827,107915,142184,250099,ALL,ALL,HTTP Archive Technology Report API adoption endpoint,https://cdn.httparchive.org/v1/adoption?technology=ALL%2CWordPress%2CShopify%2CWix%2CSquarespace%2CWebflow%2CDuda%2CTilda%2CNext.js%2CNuxt.js%2CAstro%2CGatsby%2CHugo%2CJekyll%2CEleventy%2CVercel%2CNetlify%2CGitHub+Pages%2CFramer+Sites%2CLovable%2CBase44&geo=ALL&rank=ALL&start=2020-01-01&end=2026-05-01,2026-06-15T22:17:28.655795Z
2024-02-01,Nuxt.js,Static/app framework,Vue app framework and static/hybrid generator,#00dc82,46472,60722,107194,ALL,ALL,HTTP Archive Technology Report API adoption endpoint,https://cdn.httparchive.org/v1/adoption?technology=ALL%2CWordPress%2CShopify%2CWix%2CSquarespace%2CWebflow%2CDuda%2CTilda%2CNext.js%2CNuxt.js%2CAstro%2CGatsby%2CHugo%2CJekyll%2CEleventy%2CVercel%2CNetlify%2CGitHub+Pages%2CFramer+Sites%2CLovable%2CBase44&geo=ALL&rank=ALL&start=2020-01-01&end=2026-05-01,2026-06-15T22:17:28.655795Z
2024-02-01,Shopify,CMS/ecommerce/builder,Hosted ecommerce,#16a34a,266582,340334,606916,ALL,ALL,HTTP Archive Technology Report API adoption endpoint,https://cdn.httparchive.org/v1/adoption?technology=ALL%2CWordPress%2CShopify%2CWix%2CSquarespace%2CWebflow%2CDuda%2CTilda%2CNext.js%2CNuxt.js%2CAstro%2CGatsby%2CHugo%2CJekyll%2CEleventy%2CVercel%2CNetlify%2CGitHub+Pages%2CFramer+Sites%2CLovable%2CBase44&geo=ALL&rank=ALL&start=2020-01-01&end=2026-05-01,2026-06-15T22:17:28.655795Z
2024-02-01,Squarespace,CMS/ecommerce/builder,Hosted website builder,#64748b,93045,100332,193377,ALL,ALL,HTTP Archive Technology Report API adoption endpoint,https://cdn.httparchive.org/v1/adoption?technology=ALL%2CWordPress%2CShopify%2CWix%2CSquarespace%2CWebflow%2CDuda%2CTilda%2CNext.js%2CNuxt.js%2CAstro%2CGatsby%2CHugo%2CJekyll%2CEleventy%2CVercel%2CNetlify%2CGitHub+Pages%2CFramer+Sites%2CLovable%2CBase44&geo=ALL&rank=ALL&start=2020-01-01&end=2026-05-01,2026-06-15T22:17:28.655795Z
2024-02-01,Tilda,CMS/ecommerce/builder,Hosted website builder,#a855f7,14783,51347,66130,ALL,ALL,HTTP Archive Technology Report API adoption endpoint,https://cdn.httparchive.org/v1/adoption?technology=ALL%2CWordPress%2CShopify%2CWix%2CSquarespace%2CWebflow%2CDuda%2CTilda%2CNext.js%2CNuxt.js%2CAstro%2CGatsby%2CHugo%2CJekyll%2CEleventy%2CVercel%2CNetlify%2CGitHub+Pages%2CFramer+Sites%2CLovable%2CBase44&geo=ALL&rank=ALL&start=2020-01-01&end=2026-05-01,2026-06-15T22:17:28.655795Z
2024-02-01,Vercel,Deployment surface,Frontend cloud/PaaS often paired with Next.js,#000000,38167,39750,77917,ALL,ALL,HTTP Archive Technology Report API adoption endpoint,https://cdn.httparchive.org/v1/adoption?technology=ALL%2CWordPress%2CShopify%2CWix%2CSquarespace%2CWebflow%2CDuda%2CTilda%2CNext.js%2CNuxt.js%2CAstro%2CGatsby%2CHugo%2CJekyll%2CEleventy%2CVercel%2CNetlify%2CGitHub+Pages%2CFramer+Sites%2CLovable%2CBase44&geo=ALL&rank=ALL&start=2020-01-01&end=2026-05-01,2026-06-15T22:17:28.655795Z
2024-02-01,Webflow,CMS/ecommerce/builder,Visual website builder/CMS,#0891b2,53171,53330,106501,ALL,ALL,HTTP Archive Technology Report API adoption endpoint,https://cdn.httparchive.org/v1/adoption?technology=ALL%2CWordPress%2CShopify%2CWix%2CSquarespace%2CWebflow%2CDuda%2CTilda%2CNext.js%2CNuxt.js%2CAstro%2CGatsby%2CHugo%2CJekyll%2CEleventy%2CVercel%2CNetlify%2CGitHub+Pages%2CFramer+Sites%2CLovable%2CBase44&geo=ALL&rank=ALL&start=2020-01-01&end=2026-05-01,2026-06-15T22:17:28.655795Z
2024-02-01,Wix,CMS/ecommerce/builder,Hosted website builder,#f59e0b,97423,215248,312671,ALL,ALL,HTTP Archive Technology Report API adoption endpoint,https://cdn.httparchive.org/v1/adoption?technology=ALL%2CWordPress%2CShopify%2CWix%2CSquarespace%2CWebflow%2CDuda%2CTilda%2CNext.js%2CNuxt.js%2CAstro%2CGatsby%2CHugo%2CJekyll%2CEleventy%2CVercel%2CNetlify%2CGitHub+Pages%2CFramer+Sites%2CLovable%2CBase44&geo=ALL&rank=ALL&start=2020-01-01&end=2026-05-01,2026-06-15T22:17:28.655795Z
2024-02-01,WordPress,CMS/ecommerce/builder,Open-source CMS,#2563eb,2237377,3358631,5596008,ALL,ALL,HTTP Archive Technology Report API adoption endpoint,https://cdn.httparchive.org/v1/adoption?technology=ALL%2CWordPress%2CShopify%2CWix%2CSquarespace%2CWebflow%2CDuda%2CTilda%2CNext.js%2CNuxt.js%2CAstro%2CGatsby%2CHugo%2CJekyll%2CEleventy%2CVercel%2CNetlify%2CGitHub+Pages%2CFramer+Sites%2CLovable%2CBase44&geo=ALL&rank=ALL&start=2020-01-01&end=2026-05-01,2026-06-15T22:17:28.655795Z
2024-03-01,ALL,All origins,All HTTP Archive crawl origins,#0f172a,6616349,9511401,16127750,ALL,ALL,HTTP Archive Technology Report API adoption endpoint,https://cdn.httparchive.org/v1/adoption?technology=ALL%2CWordPress%2CShopify%2CWix%2CSquarespace%2CWebflow%2CDuda%2CTilda%2CNext.js%2CNuxt.js%2CAstro%2CGatsby%2CHugo%2CJekyll%2CEleventy%2CVercel%2CNetlify%2CGitHub+Pages%2CFramer+Sites%2CLovable%2CBase44&geo=ALL&rank=ALL&start=2020-01-01&end=2026-05-01,2026-06-15T22:17:28.655795Z
2024-03-01,Astro,Static/app framework,Static site generator/app framework,#fb7185,3711,5462,9173,ALL,ALL,HTTP Archive Technology Report API adoption endpoint,https://cdn.httparchive.org/v1/adoption?technology=ALL%2CWordPress%2CShopify%2CWix%2CSquarespace%2CWebflow%2CDuda%2CTilda%2CNext.js%2CNuxt.js%2CAstro%2CGatsby%2CHugo%2CJekyll%2CEleventy%2CVercel%2CNetlify%2CGitHub+Pages%2CFramer+Sites%2CLovable%2CBase44&geo=ALL&rank=ALL&start=2020-01-01&end=2026-05-01,2026-06-15T22:17:28.655795Z
2024-03-01,Duda,CMS/ecommerce/builder,Hosted website builder,#dc2626,16498,43263,59761,ALL,ALL,HTTP Archive Technology Report API adoption endpoint,https://cdn.httparchive.org/v1/adoption?technology=ALL%2CWordPress%2CShopify%2CWix%2CSquarespace%2CWebflow%2CDuda%2CTilda%2CNext.js%2CNuxt.js%2CAstro%2CGatsby%2CHugo%2CJekyll%2CEleventy%2CVercel%2CNetlify%2CGitHub+Pages%2CFramer+Sites%2CLovable%2CBase44&geo=ALL&rank=ALL&start=2020-01-01&end=2026-05-01,2026-06-15T22:17:28.655795Z
2024-03-01,Eleventy,Static/app framework,Static site generator,#222222,130,112,242,ALL,ALL,HTTP Archive Technology Report API adoption endpoint,https://cdn.httparchive.org/v1/adoption?technology=ALL%2CWordPress%2CShopify%2CWix%2CSquarespace%2CWebflow%2CDuda%2CTilda%2CNext.js%2CNuxt.js%2CAstro%2CGatsby%2CHugo%2CJekyll%2CEleventy%2CVercel%2CNetlify%2CGitHub+Pages%2CFramer+Sites%2CLovable%2CBase44&geo=ALL&rank=ALL&start=2020-01-01&end=2026-05-01,2026-06-15T22:17:28.655795Z
2024-03-01,Framer Sites,AI-era builder signal,Visual site builder with AI-assisted creation features,#0055ff,3034,2267,5301,ALL,ALL,HTTP Archive Technology Report API adoption endpoint,https://cdn.httparchive.org/v1/adoption?technology=ALL%2CWordPress%2CShopify%2CWix%2CSquarespace%2CWebflow%2CDuda%2CTilda%2CNext.js%2CNuxt.js%2CAstro%2CGatsby%2CHugo%2CJekyll%2CEleventy%2CVercel%2CNetlify%2CGitHub+Pages%2CFramer+Sites%2CLovable%2CBase44&geo=ALL&rank=ALL&start=2020-01-01&end=2026-05-01,2026-06-15T22:17:28.655795Z
2024-03-01,Gatsby,Static/app framework,React static site generator,#663399,13464,17485,30949,ALL,ALL,HTTP Archive Technology Report API adoption endpoint,https://cdn.httparchive.org/v1/adoption?technology=ALL%2CWordPress%2CShopify%2CWix%2CSquarespace%2CWebflow%2CDuda%2CTilda%2CNext.js%2CNuxt.js%2CAstro%2CGatsby%2CHugo%2CJekyll%2CEleventy%2CVercel%2CNetlify%2CGitHub+Pages%2CFramer+Sites%2CLovable%2CBase44&geo=ALL&rank=ALL&start=2020-01-01&end=2026-05-01,2026-06-15T22:17:28.655795Z
2024-03-01,GitHub Pages,Deployment surface,Static hosting platform,#6e7781,23341,12412,35753,ALL,ALL,HTTP Archive Technology Report API adoption endpoint,https://cdn.httparchive.org/v1/adoption?technology=ALL%2CWordPress%2CShopify%2CWix%2CSquarespace%2CWebflow%2CDuda%2CTilda%2CNext.js%2CNuxt.js%2CAstro%2CGatsby%2CHugo%2CJekyll%2CEleventy%2CVercel%2CNetlify%2CGitHub+Pages%2CFramer+Sites%2CLovable%2CBase44&geo=ALL&rank=ALL&start=2020-01-01&end=2026-05-01,2026-06-15T22:17:28.655795Z
2024-03-01,Hugo,Static/app framework,Static site generator,#ff4088,7712,7083,14795,ALL,ALL,HTTP Archive Technology Report API adoption endpoint,https://cdn.httparchive.org/v1/adoption?technology=ALL%2CWordPress%2CShopify%2CWix%2CSquarespace%2CWebflow%2CDuda%2CTilda%2CNext.js%2CNuxt.js%2CAstro%2CGatsby%2CHugo%2CJekyll%2CEleventy%2CVercel%2CNetlify%2CGitHub+Pages%2CFramer+Sites%2CLovable%2CBase44&geo=ALL&rank=ALL&start=2020-01-01&end=2026-05-01,2026-06-15T22:17:28.655795Z
2024-03-01,Jekyll,Static/app framework,Static site generator,#cc0000,5160,2986,8146,ALL,ALL,HTTP Archive Technology Report API adoption endpoint,https://cdn.httparchive.org/v1/adoption?technology=ALL%2CWordPress%2CShopify%2CWix%2CSquarespace%2CWebflow%2CDuda%2CTilda%2CNext.js%2CNuxt.js%2CAstro%2CGatsby%2CHugo%2CJekyll%2CEleventy%2CVercel%2CNetlify%2CGitHub+Pages%2CFramer+Sites%2CLovable%2CBase44&geo=ALL&rank=ALL&start=2020-01-01&end=2026-05-01,2026-06-15T22:17:28.655795Z
2024-03-01,Netlify,Deployment surface,Static/app deployment platform,#00ad9f,24184,26509,50693,ALL,ALL,HTTP Archive Technology Report API adoption endpoint,https://cdn.httparchive.org/v1/adoption?technology=ALL%2CWordPress%2CShopify%2CWix%2CSquarespace%2CWebflow%2CDuda%2CTilda%2CNext.js%2CNuxt.js%2CAstro%2CGatsby%2CHugo%2CJekyll%2CEleventy%2CVercel%2CNetlify%2CGitHub+Pages%2CFramer+Sites%2CLovable%2CBase44&geo=ALL&rank=ALL&start=2020-01-01&end=2026-05-01,2026-06-15T22:17:28.655795Z
2024-03-01,Next.js,Static/app framework,React app framework and static/hybrid generator,#111827,113591,146231,259822,ALL,ALL,HTTP Archive Technology Report API adoption endpoint,https://cdn.httparchive.org/v1/adoption?technology=ALL%2CWordPress%2CShopify%2CWix%2CSquarespace%2CWebflow%2CDuda%2CTilda%2CNext.js%2CNuxt.js%2CAstro%2CGatsby%2CHugo%2CJekyll%2CEleventy%2CVercel%2CNetlify%2CGitHub+Pages%2CFramer+Sites%2CLovable%2CBase44&geo=ALL&rank=ALL&start=2020-01-01&end=2026-05-01,2026-06-15T22:17:28.655795Z
2024-03-01,Nuxt.js,Static/app framework,Vue app framework and static/hybrid generator,#00dc82,47324,62393,109717,ALL,ALL,HTTP Archive Technology Report API adoption endpoint,https://cdn.httparchive.org/v1/adoption?technology=ALL%2CWordPress%2CShopify%2CWix%2CSquarespace%2CWebflow%2CDuda%2CTilda%2CNext.js%2CNuxt.js%2CAstro%2CGatsby%2CHugo%2CJekyll%2CEleventy%2CVercel%2CNetlify%2CGitHub+Pages%2CFramer+Sites%2CLovable%2CBase44&geo=ALL&rank=ALL&start=2020-01-01&end=2026-05-01,2026-06-15T22:17:28.655795Z
2024-03-01,Shopify,CMS/ecommerce/builder,Hosted ecommerce,#16a34a,266870,341184,608054,ALL,ALL,HTTP Archive Technology Report API adoption endpoint,https://cdn.httparchive.org/v1/adoption?technology=ALL%2CWordPress%2CShopify%2CWix%2CSquarespace%2CWebflow%2CDuda%2CTilda%2CNext.js%2CNuxt.js%2CAstro%2CGatsby%2CHugo%2CJekyll%2CEleventy%2CVercel%2CNetlify%2CGitHub+Pages%2CFramer+Sites%2CLovable%2CBase44&geo=ALL&rank=ALL&start=2020-01-01&end=2026-05-01,2026-06-15T22:17:28.655795Z
2024-03-01,Squarespace,CMS/ecommerce/builder,Hosted website builder,#64748b,91134,99966,191100,ALL,ALL,HTTP Archive Technology Report API adoption endpoint,https://cdn.httparchive.org/v1/adoption?technology=ALL%2CWordPress%2CShopify%2CWix%2CSquarespace%2CWebflow%2CDuda%2CTilda%2CNext.js%2CNuxt.js%2CAstro%2CGatsby%2CHugo%2CJekyll%2CEleventy%2CVercel%2CNetlify%2CGitHub+Pages%2CFramer+Sites%2CLovable%2CBase44&geo=ALL&rank=ALL&start=2020-01-01&end=2026-05-01,2026-06-15T22:17:28.655795Z
2024-03-01,Tilda,CMS/ecommerce/builder,Hosted website builder,#a855f7,14586,51774,66360,ALL,ALL,HTTP Archive Technology Report API adoption endpoint,https://cdn.httparchive.org/v1/adoption?technology=ALL%2CWordPress%2CShopify%2CWix%2CSquarespace%2CWebflow%2CDuda%2CTilda%2CNext.js%2CNuxt.js%2CAstro%2CGatsby%2CHugo%2CJekyll%2CEleventy%2CVercel%2CNetlify%2CGitHub+Pages%2CFramer+Sites%2CLovable%2CBase44&geo=ALL&rank=ALL&start=2020-01-01&end=2026-05-01,2026-06-15T22:17:28.655795Z
2024-03-01,Vercel,Deployment surface,Frontend cloud/PaaS often paired with Next.js,#000000,39535,41304,80839,ALL,ALL,HTTP Archive Technology Report API adoption endpoint,https://cdn.httparchive.org/v1/adoption?technology=ALL%2CWordPress%2CShopify%2CWix%2CSquarespace%2CWebflow%2CDuda%2CTilda%2CNext.js%2CNuxt.js%2CAstro%2CGatsby%2CHugo%2CJekyll%2CEleventy%2CVercel%2CNetlify%2CGitHub+Pages%2CFramer+Sites%2CLovable%2CBase44&geo=ALL&rank=ALL&start=2020-01-01&end=2026-05-01,2026-06-15T22:17:28.655795Z
2024-03-01,Webflow,CMS/ecommerce/builder,Visual website builder/CMS,#0891b2,53713,54094,107807,ALL,ALL,HTTP Archive Technology Report API adoption endpoint,https://cdn.httparchive.org/v1/adoption?technology=ALL%2CWordPress%2CShopify%2CWix%2CSquarespace%2CWebflow%2CDuda%2CTilda%2CNext.js%2CNuxt.js%2CAstro%2CGatsby%2CHugo%2CJekyll%2CEleventy%2CVercel%2CNetlify%2CGitHub+Pages%2CFramer+Sites%2CLovable%2CBase44&geo=ALL&rank=ALL&start=2020-01-01&end=2026-05-01,2026-06-15T22:17:28.655795Z
2024-03-01,Wix,CMS/ecommerce/builder,Hosted website builder,#f59e0b,96252,215226,311478,ALL,ALL,HTTP Archive Technology Report API adoption endpoint,https://cdn.httparchive.org/v1/adoption?technology=ALL%2CWordPress%2CShopify%2CWix%2CSquarespace%2CWebflow%2CDuda%2CTilda%2CNext.js%2CNuxt.js%2CAstro%2CGatsby%2CHugo%2CJekyll%2CEleventy%2CVercel%2CNetlify%2CGitHub+Pages%2CFramer+Sites%2CLovable%2CBase44&geo=ALL&rank=ALL&start=2020-01-01&end=2026-05-01,2026-06-15T22:17:28.655795Z
2024-03-01,WordPress,CMS/ecommerce/builder,Open-source CMS,#2563eb,2206432,3322280,5528712,ALL,ALL,HTTP Archive Technology Report API adoption endpoint,https://cdn.httparchive.org/v1/adoption?technology=ALL%2CWordPress%2CShopify%2CWix%2CSquarespace%2CWebflow%2CDuda%2CTilda%2CNext.js%2CNuxt.js%2CAstro%2CGatsby%2CHugo%2CJekyll%2CEleventy%2CVercel%2CNetlify%2CGitHub+Pages%2CFramer+Sites%2CLovable%2CBase44&geo=ALL&rank=ALL&start=2020-01-01&end=2026-05-01,2026-06-15T22:17:28.655795Z
2024-04-01,ALL,All origins,All HTTP Archive crawl origins,#0f172a,6598132,9565611,16163743,ALL,ALL,HTTP Archive Technology Report API adoption endpoint,https://cdn.httparchive.org/v1/adoption?technology=ALL%2CWordPress%2CShopify%2CWix%2CSquarespace%2CWebflow%2CDuda%2CTilda%2CNext.js%2CNuxt.js%2CAstro%2CGatsby%2CHugo%2CJekyll%2CEleventy%2CVercel%2CNetlify%2CGitHub+Pages%2CFramer+Sites%2CLovable%2CBase44&geo=ALL&rank=ALL&start=2020-01-01&end=2026-05-01,2026-06-15T22:17:28.655795Z
2024-04-01,Astro,Static/app framework,Static site generator/app framework,#fb7185,4111,6230,10341,ALL,ALL,HTTP Archive Technology Report API adoption endpoint,https://cdn.httparchive.org/v1/adoption?technology=ALL%2CWordPress%2CShopify%2CWix%2CSquarespace%2CWebflow%2CDuda%2CTilda%2CNext.js%2CNuxt.js%2CAstro%2CGatsby%2CHugo%2CJekyll%2CEleventy%2CVercel%2CNetlify%2CGitHub+Pages%2CFramer+Sites%2CLovable%2CBase44&geo=ALL&rank=ALL&start=2020-01-01&end=2026-05-01,2026-06-15T22:17:28.655795Z
2024-04-01,Duda,CMS/ecommerce/builder,Hosted website builder,#dc2626,16851,44359,61210,ALL,ALL,HTTP Archive Technology Report API adoption endpoint,https://cdn.httparchive.org/v1/adoption?technology=ALL%2CWordPress%2CShopify%2CWix%2CSquarespace%2CWebflow%2CDuda%2CTilda%2CNext.js%2CNuxt.js%2CAstro%2CGatsby%2CHugo%2CJekyll%2CEleventy%2CVercel%2CNetlify%2CGitHub+Pages%2CFramer+Sites%2CLovable%2CBase44&geo=ALL&rank=ALL&start=2020-01-01&end=2026-05-01,2026-06-15T22:17:28.655795Z
2024-04-01,Eleventy,Static/app framework,Static site generator,#222222,122,100,222,ALL,ALL,HTTP Archive Technology Report API adoption endpoint,https://cdn.httparchive.org/v1/adoption?technology=ALL%2CWordPress%2CShopify%2CWix%2CSquarespace%2CWebflow%2CDuda%2CTilda%2CNext.js%2CNuxt.js%2CAstro%2CGatsby%2CHugo%2CJekyll%2CEleventy%2CVercel%2CNetlify%2CGitHub+Pages%2CFramer+Sites%2CLovable%2CBase44&geo=ALL&rank=ALL&start=2020-01-01&end=2026-05-01,2026-06-15T22:17:28.655795Z
2024-04-01,Framer Sites,AI-era builder signal,Visual site builder with AI-assisted creation features,#0055ff,3390,2565,5955,ALL,ALL,HTTP Archive Technology Report API adoption endpoint,https://cdn.httparchive.org/v1/adoption?technology=ALL%2CWordPress%2CShopify%2CWix%2CSquarespace%2CWebflow%2CDuda%2CTilda%2CNext.js%2CNuxt.js%2CAstro%2CGatsby%2CHugo%2CJekyll%2CEleventy%2CVercel%2CNetlify%2CGitHub+Pages%2CFramer+Sites%2CLovable%2CBase44&geo=ALL&rank=ALL&start=2020-01-01&end=2026-05-01,2026-06-15T22:17:28.655795Z
2024-04-01,Gatsby,Static/app framework,React static site generator,#663399,13330,15263,28593,ALL,ALL,HTTP Archive Technology Report API adoption endpoint,https://cdn.httparchive.org/v1/adoption?technology=ALL%2CWordPress%2CShopify%2CWix%2CSquarespace%2CWebflow%2CDuda%2CTilda%2CNext.js%2CNuxt.js%2CAstro%2CGatsby%2CHugo%2CJekyll%2CEleventy%2CVercel%2CNetlify%2CGitHub+Pages%2CFramer+Sites%2CLovable%2CBase44&geo=ALL&rank=ALL&start=2020-01-01&end=2026-05-01,2026-06-15T22:17:28.655795Z
2024-04-01,GitHub Pages,Deployment surface,Static hosting platform,#6e7781,23853,12444,36297,ALL,ALL,HTTP Archive Technology Report API adoption endpoint,https://cdn.httparchive.org/v1/adoption?technology=ALL%2CWordPress%2CShopify%2CWix%2CSquarespace%2CWebflow%2CDuda%2CTilda%2CNext.js%2CNuxt.js%2CAstro%2CGatsby%2CHugo%2CJekyll%2CEleventy%2CVercel%2CNetlify%2CGitHub+Pages%2CFramer+Sites%2CLovable%2CBase44&geo=ALL&rank=ALL&start=2020-01-01&end=2026-05-01,2026-06-15T22:17:28.655795Z
2024-04-01,Hugo,Static/app framework,Static site generator,#ff4088,7701,6615,14316,ALL,ALL,HTTP Archive Technology Report API adoption endpoint,https://cdn.httparchive.org/v1/adoption?technology=ALL%2CWordPress%2CShopify%2CWix%2CSquarespace%2CWebflow%2CDuda%2CTilda%2CNext.js%2CNuxt.js%2CAstro%2CGatsby%2CHugo%2CJekyll%2CEleventy%2CVercel%2CNetlify%2CGitHub+Pages%2CFramer+Sites%2CLovable%2CBase44&geo=ALL&rank=ALL&start=2020-01-01&end=2026-05-01,2026-06-15T22:17:28.655795Z
2024-04-01,Jekyll,Static/app framework,Static site generator,#cc0000,5205,2956,8161,ALL,ALL,HTTP Archive Technology Report API adoption endpoint,https://cdn.httparchive.org/v1/adoption?technology=ALL%2CWordPress%2CShopify%2CWix%2CSquarespace%2CWebflow%2CDuda%2CTilda%2CNext.js%2CNuxt.js%2CAstro%2CGatsby%2CHugo%2CJekyll%2CEleventy%2CVercel%2CNetlify%2CGitHub+Pages%2CFramer+Sites%2CLovable%2CBase44&geo=ALL&rank=ALL&start=2020-01-01&end=2026-05-01,2026-06-15T22:17:28.655795Z
2024-04-01,Netlify,Deployment surface,Static/app deployment platform,#00ad9f,24271,26719,50990,ALL,ALL,HTTP Archive Technology Report API adoption endpoint,https://cdn.httparchive.org/v1/adoption?technology=ALL%2CWordPress%2CShopify%2CWix%2CSquarespace%2CWebflow%2CDuda%2CTilda%2CNext.js%2CNuxt.js%2CAstro%2CGatsby%2CHugo%2CJekyll%2CEleventy%2CVercel%2CNetlify%2CGitHub+Pages%2CFramer+Sites%2CLovable%2CBase44&geo=ALL&rank=ALL&start=2020-01-01&end=2026-05-01,2026-06-15T22:17:28.655795Z
2024-04-01,Next.js,Static/app framework,React app framework and static/hybrid generator,#111827,115663,150051,265714,ALL,ALL,HTTP Archive Technology Report API adoption endpoint,https://cdn.httparchive.org/v1/adoption?technology=ALL%2CWordPress%2CShopify%2CWix%2CSquarespace%2CWebflow%2CDuda%2CTilda%2CNext.js%2CNuxt.js%2CAstro%2CGatsby%2CHugo%2CJekyll%2CEleventy%2CVercel%2CNetlify%2CGitHub+Pages%2CFramer+Sites%2CLovable%2CBase44&geo=ALL&rank=ALL&start=2020-01-01&end=2026-05-01,2026-06-15T22:17:28.655795Z
2024-04-01,Nuxt.js,Static/app framework,Vue app framework and static/hybrid generator,#00dc82,48024,64038,112062,ALL,ALL,HTTP Archive Technology Report API adoption endpoint,https://cdn.httparchive.org/v1/adoption?technology=ALL%2CWordPress%2CShopify%2CWix%2CSquarespace%2CWebflow%2CDuda%2CTilda%2CNext.js%2CNuxt.js%2CAstro%2CGatsby%2CHugo%2CJekyll%2CEleventy%2CVercel%2CNetlify%2CGitHub+Pages%2CFramer+Sites%2CLovable%2CBase44&geo=ALL&rank=ALL&start=2020-01-01&end=2026-05-01,2026-06-15T22:17:28.655795Z
2024-04-01,Shopify,CMS/ecommerce/builder,Hosted ecommerce,#16a34a,269117,348374,617491,ALL,ALL,HTTP Archive Technology Report API adoption endpoint,https://cdn.httparchive.org/v1/adoption?technology=ALL%2CWordPress%2CShopify%2CWix%2CSquarespace%2CWebflow%2CDuda%2CTilda%2CNext.js%2CNuxt.js%2CAstro%2CGatsby%2CHugo%2CJekyll%2CEleventy%2CVercel%2CNetlify%2CGitHub+Pages%2CFramer+Sites%2CLovable%2CBase44&geo=ALL&rank=ALL&start=2020-01-01&end=2026-05-01,2026-06-15T22:17:28.655795Z
2024-04-01,Squarespace,CMS/ecommerce/builder,Hosted website builder,#64748b,92007,101953,193960,ALL,ALL,HTTP Archive Technology Report API adoption endpoint,https://cdn.httparchive.org/v1/adoption?technology=ALL%2CWordPress%2CShopify%2CWix%2CSquarespace%2CWebflow%2CDuda%2CTilda%2CNext.js%2CNuxt.js%2CAstro%2CGatsby%2CHugo%2CJekyll%2CEleventy%2CVercel%2CNetlify%2CGitHub+Pages%2CFramer+Sites%2CLovable%2CBase44&geo=ALL&rank=ALL&start=2020-01-01&end=2026-05-01,2026-06-15T22:17:28.655795Z
2024-04-01,Tilda,CMS/ecommerce/builder,Hosted website builder,#a855f7,14240,52962,67202,ALL,ALL,HTTP Archive Technology Report API adoption endpoint,https://cdn.httparchive.org/v1/adoption?technology=ALL%2CWordPress%2CShopify%2CWix%2CSquarespace%2CWebflow%2CDuda%2CTilda%2CNext.js%2CNuxt.js%2CAstro%2CGatsby%2CHugo%2CJekyll%2CEleventy%2CVercel%2CNetlify%2CGitHub+Pages%2CFramer+Sites%2CLovable%2CBase44&geo=ALL&rank=ALL&start=2020-01-01&end=2026-05-01,2026-06-15T22:17:28.655795Z
2024-04-01,Vercel,Deployment surface,Frontend cloud/PaaS often paired with Next.js,#000000,40491,42581,83072,ALL,ALL,HTTP Archive Technology Report API adoption endpoint,https://cdn.httparchive.org/v1/adoption?technology=ALL%2CWordPress%2CShopify%2CWix%2CSquarespace%2CWebflow%2CDuda%2CTilda%2CNext.js%2CNuxt.js%2CAstro%2CGatsby%2CHugo%2CJekyll%2CEleventy%2CVercel%2CNetlify%2CGitHub+Pages%2CFramer+Sites%2CLovable%2CBase44&geo=ALL&rank=ALL&start=2020-01-01&end=2026-05-01,2026-06-15T22:17:28.655795Z
2024-04-01,Webflow,CMS/ecommerce/builder,Visual website builder/CMS,#0891b2,54298,55346,109644,ALL,ALL,HTTP Archive Technology Report API adoption endpoint,https://cdn.httparchive.org/v1/adoption?technology=ALL%2CWordPress%2CShopify%2CWix%2CSquarespace%2CWebflow%2CDuda%2CTilda%2CNext.js%2CNuxt.js%2CAstro%2CGatsby%2CHugo%2CJekyll%2CEleventy%2CVercel%2CNetlify%2CGitHub+Pages%2CFramer+Sites%2CLovable%2CBase44&geo=ALL&rank=ALL&start=2020-01-01&end=2026-05-01,2026-06-15T22:17:28.655795Z
2024-04-01,Wix,CMS/ecommerce/builder,Hosted website builder,#f59e0b,96494,218202,314696,ALL,ALL,HTTP Archive Technology Report API adoption endpoint,https://cdn.httparchive.org/v1/adoption?technology=ALL%2CWordPress%2CShopify%2CWix%2CSquarespace%2CWebflow%2CDuda%2CTilda%2CNext.js%2CNuxt.js%2CAstro%2CGatsby%2CHugo%2CJekyll%2CEleventy%2CVercel%2CNetlify%2CGitHub+Pages%2CFramer+Sites%2CLovable%2CBase44&geo=ALL&rank=ALL&start=2020-01-01&end=2026-05-01,2026-06-15T22:17:28.655795Z
2024-04-01,WordPress,CMS/ecommerce/builder,Open-source CMS,#2563eb,2197382,3342866,5540248,ALL,ALL,HTTP Archive Technology Report API adoption endpoint,https://cdn.httparchive.org/v1/adoption?technology=ALL%2CWordPress%2CShopify%2CWix%2CSquarespace%2CWebflow%2CDuda%2CTilda%2CNext.js%2CNuxt.js%2CAstro%2CGatsby%2CHugo%2CJekyll%2CEleventy%2CVercel%2CNetlify%2CGitHub+Pages%2CFramer+Sites%2CLovable%2CBase44&geo=ALL&rank=ALL&start=2020-01-01&end=2026-05-01,2026-06-15T22:17:28.655795Z
2024-05-01,ALL,All origins,All HTTP Archive crawl origins,#0f172a,6487173,9511917,15999090,ALL,ALL,HTTP Archive Technology Report API adoption endpoint,https://cdn.httparchive.org/v1/adoption?technology=ALL%2CWordPress%2CShopify%2CWix%2CSquarespace%2CWebflow%2CDuda%2CTilda%2CNext.js%2CNuxt.js%2CAstro%2CGatsby%2CHugo%2CJekyll%2CEleventy%2CVercel%2CNetlify%2CGitHub+Pages%2CFramer+Sites%2CLovable%2CBase44&geo=ALL&rank=ALL&start=2020-01-01&end=2026-05-01,2026-06-15T22:17:28.655795Z
2024-05-01,Astro,Static/app framework,Static site generator/app framework,#fb7185,4393,6850,11243,ALL,ALL,HTTP Archive Technology Report API adoption endpoint,https://cdn.httparchive.org/v1/adoption?technology=ALL%2CWordPress%2CShopify%2CWix%2CSquarespace%2CWebflow%2CDuda%2CTilda%2CNext.js%2CNuxt.js%2CAstro%2CGatsby%2CHugo%2CJekyll%2CEleventy%2CVercel%2CNetlify%2CGitHub+Pages%2CFramer+Sites%2CLovable%2CBase44&geo=ALL&rank=ALL&start=2020-01-01&end=2026-05-01,2026-06-15T22:17:28.655795Z
2024-05-01,Duda,CMS/ecommerce/builder,Hosted website builder,#dc2626,16408,44866,61274,ALL,ALL,HTTP Archive Technology Report API adoption endpoint,https://cdn.httparchive.org/v1/adoption?technology=ALL%2CWordPress%2CShopify%2CWix%2CSquarespace%2CWebflow%2CDuda%2CTilda%2CNext.js%2CNuxt.js%2CAstro%2CGatsby%2CHugo%2CJekyll%2CEleventy%2CVercel%2CNetlify%2CGitHub+Pages%2CFramer+Sites%2CLovable%2CBase44&geo=ALL&rank=ALL&start=2020-01-01&end=2026-05-01,2026-06-15T22:17:28.655795Z
2024-05-01,Eleventy,Static/app framework,Static site generator,#222222,127,105,232,ALL,ALL,HTTP Archive Technology Report API adoption endpoint,https://cdn.httparchive.org/v1/adoption?technology=ALL%2CWordPress%2CShopify%2CWix%2CSquarespace%2CWebflow%2CDuda%2CTilda%2CNext.js%2CNuxt.js%2CAstro%2CGatsby%2CHugo%2CJekyll%2CEleventy%2CVercel%2CNetlify%2CGitHub+Pages%2CFramer+Sites%2CLovable%2CBase44&geo=ALL&rank=ALL&start=2020-01-01&end=2026-05-01,2026-06-15T22:17:28.655795Z
2024-05-01,Framer Sites,AI-era builder signal,Visual site builder with AI-assisted creation features,#0055ff,3568,2779,6347,ALL,ALL,HTTP Archive Technology Report API adoption endpoint,https://cdn.httparchive.org/v1/adoption?technology=ALL%2CWordPress%2CShopify%2CWix%2CSquarespace%2CWebflow%2CDuda%2CTilda%2CNext.js%2CNuxt.js%2CAstro%2CGatsby%2CHugo%2CJekyll%2CEleventy%2CVercel%2CNetlify%2CGitHub+Pages%2CFramer+Sites%2CLovable%2CBase44&geo=ALL&rank=ALL&start=2020-01-01&end=2026-05-01,2026-06-15T22:17:28.655795Z
2024-05-01,Gatsby,Static/app framework,React static site generator,#663399,12922,15020,27942,ALL,ALL,HTTP Archive Technology Report API adoption endpoint,https://cdn.httparchive.org/v1/adoption?technology=ALL%2CWordPress%2CShopify%2CWix%2CSquarespace%2CWebflow%2CDuda%2CTilda%2CNext.js%2CNuxt.js%2CAstro%2CGatsby%2CHugo%2CJekyll%2CEleventy%2CVercel%2CNetlify%2CGitHub+Pages%2CFramer+Sites%2CLovable%2CBase44&geo=ALL&rank=ALL&start=2020-01-01&end=2026-05-01,2026-06-15T22:17:28.655795Z
2024-05-01,GitHub Pages,Deployment surface,Static hosting platform,#6e7781,22828,12359,35187,ALL,ALL,HTTP Archive Technology Report API adoption endpoint,https://cdn.httparchive.org/v1/adoption?technology=ALL%2CWordPress%2CShopify%2CWix%2CSquarespace%2CWebflow%2CDuda%2CTilda%2CNext.js%2CNuxt.js%2CAstro%2CGatsby%2CHugo%2CJekyll%2CEleventy%2CVercel%2CNetlify%2CGitHub+Pages%2CFramer+Sites%2CLovable%2CBase44&geo=ALL&rank=ALL&start=2020-01-01&end=2026-05-01,2026-06-15T22:17:28.655795Z
2024-05-01,Hugo,Static/app framework,Static site generator,#ff4088,7464,6804,14268,ALL,ALL,HTTP Archive Technology Report API adoption endpoint,https://cdn.httparchive.org/v1/adoption?technology=ALL%2CWordPress%2CShopify%2CWix%2CSquarespace%2CWebflow%2CDuda%2CTilda%2CNext.js%2CNuxt.js%2CAstro%2CGatsby%2CHugo%2CJekyll%2CEleventy%2CVercel%2CNetlify%2CGitHub+Pages%2CFramer+Sites%2CLovable%2CBase44&geo=ALL&rank=ALL&start=2020-01-01&end=2026-05-01,2026-06-15T22:17:28.655795Z
2024-05-01,Jekyll,Static/app framework,Static site generator,#cc0000,4813,2862,7675,ALL,ALL,HTTP Archive Technology Report API adoption endpoint,https://cdn.httparchive.org/v1/adoption?technology=ALL%2CWordPress%2CShopify%2CWix%2CSquarespace%2CWebflow%2CDuda%2CTilda%2CNext.js%2CNuxt.js%2CAstro%2CGatsby%2CHugo%2CJekyll%2CEleventy%2CVercel%2CNetlify%2CGitHub+Pages%2CFramer+Sites%2CLovable%2CBase44&geo=ALL&rank=ALL&start=2020-01-01&end=2026-05-01,2026-06-15T22:17:28.655795Z
2024-05-01,Netlify,Deployment surface,Static/app deployment platform,#00ad9f,23437,26530,49967,ALL,ALL,HTTP Archive Technology Report API adoption endpoint,https://cdn.httparchive.org/v1/adoption?technology=ALL%2CWordPress%2CShopify%2CWix%2CSquarespace%2CWebflow%2CDuda%2CTilda%2CNext.js%2CNuxt.js%2CAstro%2CGatsby%2CHugo%2CJekyll%2CEleventy%2CVercel%2CNetlify%2CGitHub+Pages%2CFramer+Sites%2CLovable%2CBase44&geo=ALL&rank=ALL&start=2020-01-01&end=2026-05-01,2026-06-15T22:17:28.655795Z
2024-05-01,Next.js,Static/app framework,React app framework and static/hybrid generator,#111827,117574,152812,270386,ALL,ALL,HTTP Archive Technology Report API adoption endpoint,https://cdn.httparchive.org/v1/adoption?technology=ALL%2CWordPress%2CShopify%2CWix%2CSquarespace%2CWebflow%2CDuda%2CTilda%2CNext.js%2CNuxt.js%2CAstro%2CGatsby%2CHugo%2CJekyll%2CEleventy%2CVercel%2CNetlify%2CGitHub+Pages%2CFramer+Sites%2CLovable%2CBase44&geo=ALL&rank=ALL&start=2020-01-01&end=2026-05-01,2026-06-15T22:17:28.655795Z
2024-05-01,Nuxt.js,Static/app framework,Vue app framework and static/hybrid generator,#00dc82,48339,64968,113307,ALL,ALL,HTTP Archive Technology Report API adoption endpoint,https://cdn.httparchive.org/v1/adoption?technology=ALL%2CWordPress%2CShopify%2CWix%2CSquarespace%2CWebflow%2CDuda%2CTilda%2CNext.js%2CNuxt.js%2CAstro%2CGatsby%2CHugo%2CJekyll%2CEleventy%2CVercel%2CNetlify%2CGitHub+Pages%2CFramer+Sites%2CLovable%2CBase44&geo=ALL&rank=ALL&start=2020-01-01&end=2026-05-01,2026-06-15T22:17:28.655795Z
2024-05-01,Shopify,CMS/ecommerce/builder,Hosted ecommerce,#16a34a,267945,348682,616627,ALL,ALL,HTTP Archive Technology Report API adoption endpoint,https://cdn.httparchive.org/v1/adoption?technology=ALL%2CWordPress%2CShopify%2CWix%2CSquarespace%2CWebflow%2CDuda%2CTilda%2CNext.js%2CNuxt.js%2CAstro%2CGatsby%2CHugo%2CJekyll%2CEleventy%2CVercel%2CNetlify%2CGitHub+Pages%2CFramer+Sites%2CLovable%2CBase44&geo=ALL&rank=ALL&start=2020-01-01&end=2026-05-01,2026-06-15T22:17:28.655795Z
2024-05-01,Squarespace,CMS/ecommerce/builder,Hosted website builder,#64748b,88164,101303,189467,ALL,ALL,HTTP Archive Technology Report API adoption endpoint,https://cdn.httparchive.org/v1/adoption?technology=ALL%2CWordPress%2CShopify%2CWix%2CSquarespace%2CWebflow%2CDuda%2CTilda%2CNext.js%2CNuxt.js%2CAstro%2CGatsby%2CHugo%2CJekyll%2CEleventy%2CVercel%2CNetlify%2CGitHub+Pages%2CFramer+Sites%2CLovable%2CBase44&geo=ALL&rank=ALL&start=2020-01-01&end=2026-05-01,2026-06-15T22:17:28.655795Z
2024-05-01,Tilda,CMS/ecommerce/builder,Hosted website builder,#a855f7,13930,53603,67533,ALL,ALL,HTTP Archive Technology Report API adoption endpoint,https://cdn.httparchive.org/v1/adoption?technology=ALL%2CWordPress%2CShopify%2CWix%2CSquarespace%2CWebflow%2CDuda%2CTilda%2CNext.js%2CNuxt.js%2CAstro%2CGatsby%2CHugo%2CJekyll%2CEleventy%2CVercel%2CNetlify%2CGitHub+Pages%2CFramer+Sites%2CLovable%2CBase44&geo=ALL&rank=ALL&start=2020-01-01&end=2026-05-01,2026-06-15T22:17:28.655795Z
2024-05-01,Vercel,Deployment surface,Frontend cloud/PaaS often paired with Next.js,#000000,40788,43526,84314,ALL,ALL,HTTP Archive Technology Report API adoption endpoint,https://cdn.httparchive.org/v1/adoption?technology=ALL%2CWordPress%2CShopify%2CWix%2CSquarespace%2CWebflow%2CDuda%2CTilda%2CNext.js%2CNuxt.js%2CAstro%2CGatsby%2CHugo%2CJekyll%2CEleventy%2CVercel%2CNetlify%2CGitHub+Pages%2CFramer+Sites%2CLovable%2CBase44&geo=ALL&rank=ALL&start=2020-01-01&end=2026-05-01,2026-06-15T22:17:28.655795Z
2024-05-01,Webflow,CMS/ecommerce/builder,Visual website builder/CMS,#0891b2,53763,55706,109469,ALL,ALL,HTTP Archive Technology Report API adoption endpoint,https://cdn.httparchive.org/v1/adoption?technology=ALL%2CWordPress%2CShopify%2CWix%2CSquarespace%2CWebflow%2CDuda%2CTilda%2CNext.js%2CNuxt.js%2CAstro%2CGatsby%2CHugo%2CJekyll%2CEleventy%2CVercel%2CNetlify%2CGitHub+Pages%2CFramer+Sites%2CLovable%2CBase44&geo=ALL&rank=ALL&start=2020-01-01&end=2026-05-01,2026-06-15T22:17:28.655795Z
2024-05-01,Wix,CMS/ecommerce/builder,Hosted website builder,#f59e0b,94837,219523,314360,ALL,ALL,HTTP Archive Technology Report API adoption endpoint,https://cdn.httparchive.org/v1/adoption?technology=ALL%2CWordPress%2CShopify%2CWix%2CSquarespace%2CWebflow%2CDuda%2CTilda%2CNext.js%2CNuxt.js%2CAstro%2CGatsby%2CHugo%2CJekyll%2CEleventy%2CVercel%2CNetlify%2CGitHub+Pages%2CFramer+Sites%2CLovable%2CBase44&geo=ALL&rank=ALL&start=2020-01-01&end=2026-05-01,2026-06-15T22:17:28.655795Z
2024-05-01,WordPress,CMS/ecommerce/builder,Open-source CMS,#2563eb,2155144,3323088,5478232,ALL,ALL,HTTP Archive Technology Report API adoption endpoint,https://cdn.httparchive.org/v1/adoption?technology=ALL%2CWordPress%2CShopify%2CWix%2CSquarespace%2CWebflow%2CDuda%2CTilda%2CNext.js%2CNuxt.js%2CAstro%2CGatsby%2CHugo%2CJekyll%2CEleventy%2CVercel%2CNetlify%2CGitHub+Pages%2CFramer+Sites%2CLovable%2CBase44&geo=ALL&rank=ALL&start=2020-01-01&end=2026-05-01,2026-06-15T22:17:28.655795Z
2024-06-01,ALL,All origins,All HTTP Archive crawl origins,#0f172a,6313364,9430144,15743508,ALL,ALL,HTTP Archive Technology Report API adoption endpoint,https://cdn.httparchive.org/v1/adoption?technology=ALL%2CWordPress%2CShopify%2CWix%2CSquarespace%2CWebflow%2CDuda%2CTilda%2CNext.js%2CNuxt.js%2CAstro%2CGatsby%2CHugo%2CJekyll%2CEleventy%2CVercel%2CNetlify%2CGitHub+Pages%2CFramer+Sites%2CLovable%2CBase44&geo=ALL&rank=ALL&start=2020-01-01&end=2026-05-01,2026-06-15T22:17:28.655795Z
2024-06-01,Astro,Static/app framework,Static site generator/app framework,#fb7185,4662,7416,12078,ALL,ALL,HTTP Archive Technology Report API adoption endpoint,https://cdn.httparchive.org/v1/adoption?technology=ALL%2CWordPress%2CShopify%2CWix%2CSquarespace%2CWebflow%2CDuda%2CTilda%2CNext.js%2CNuxt.js%2CAstro%2CGatsby%2CHugo%2CJekyll%2CEleventy%2CVercel%2CNetlify%2CGitHub+Pages%2CFramer+Sites%2CLovable%2CBase44&geo=ALL&rank=ALL&start=2020-01-01&end=2026-05-01,2026-06-15T22:17:28.655795Z
2024-06-01,Duda,CMS/ecommerce/builder,Hosted website builder,#dc2626,16202,44420,60622,ALL,ALL,HTTP Archive Technology Report API adoption endpoint,https://cdn.httparchive.org/v1/adoption?technology=ALL%2CWordPress%2CShopify%2CWix%2CSquarespace%2CWebflow%2CDuda%2CTilda%2CNext.js%2CNuxt.js%2CAstro%2CGatsby%2CHugo%2CJekyll%2CEleventy%2CVercel%2CNetlify%2CGitHub+Pages%2CFramer+Sites%2CLovable%2CBase44&geo=ALL&rank=ALL&start=2020-01-01&end=2026-05-01,2026-06-15T22:17:28.655795Z
2024-06-01,Eleventy,Static/app framework,Static site generator,#222222,137,113,250,ALL,ALL,HTTP Archive Technology Report API adoption endpoint,https://cdn.httparchive.org/v1/adoption?technology=ALL%2CWordPress%2CShopify%2CWix%2CSquarespace%2CWebflow%2CDuda%2CTilda%2CNext.js%2CNuxt.js%2CAstro%2CGatsby%2CHugo%2CJekyll%2CEleventy%2CVercel%2CNetlify%2CGitHub+Pages%2CFramer+Sites%2CLovable%2CBase44&geo=ALL&rank=ALL&start=2020-01-01&end=2026-05-01,2026-06-15T22:17:28.655795Z
2024-06-01,Framer Sites,AI-era builder signal,Visual site builder with AI-assisted creation features,#0055ff,3741,3016,6757,ALL,ALL,HTTP Archive Technology Report API adoption endpoint,https://cdn.httparchive.org/v1/adoption?technology=ALL%2CWordPress%2CShopify%2CWix%2CSquarespace%2CWebflow%2CDuda%2CTilda%2CNext.js%2CNuxt.js%2CAstro%2CGatsby%2CHugo%2CJekyll%2CEleventy%2CVercel%2CNetlify%2CGitHub+Pages%2CFramer+Sites%2CLovable%2CBase44&geo=ALL&rank=ALL&start=2020-01-01&end=2026-05-01,2026-06-15T22:17:28.655795Z
2024-06-01,Gatsby,Static/app framework,React static site generator,#663399,12745,14913,27658,ALL,ALL,HTTP Archive Technology Report API adoption endpoint,https://cdn.httparchive.org/v1/adoption?technology=ALL%2CWordPress%2CShopify%2CWix%2CSquarespace%2CWebflow%2CDuda%2CTilda%2CNext.js%2CNuxt.js%2CAstro%2CGatsby%2CHugo%2CJekyll%2CEleventy%2CVercel%2CNetlify%2CGitHub+Pages%2CFramer+Sites%2CLovable%2CBase44&geo=ALL&rank=ALL&start=2020-01-01&end=2026-05-01,2026-06-15T22:17:28.655795Z
2024-06-01,GitHub Pages,Deployment surface,Static hosting platform,#6e7781,21798,12175,33973,ALL,ALL,HTTP Archive Technology Report API adoption endpoint,https://cdn.httparchive.org/v1/adoption?technology=ALL%2CWordPress%2CShopify%2CWix%2CSquarespace%2CWebflow%2CDuda%2CTilda%2CNext.js%2CNuxt.js%2CAstro%2CGatsby%2CHugo%2CJekyll%2CEleventy%2CVercel%2CNetlify%2CGitHub+Pages%2CFramer+Sites%2CLovable%2CBase44&geo=ALL&rank=ALL&start=2020-01-01&end=2026-05-01,2026-06-15T22:17:28.655795Z
2024-06-01,Hugo,Static/app framework,Static site generator,#ff4088,7271,6607,13878,ALL,ALL,HTTP Archive Technology Report API adoption endpoint,https://cdn.httparchive.org/v1/adoption?technology=ALL%2CWordPress%2CShopify%2CWix%2CSquarespace%2CWebflow%2CDuda%2CTilda%2CNext.js%2CNuxt.js%2CAstro%2CGatsby%2CHugo%2CJekyll%2CEleventy%2CVercel%2CNetlify%2CGitHub+Pages%2CFramer+Sites%2CLovable%2CBase44&geo=ALL&rank=ALL&start=2020-01-01&end=2026-05-01,2026-06-15T22:17:28.655795Z
2024-06-01,Jekyll,Static/app framework,Static site generator,#cc0000,4601,2797,7398,ALL,ALL,HTTP Archive Technology Report API adoption endpoint,https://cdn.httparchive.org/v1/adoption?technology=ALL%2CWordPress%2CShopify%2CWix%2CSquarespace%2CWebflow%2CDuda%2CTilda%2CNext.js%2CNuxt.js%2CAstro%2CGatsby%2CHugo%2CJekyll%2CEleventy%2CVercel%2CNetlify%2CGitHub+Pages%2CFramer+Sites%2CLovable%2CBase44&geo=ALL&rank=ALL&start=2020-01-01&end=2026-05-01,2026-06-15T22:17:28.655795Z
2024-06-01,Netlify,Deployment surface,Static/app deployment platform,#00ad9f,22994,26741,49735,ALL,ALL,HTTP Archive Technology Report API adoption endpoint,https://cdn.httparchive.org/v1/adoption?technology=ALL%2CWordPress%2CShopify%2CWix%2CSquarespace%2CWebflow%2CDuda%2CTilda%2CNext.js%2CNuxt.js%2CAstro%2CGatsby%2CHugo%2CJekyll%2CEleventy%2CVercel%2CNetlify%2CGitHub+Pages%2CFramer+Sites%2CLovable%2CBase44&geo=ALL&rank=ALL&start=2020-01-01&end=2026-05-01,2026-06-15T22:17:28.655795Z
2024-06-01,Next.js,Static/app framework,React app framework and static/hybrid generator,#111827,119663,157983,277646,ALL,ALL,HTTP Archive Technology Report API adoption endpoint,https://cdn.httparchive.org/v1/adoption?technology=ALL%2CWordPress%2CShopify%2CWix%2CSquarespace%2CWebflow%2CDuda%2CTilda%2CNext.js%2CNuxt.js%2CAstro%2CGatsby%2CHugo%2CJekyll%2CEleventy%2CVercel%2CNetlify%2CGitHub+Pages%2CFramer+Sites%2CLovable%2CBase44&geo=ALL&rank=ALL&start=2020-01-01&end=2026-05-01,2026-06-15T22:17:28.655795Z
2024-06-01,Nuxt.js,Static/app framework,Vue app framework and static/hybrid generator,#00dc82,47343,65163,112506,ALL,ALL,HTTP Archive Technology Report API adoption endpoint,https://cdn.httparchive.org/v1/adoption?technology=ALL%2CWordPress%2CShopify%2CWix%2CSquarespace%2CWebflow%2CDuda%2CTilda%2CNext.js%2CNuxt.js%2CAstro%2CGatsby%2CHugo%2CJekyll%2CEleventy%2CVercel%2CNetlify%2CGitHub+Pages%2CFramer+Sites%2CLovable%2CBase44&geo=ALL&rank=ALL&start=2020-01-01&end=2026-05-01,2026-06-15T22:17:28.655795Z
2024-06-01,Shopify,CMS/ecommerce/builder,Hosted ecommerce,#16a34a,265085,350253,615338,ALL,ALL,HTTP Archive Technology Report API adoption endpoint,https://cdn.httparchive.org/v1/adoption?technology=ALL%2CWordPress%2CShopify%2CWix%2CSquarespace%2CWebflow%2CDuda%2CTilda%2CNext.js%2CNuxt.js%2CAstro%2CGatsby%2CHugo%2CJekyll%2CEleventy%2CVercel%2CNetlify%2CGitHub+Pages%2CFramer+Sites%2CLovable%2CBase44&geo=ALL&rank=ALL&start=2020-01-01&end=2026-05-01,2026-06-15T22:17:28.655795Z
2024-06-01,Squarespace,CMS/ecommerce/builder,Hosted website builder,#64748b,85324,101430,186754,ALL,ALL,HTTP Archive Technology Report API adoption endpoint,https://cdn.httparchive.org/v1/adoption?technology=ALL%2CWordPress%2CShopify%2CWix%2CSquarespace%2CWebflow%2CDuda%2CTilda%2CNext.js%2CNuxt.js%2CAstro%2CGatsby%2CHugo%2CJekyll%2CEleventy%2CVercel%2CNetlify%2CGitHub+Pages%2CFramer+Sites%2CLovable%2CBase44&geo=ALL&rank=ALL&start=2020-01-01&end=2026-05-01,2026-06-15T22:17:28.655795Z
2024-06-01,Tilda,CMS/ecommerce/builder,Hosted website builder,#a855f7,13646,54667,68313,ALL,ALL,HTTP Archive Technology Report API adoption endpoint,https://cdn.httparchive.org/v1/adoption?technology=ALL%2CWordPress%2CShopify%2CWix%2CSquarespace%2CWebflow%2CDuda%2CTilda%2CNext.js%2CNuxt.js%2CAstro%2CGatsby%2CHugo%2CJekyll%2CEleventy%2CVercel%2CNetlify%2CGitHub+Pages%2CFramer+Sites%2CLovable%2CBase44&geo=ALL&rank=ALL&start=2020-01-01&end=2026-05-01,2026-06-15T22:17:28.655795Z
2024-06-01,Vercel,Deployment surface,Frontend cloud/PaaS often paired with Next.js,#000000,41282,44983,86265,ALL,ALL,HTTP Archive Technology Report API adoption endpoint,https://cdn.httparchive.org/v1/adoption?technology=ALL%2CWordPress%2CShopify%2CWix%2CSquarespace%2CWebflow%2CDuda%2CTilda%2CNext.js%2CNuxt.js%2CAstro%2CGatsby%2CHugo%2CJekyll%2CEleventy%2CVercel%2CNetlify%2CGitHub+Pages%2CFramer+Sites%2CLovable%2CBase44&geo=ALL&rank=ALL&start=2020-01-01&end=2026-05-01,2026-06-15T22:17:28.655795Z
2024-06-01,Webflow,CMS/ecommerce/builder,Visual website builder/CMS,#0891b2,53746,56367,110113,ALL,ALL,HTTP Archive Technology Report API adoption endpoint,https://cdn.httparchive.org/v1/adoption?technology=ALL%2CWordPress%2CShopify%2CWix%2CSquarespace%2CWebflow%2CDuda%2CTilda%2CNext.js%2CNuxt.js%2CAstro%2CGatsby%2CHugo%2CJekyll%2CEleventy%2CVercel%2CNetlify%2CGitHub+Pages%2CFramer+Sites%2CLovable%2CBase44&geo=ALL&rank=ALL&start=2020-01-01&end=2026-05-01,2026-06-15T22:17:28.655795Z
2024-06-01,Wix,CMS/ecommerce/builder,Hosted website builder,#f59e0b,91870,219111,310981,ALL,ALL,HTTP Archive Technology Report API adoption endpoint,https://cdn.httparchive.org/v1/adoption?technology=ALL%2CWordPress%2CShopify%2CWix%2CSquarespace%2CWebflow%2CDuda%2CTilda%2CNext.js%2CNuxt.js%2CAstro%2CGatsby%2CHugo%2CJekyll%2CEleventy%2CVercel%2CNetlify%2CGitHub+Pages%2CFramer+Sites%2CLovable%2CBase44&geo=ALL&rank=ALL&start=2020-01-01&end=2026-05-01,2026-06-15T22:17:28.655795Z
2024-06-01,WordPress,CMS/ecommerce/builder,Open-source CMS,#2563eb,2093814,3290801,5384615,ALL,ALL,HTTP Archive Technology Report API adoption endpoint,https://cdn.httparchive.org/v1/adoption?technology=ALL%2CWordPress%2CShopify%2CWix%2CSquarespace%2CWebflow%2CDuda%2CTilda%2CNext.js%2CNuxt.js%2CAstro%2CGatsby%2CHugo%2CJekyll%2CEleventy%2CVercel%2CNetlify%2CGitHub+Pages%2CFramer+Sites%2CLovable%2CBase44&geo=ALL&rank=ALL&start=2020-01-01&end=2026-05-01,2026-06-15T22:17:28.655795Z
2024-07-01,ALL,All origins,All HTTP Archive crawl origins,#0f172a,6050301,9403836,15454137,ALL,ALL,HTTP Archive Technology Report API adoption endpoint,https://cdn.httparchive.org/v1/adoption?technology=ALL%2CWordPress%2CShopify%2CWix%2CSquarespace%2CWebflow%2CDuda%2CTilda%2CNext.js%2CNuxt.js%2CAstro%2CGatsby%2CHugo%2CJekyll%2CEleventy%2CVercel%2CNetlify%2CGitHub+Pages%2CFramer+Sites%2CLovable%2CBase44&geo=ALL&rank=ALL&start=2020-01-01&end=2026-05-01,2026-06-15T22:17:28.655795Z
2024-07-01,Astro,Static/app framework,Static site generator/app framework,#fb7185,4790,7785,12575,ALL,ALL,HTTP Archive Technology Report API adoption endpoint,https://cdn.httparchive.org/v1/adoption?technology=ALL%2CWordPress%2CShopify%2CWix%2CSquarespace%2CWebflow%2CDuda%2CTilda%2CNext.js%2CNuxt.js%2CAstro%2CGatsby%2CHugo%2CJekyll%2CEleventy%2CVercel%2CNetlify%2CGitHub+Pages%2CFramer+Sites%2CLovable%2CBase44&geo=ALL&rank=ALL&start=2020-01-01&end=2026-05-01,2026-06-15T22:17:28.655795Z
2024-07-01,Duda,CMS/ecommerce/builder,Hosted website builder,#dc2626,15360,45107,60467,ALL,ALL,HTTP Archive Technology Report API adoption endpoint,https://cdn.httparchive.org/v1/adoption?technology=ALL%2CWordPress%2CShopify%2CWix%2CSquarespace%2CWebflow%2CDuda%2CTilda%2CNext.js%2CNuxt.js%2CAstro%2CGatsby%2CHugo%2CJekyll%2CEleventy%2CVercel%2CNetlify%2CGitHub+Pages%2CFramer+Sites%2CLovable%2CBase44&geo=ALL&rank=ALL&start=2020-01-01&end=2026-05-01,2026-06-15T22:17:28.655795Z
2024-07-01,Eleventy,Static/app framework,Static site generator,#222222,130,111,241,ALL,ALL,HTTP Archive Technology Report API adoption endpoint,https://cdn.httparchive.org/v1/adoption?technology=ALL%2CWordPress%2CShopify%2CWix%2CSquarespace%2CWebflow%2CDuda%2CTilda%2CNext.js%2CNuxt.js%2CAstro%2CGatsby%2CHugo%2CJekyll%2CEleventy%2CVercel%2CNetlify%2CGitHub+Pages%2CFramer+Sites%2CLovable%2CBase44&geo=ALL&rank=ALL&start=2020-01-01&end=2026-05-01,2026-06-15T22:17:28.655795Z
2024-07-01,Framer Sites,AI-era builder signal,Visual site builder with AI-assisted creation features,#0055ff,3795,3248,7043,ALL,ALL,HTTP Archive Technology Report API adoption endpoint,https://cdn.httparchive.org/v1/adoption?technology=ALL%2CWordPress%2CShopify%2CWix%2CSquarespace%2CWebflow%2CDuda%2CTilda%2CNext.js%2CNuxt.js%2CAstro%2CGatsby%2CHugo%2CJekyll%2CEleventy%2CVercel%2CNetlify%2CGitHub+Pages%2CFramer+Sites%2CLovable%2CBase44&geo=ALL&rank=ALL&start=2020-01-01&end=2026-05-01,2026-06-15T22:17:28.655795Z
2024-07-01,Gatsby,Static/app framework,React static site generator,#663399,12298,14622,26920,ALL,ALL,HTTP Archive Technology Report API adoption endpoint,https://cdn.httparchive.org/v1/adoption?technology=ALL%2CWordPress%2CShopify%2CWix%2CSquarespace%2CWebflow%2CDuda%2CTilda%2CNext.js%2CNuxt.js%2CAstro%2CGatsby%2CHugo%2CJekyll%2CEleventy%2CVercel%2CNetlify%2CGitHub+Pages%2CFramer+Sites%2CLovable%2CBase44&geo=ALL&rank=ALL&start=2020-01-01&end=2026-05-01,2026-06-15T22:17:28.655795Z
2024-07-01,GitHub Pages,Deployment surface,Static hosting platform,#6e7781,20858,12099,32957,ALL,ALL,HTTP Archive Technology Report API adoption endpoint,https://cdn.httparchive.org/v1/adoption?technology=ALL%2CWordPress%2CShopify%2CWix%2CSquarespace%2CWebflow%2CDuda%2CTilda%2CNext.js%2CNuxt.js%2CAstro%2CGatsby%2CHugo%2CJekyll%2CEleventy%2CVercel%2CNetlify%2CGitHub+Pages%2CFramer+Sites%2CLovable%2CBase44&geo=ALL&rank=ALL&start=2020-01-01&end=2026-05-01,2026-06-15T22:17:28.655795Z
2024-07-01,Hugo,Static/app framework,Static site generator,#ff4088,7014,6585,13599,ALL,ALL,HTTP Archive Technology Report API adoption endpoint,https://cdn.httparchive.org/v1/adoption?technology=ALL%2CWordPress%2CShopify%2CWix%2CSquarespace%2CWebflow%2CDuda%2CTilda%2CNext.js%2CNuxt.js%2CAstro%2CGatsby%2CHugo%2CJekyll%2CEleventy%2CVercel%2CNetlify%2CGitHub+Pages%2CFramer+Sites%2CLovable%2CBase44&geo=ALL&rank=ALL&start=2020-01-01&end=2026-05-01,2026-06-15T22:17:28.655795Z
2024-07-01,Jekyll,Static/app framework,Static site generator,#cc0000,4386,2711,7097,ALL,ALL,HTTP Archive Technology Report API adoption endpoint,https://cdn.httparchive.org/v1/adoption?technology=ALL%2CWordPress%2CShopify%2CWix%2CSquarespace%2CWebflow%2CDuda%2CTilda%2CNext.js%2CNuxt.js%2CAstro%2CGatsby%2CHugo%2CJekyll%2CEleventy%2CVercel%2CNetlify%2CGitHub+Pages%2CFramer+Sites%2CLovable%2CBase44&geo=ALL&rank=ALL&start=2020-01-01&end=2026-05-01,2026-06-15T22:17:28.655795Z
2024-07-01,Netlify,Deployment surface,Static/app deployment platform,#00ad9f,22230,26864,49094,ALL,ALL,HTTP Archive Technology Report API adoption endpoint,https://cdn.httparchive.org/v1/adoption?technology=ALL%2CWordPress%2CShopify%2CWix%2CSquarespace%2CWebflow%2CDuda%2CTilda%2CNext.js%2CNuxt.js%2CAstro%2CGatsby%2CHugo%2CJekyll%2CEleventy%2CVercel%2CNetlify%2CGitHub+Pages%2CFramer+Sites%2CLovable%2CBase44&geo=ALL&rank=ALL&start=2020-01-01&end=2026-05-01,2026-06-15T22:17:28.655795Z
2024-07-01,Next.js,Static/app framework,React app framework and static/hybrid generator,#111827,120038,162840,282878,ALL,ALL,HTTP Archive Technology Report API adoption endpoint,https://cdn.httparchive.org/v1/adoption?technology=ALL%2CWordPress%2CShopify%2CWix%2CSquarespace%2CWebflow%2CDuda%2CTilda%2CNext.js%2CNuxt.js%2CAstro%2CGatsby%2CHugo%2CJekyll%2CEleventy%2CVercel%2CNetlify%2CGitHub+Pages%2CFramer+Sites%2CLovable%2CBase44&geo=ALL&rank=ALL&start=2020-01-01&end=2026-05-01,2026-06-15T22:17:28.655795Z
2024-07-01,Nuxt.js,Static/app framework,Vue app framework and static/hybrid generator,#00dc82,47174,66993,114167,ALL,ALL,HTTP Archive Technology Report API adoption endpoint,https://cdn.httparchive.org/v1/adoption?technology=ALL%2CWordPress%2CShopify%2CWix%2CSquarespace%2CWebflow%2CDuda%2CTilda%2CNext.js%2CNuxt.js%2CAstro%2CGatsby%2CHugo%2CJekyll%2CEleventy%2CVercel%2CNetlify%2CGitHub+Pages%2CFramer+Sites%2CLovable%2CBase44&geo=ALL&rank=ALL&start=2020-01-01&end=2026-05-01,2026-06-15T22:17:28.655795Z
2024-07-01,Shopify,CMS/ecommerce/builder,Hosted ecommerce,#16a34a,261296,350217,611513,ALL,ALL,HTTP Archive Technology Report API adoption endpoint,https://cdn.httparchive.org/v1/adoption?technology=ALL%2CWordPress%2CShopify%2CWix%2CSquarespace%2CWebflow%2CDuda%2CTilda%2CNext.js%2CNuxt.js%2CAstro%2CGatsby%2CHugo%2CJekyll%2CEleventy%2CVercel%2CNetlify%2CGitHub+Pages%2CFramer+Sites%2CLovable%2CBase44&geo=ALL&rank=ALL&start=2020-01-01&end=2026-05-01,2026-06-15T22:17:28.655795Z
2024-07-01,Squarespace,CMS/ecommerce/builder,Hosted website builder,#64748b,81013,100781,181794,ALL,ALL,HTTP Archive Technology Report API adoption endpoint,https://cdn.httparchive.org/v1/adoption?technology=ALL%2CWordPress%2CShopify%2CWix%2CSquarespace%2CWebflow%2CDuda%2CTilda%2CNext.js%2CNuxt.js%2CAstro%2CGatsby%2CHugo%2CJekyll%2CEleventy%2CVercel%2CNetlify%2CGitHub+Pages%2CFramer+Sites%2CLovable%2CBase44&geo=ALL&rank=ALL&start=2020-01-01&end=2026-05-01,2026-06-15T22:17:28.655795Z
2024-07-01,Tilda,CMS/ecommerce/builder,Hosted website builder,#a855f7,12937,55396,68333,ALL,ALL,HTTP Archive Technology Report API adoption endpoint,https://cdn.httparchive.org/v1/adoption?technology=ALL%2CWordPress%2CShopify%2CWix%2CSquarespace%2CWebflow%2CDuda%2CTilda%2CNext.js%2CNuxt.js%2CAstro%2CGatsby%2CHugo%2CJekyll%2CEleventy%2CVercel%2CNetlify%2CGitHub+Pages%2CFramer+Sites%2CLovable%2CBase44&geo=ALL&rank=ALL&start=2020-01-01&end=2026-05-01,2026-06-15T22:17:28.655795Z
2024-07-01,Vercel,Deployment surface,Frontend cloud/PaaS often paired with Next.js,#000000,41138,46207,87345,ALL,ALL,HTTP Archive Technology Report API adoption endpoint,https://cdn.httparchive.org/v1/adoption?technology=ALL%2CWordPress%2CShopify%2CWix%2CSquarespace%2CWebflow%2CDuda%2CTilda%2CNext.js%2CNuxt.js%2CAstro%2CGatsby%2CHugo%2CJekyll%2CEleventy%2CVercel%2CNetlify%2CGitHub+Pages%2CFramer+Sites%2CLovable%2CBase44&geo=ALL&rank=ALL&start=2020-01-01&end=2026-05-01,2026-06-15T22:17:28.655795Z
2024-07-01,Webflow,CMS/ecommerce/builder,Visual website builder/CMS,#0891b2,52078,56579,108657,ALL,ALL,HTTP Archive Technology Report API adoption endpoint,https://cdn.httparchive.org/v1/adoption?technology=ALL%2CWordPress%2CShopify%2CWix%2CSquarespace%2CWebflow%2CDuda%2CTilda%2CNext.js%2CNuxt.js%2CAstro%2CGatsby%2CHugo%2CJekyll%2CEleventy%2CVercel%2CNetlify%2CGitHub+Pages%2CFramer+Sites%2CLovable%2CBase44&geo=ALL&rank=ALL&start=2020-01-01&end=2026-05-01,2026-06-15T22:17:28.655795Z
2024-07-01,Wix,CMS/ecommerce/builder,Hosted website builder,#f59e0b,87715,222369,310084,ALL,ALL,HTTP Archive Technology Report API adoption endpoint,https://cdn.httparchive.org/v1/adoption?technology=ALL%2CWordPress%2CShopify%2CWix%2CSquarespace%2CWebflow%2CDuda%2CTilda%2CNext.js%2CNuxt.js%2CAstro%2CGatsby%2CHugo%2CJekyll%2CEleventy%2CVercel%2CNetlify%2CGitHub+Pages%2CFramer+Sites%2CLovable%2CBase44&geo=ALL&rank=ALL&start=2020-01-01&end=2026-05-01,2026-06-15T22:17:28.655795Z
2024-07-01,WordPress,CMS/ecommerce/builder,Open-source CMS,#2563eb,1991730,3278997,5270727,ALL,ALL,HTTP Archive Technology Report API adoption endpoint,https://cdn.httparchive.org/v1/adoption?technology=ALL%2CWordPress%2CShopify%2CWix%2CSquarespace%2CWebflow%2CDuda%2CTilda%2CNext.js%2CNuxt.js%2CAstro%2CGatsby%2CHugo%2CJekyll%2CEleventy%2CVercel%2CNetlify%2CGitHub+Pages%2CFramer+Sites%2CLovable%2CBase44&geo=ALL&rank=ALL&start=2020-01-01&end=2026-05-01,2026-06-15T22:17:28.655795Z
2024-08-01,ALL,All origins,All HTTP Archive crawl origins,#0f172a,6067680,9506400,15574080,ALL,ALL,HTTP Archive Technology Report API adoption endpoint,https://cdn.httparchive.org/v1/adoption?technology=ALL%2CWordPress%2CShopify%2CWix%2CSquarespace%2CWebflow%2CDuda%2CTilda%2CNext.js%2CNuxt.js%2CAstro%2CGatsby%2CHugo%2CJekyll%2CEleventy%2CVercel%2CNetlify%2CGitHub+Pages%2CFramer+Sites%2CLovable%2CBase44&geo=ALL&rank=ALL&start=2020-01-01&end=2026-05-01,2026-06-15T22:17:28.655795Z
2024-08-01,Astro,Static/app framework,Static site generator/app framework,#fb7185,5054,8184,13238,ALL,ALL,HTTP Archive Technology Report API adoption endpoint,https://cdn.httparchive.org/v1/adoption?technology=ALL%2CWordPress%2CShopify%2CWix%2CSquarespace%2CWebflow%2CDuda%2CTilda%2CNext.js%2CNuxt.js%2CAstro%2CGatsby%2CHugo%2CJekyll%2CEleventy%2CVercel%2CNetlify%2CGitHub+Pages%2CFramer+Sites%2CLovable%2CBase44&geo=ALL&rank=ALL&start=2020-01-01&end=2026-05-01,2026-06-15T22:17:28.655795Z
2024-08-01,Duda,CMS/ecommerce/builder,Hosted website builder,#dc2626,15621,45497,61118,ALL,ALL,HTTP Archive Technology Report API adoption endpoint,https://cdn.httparchive.org/v1/adoption?technology=ALL%2CWordPress%2CShopify%2CWix%2CSquarespace%2CWebflow%2CDuda%2CTilda%2CNext.js%2CNuxt.js%2CAstro%2CGatsby%2CHugo%2CJekyll%2CEleventy%2CVercel%2CNetlify%2CGitHub+Pages%2CFramer+Sites%2CLovable%2CBase44&geo=ALL&rank=ALL&start=2020-01-01&end=2026-05-01,2026-06-15T22:17:28.655795Z
2024-08-01,Eleventy,Static/app framework,Static site generator,#222222,142,128,270,ALL,ALL,HTTP Archive Technology Report API adoption endpoint,https://cdn.httparchive.org/v1/adoption?technology=ALL%2CWordPress%2CShopify%2CWix%2CSquarespace%2CWebflow%2CDuda%2CTilda%2CNext.js%2CNuxt.js%2CAstro%2CGatsby%2CHugo%2CJekyll%2CEleventy%2CVercel%2CNetlify%2CGitHub+Pages%2CFramer+Sites%2CLovable%2CBase44&geo=ALL&rank=ALL&start=2020-01-01&end=2026-05-01,2026-06-15T22:17:28.655795Z
2024-08-01,Framer Sites,AI-era builder signal,Visual site builder with AI-assisted creation features,#0055ff,4136,3419,7555,ALL,ALL,HTTP Archive Technology Report API adoption endpoint,https://cdn.httparchive.org/v1/adoption?technology=ALL%2CWordPress%2CShopify%2CWix%2CSquarespace%2CWebflow%2CDuda%2CTilda%2CNext.js%2CNuxt.js%2CAstro%2CGatsby%2CHugo%2CJekyll%2CEleventy%2CVercel%2CNetlify%2CGitHub+Pages%2CFramer+Sites%2CLovable%2CBase44&geo=ALL&rank=ALL&start=2020-01-01&end=2026-05-01,2026-06-15T22:17:28.655795Z
2024-08-01,Gatsby,Static/app framework,React static site generator,#663399,12238,13626,25864,ALL,ALL,HTTP Archive Technology Report API adoption endpoint,https://cdn.httparchive.org/v1/adoption?technology=ALL%2CWordPress%2CShopify%2CWix%2CSquarespace%2CWebflow%2CDuda%2CTilda%2CNext.js%2CNuxt.js%2CAstro%2CGatsby%2CHugo%2CJekyll%2CEleventy%2CVercel%2CNetlify%2CGitHub+Pages%2CFramer+Sites%2CLovable%2CBase44&geo=ALL&rank=ALL&start=2020-01-01&end=2026-05-01,2026-06-15T22:17:28.655795Z
2024-08-01,GitHub Pages,Deployment surface,Static hosting platform,#6e7781,20802,11778,32580,ALL,ALL,HTTP Archive Technology Report API adoption endpoint,https://cdn.httparchive.org/v1/adoption?technology=ALL%2CWordPress%2CShopify%2CWix%2CSquarespace%2CWebflow%2CDuda%2CTilda%2CNext.js%2CNuxt.js%2CAstro%2CGatsby%2CHugo%2CJekyll%2CEleventy%2CVercel%2CNetlify%2CGitHub+Pages%2CFramer+Sites%2CLovable%2CBase44&geo=ALL&rank=ALL&start=2020-01-01&end=2026-05-01,2026-06-15T22:17:28.655795Z
2024-08-01,Hugo,Static/app framework,Static site generator,#ff4088,7027,6433,13460,ALL,ALL,HTTP Archive Technology Report API adoption endpoint,https://cdn.httparchive.org/v1/adoption?technology=ALL%2CWordPress%2CShopify%2CWix%2CSquarespace%2CWebflow%2CDuda%2CTilda%2CNext.js%2CNuxt.js%2CAstro%2CGatsby%2CHugo%2CJekyll%2CEleventy%2CVercel%2CNetlify%2CGitHub+Pages%2CFramer+Sites%2CLovable%2CBase44&geo=ALL&rank=ALL&start=2020-01-01&end=2026-05-01,2026-06-15T22:17:28.655795Z
2024-08-01,Jekyll,Static/app framework,Static site generator,#cc0000,4274,2636,6910,ALL,ALL,HTTP Archive Technology Report API adoption endpoint,https://cdn.httparchive.org/v1/adoption?technology=ALL%2CWordPress%2CShopify%2CWix%2CSquarespace%2CWebflow%2CDuda%2CTilda%2CNext.js%2CNuxt.js%2CAstro%2CGatsby%2CHugo%2CJekyll%2CEleventy%2CVercel%2CNetlify%2CGitHub+Pages%2CFramer+Sites%2CLovable%2CBase44&geo=ALL&rank=ALL&start=2020-01-01&end=2026-05-01,2026-06-15T22:17:28.655795Z
2024-08-01,Netlify,Deployment surface,Static/app deployment platform,#00ad9f,22193,25603,47796,ALL,ALL,HTTP Archive Technology Report API adoption endpoint,https://cdn.httparchive.org/v1/adoption?technology=ALL%2CWordPress%2CShopify%2CWix%2CSquarespace%2CWebflow%2CDuda%2CTilda%2CNext.js%2CNuxt.js%2CAstro%2CGatsby%2CHugo%2CJekyll%2CEleventy%2CVercel%2CNetlify%2CGitHub+Pages%2CFramer+Sites%2CLovable%2CBase44&geo=ALL&rank=ALL&start=2020-01-01&end=2026-05-01,2026-06-15T22:17:28.655795Z
2024-08-01,Next.js,Static/app framework,React app framework and static/hybrid generator,#111827,123919,160538,284457,ALL,ALL,HTTP Archive Technology Report API adoption endpoint,https://cdn.httparchive.org/v1/adoption?technology=ALL%2CWordPress%2CShopify%2CWix%2CSquarespace%2CWebflow%2CDuda%2CTilda%2CNext.js%2CNuxt.js%2CAstro%2CGatsby%2CHugo%2CJekyll%2CEleventy%2CVercel%2CNetlify%2CGitHub+Pages%2CFramer+Sites%2CLovable%2CBase44&geo=ALL&rank=ALL&start=2020-01-01&end=2026-05-01,2026-06-15T22:17:28.655795Z
2024-08-01,Nuxt.js,Static/app framework,Vue app framework and static/hybrid generator,#00dc82,49458,62998,112456,ALL,ALL,HTTP Archive Technology Report API adoption endpoint,https://cdn.httparchive.org/v1/adoption?technology=ALL%2CWordPress%2CShopify%2CWix%2CSquarespace%2CWebflow%2CDuda%2CTilda%2CNext.js%2CNuxt.js%2CAstro%2CGatsby%2CHugo%2CJekyll%2CEleventy%2CVercel%2CNetlify%2CGitHub+Pages%2CFramer+Sites%2CLovable%2CBase44&geo=ALL&rank=ALL&start=2020-01-01&end=2026-05-01,2026-06-15T22:17:28.655795Z
2024-08-01,Shopify,CMS/ecommerce/builder,Hosted ecommerce,#16a34a,266740,287903,554643,ALL,ALL,HTTP Archive Technology Report API adoption endpoint,https://cdn.httparchive.org/v1/adoption?technology=ALL%2CWordPress%2CShopify%2CWix%2CSquarespace%2CWebflow%2CDuda%2CTilda%2CNext.js%2CNuxt.js%2CAstro%2CGatsby%2CHugo%2CJekyll%2CEleventy%2CVercel%2CNetlify%2CGitHub+Pages%2CFramer+Sites%2CLovable%2CBase44&geo=ALL&rank=ALL&start=2020-01-01&end=2026-05-01,2026-06-15T22:17:28.655795Z
2024-08-01,Squarespace,CMS/ecommerce/builder,Hosted website builder,#64748b,83729,99188,182917,ALL,ALL,HTTP Archive Technology Report API adoption endpoint,https://cdn.httparchive.org/v1/adoption?technology=ALL%2CWordPress%2CShopify%2CWix%2CSquarespace%2CWebflow%2CDuda%2CTilda%2CNext.js%2CNuxt.js%2CAstro%2CGatsby%2CHugo%2CJekyll%2CEleventy%2CVercel%2CNetlify%2CGitHub+Pages%2CFramer+Sites%2CLovable%2CBase44&geo=ALL&rank=ALL&start=2020-01-01&end=2026-05-01,2026-06-15T22:17:28.655795Z
2024-08-01,Tilda,CMS/ecommerce/builder,Hosted website builder,#a855f7,12761,52176,64937,ALL,ALL,HTTP Archive Technology Report API adoption endpoint,https://cdn.httparchive.org/v1/adoption?technology=ALL%2CWordPress%2CShopify%2CWix%2CSquarespace%2CWebflow%2CDuda%2CTilda%2CNext.js%2CNuxt.js%2CAstro%2CGatsby%2CHugo%2CJekyll%2CEleventy%2CVercel%2CNetlify%2CGitHub+Pages%2CFramer+Sites%2CLovable%2CBase44&geo=ALL&rank=ALL&start=2020-01-01&end=2026-05-01,2026-06-15T22:17:28.655795Z
2024-08-01,Vercel,Deployment surface,Frontend cloud/PaaS often paired with Next.js,#000000,41914,44415,86329,ALL,ALL,HTTP Archive Technology Report API adoption endpoint,https://cdn.httparchive.org/v1/adoption?technology=ALL%2CWordPress%2CShopify%2CWix%2CSquarespace%2CWebflow%2CDuda%2CTilda%2CNext.js%2CNuxt.js%2CAstro%2CGatsby%2CHugo%2CJekyll%2CEleventy%2CVercel%2CNetlify%2CGitHub+Pages%2CFramer+Sites%2CLovable%2CBase44&geo=ALL&rank=ALL&start=2020-01-01&end=2026-05-01,2026-06-15T22:17:28.655795Z
2024-08-01,Webflow,CMS/ecommerce/builder,Visual website builder/CMS,#0891b2,53336,56199,109535,ALL,ALL,HTTP Archive Technology Report API adoption endpoint,https://cdn.httparchive.org/v1/adoption?technology=ALL%2CWordPress%2CShopify%2CWix%2CSquarespace%2CWebflow%2CDuda%2CTilda%2CNext.js%2CNuxt.js%2CAstro%2CGatsby%2CHugo%2CJekyll%2CEleventy%2CVercel%2CNetlify%2CGitHub+Pages%2CFramer+Sites%2CLovable%2CBase44&geo=ALL&rank=ALL&start=2020-01-01&end=2026-05-01,2026-06-15T22:17:28.655795Z
2024-08-01,Wix,CMS/ecommerce/builder,Hosted website builder,#f59e0b,89419,198658,288077,ALL,ALL,HTTP Archive Technology Report API adoption endpoint,https://cdn.httparchive.org/v1/adoption?technology=ALL%2CWordPress%2CShopify%2CWix%2CSquarespace%2CWebflow%2CDuda%2CTilda%2CNext.js%2CNuxt.js%2CAstro%2CGatsby%2CHugo%2CJekyll%2CEleventy%2CVercel%2CNetlify%2CGitHub+Pages%2CFramer+Sites%2CLovable%2CBase44&geo=ALL&rank=ALL&start=2020-01-01&end=2026-05-01,2026-06-15T22:17:28.655795Z
2024-08-01,WordPress,CMS/ecommerce/builder,Open-source CMS,#2563eb,1988896,3204278,5193174,ALL,ALL,HTTP Archive Technology Report API adoption endpoint,https://cdn.httparchive.org/v1/adoption?technology=ALL%2CWordPress%2CShopify%2CWix%2CSquarespace%2CWebflow%2CDuda%2CTilda%2CNext.js%2CNuxt.js%2CAstro%2CGatsby%2CHugo%2CJekyll%2CEleventy%2CVercel%2CNetlify%2CGitHub+Pages%2CFramer+Sites%2CLovable%2CBase44&geo=ALL&rank=ALL&start=2020-01-01&end=2026-05-01,2026-06-15T22:17:28.655795Z
2024-09-01,ALL,All origins,All HTTP Archive crawl origins,#0f172a,6404955,9556291,15961246,ALL,ALL,HTTP Archive Technology Report API adoption endpoint,https://cdn.httparchive.org/v1/adoption?technology=ALL%2CWordPress%2CShopify%2CWix%2CSquarespace%2CWebflow%2CDuda%2CTilda%2CNext.js%2CNuxt.js%2CAstro%2CGatsby%2CHugo%2CJekyll%2CEleventy%2CVercel%2CNetlify%2CGitHub+Pages%2CFramer+Sites%2CLovable%2CBase44&geo=ALL&rank=ALL&start=2020-01-01&end=2026-05-01,2026-06-15T22:17:28.655795Z
2024-09-01,Astro,Static/app framework,Static site generator/app framework,#fb7185,5616,8933,14549,ALL,ALL,HTTP Archive Technology Report API adoption endpoint,https://cdn.httparchive.org/v1/adoption?technology=ALL%2CWordPress%2CShopify%2CWix%2CSquarespace%2CWebflow%2CDuda%2CTilda%2CNext.js%2CNuxt.js%2CAstro%2CGatsby%2CHugo%2CJekyll%2CEleventy%2CVercel%2CNetlify%2CGitHub+Pages%2CFramer+Sites%2CLovable%2CBase44&geo=ALL&rank=ALL&start=2020-01-01&end=2026-05-01,2026-06-15T22:17:28.655795Z
2024-09-01,Duda,CMS/ecommerce/builder,Hosted website builder,#dc2626,16195,43274,59469,ALL,ALL,HTTP Archive Technology Report API adoption endpoint,https://cdn.httparchive.org/v1/adoption?technology=ALL%2CWordPress%2CShopify%2CWix%2CSquarespace%2CWebflow%2CDuda%2CTilda%2CNext.js%2CNuxt.js%2CAstro%2CGatsby%2CHugo%2CJekyll%2CEleventy%2CVercel%2CNetlify%2CGitHub+Pages%2CFramer+Sites%2CLovable%2CBase44&geo=ALL&rank=ALL&start=2020-01-01&end=2026-05-01,2026-06-15T22:17:28.655795Z
2024-09-01,Eleventy,Static/app framework,Static site generator,#222222,146,125,271,ALL,ALL,HTTP Archive Technology Report API adoption endpoint,https://cdn.httparchive.org/v1/adoption?technology=ALL%2CWordPress%2CShopify%2CWix%2CSquarespace%2CWebflow%2CDuda%2CTilda%2CNext.js%2CNuxt.js%2CAstro%2CGatsby%2CHugo%2CJekyll%2CEleventy%2CVercel%2CNetlify%2CGitHub+Pages%2CFramer+Sites%2CLovable%2CBase44&geo=ALL&rank=ALL&start=2020-01-01&end=2026-05-01,2026-06-15T22:17:28.655795Z
2024-09-01,Framer Sites,AI-era builder signal,Visual site builder with AI-assisted creation features,#0055ff,4629,3924,8553,ALL,ALL,HTTP Archive Technology Report API adoption endpoint,https://cdn.httparchive.org/v1/adoption?technology=ALL%2CWordPress%2CShopify%2CWix%2CSquarespace%2CWebflow%2CDuda%2CTilda%2CNext.js%2CNuxt.js%2CAstro%2CGatsby%2CHugo%2CJekyll%2CEleventy%2CVercel%2CNetlify%2CGitHub+Pages%2CFramer+Sites%2CLovable%2CBase44&geo=ALL&rank=ALL&start=2020-01-01&end=2026-05-01,2026-06-15T22:17:28.655795Z
2024-09-01,Gatsby,Static/app framework,React static site generator,#663399,12499,14606,27105,ALL,ALL,HTTP Archive Technology Report API adoption endpoint,https://cdn.httparchive.org/v1/adoption?technology=ALL%2CWordPress%2CShopify%2CWix%2CSquarespace%2CWebflow%2CDuda%2CTilda%2CNext.js%2CNuxt.js%2CAstro%2CGatsby%2CHugo%2CJekyll%2CEleventy%2CVercel%2CNetlify%2CGitHub+Pages%2CFramer+Sites%2CLovable%2CBase44&geo=ALL&rank=ALL&start=2020-01-01&end=2026-05-01,2026-06-15T22:17:28.655795Z
2024-09-01,GitHub Pages,Deployment surface,Static hosting platform,#6e7781,22510,12426,34936,ALL,ALL,HTTP Archive Technology Report API adoption endpoint,https://cdn.httparchive.org/v1/adoption?technology=ALL%2CWordPress%2CShopify%2CWix%2CSquarespace%2CWebflow%2CDuda%2CTilda%2CNext.js%2CNuxt.js%2CAstro%2CGatsby%2CHugo%2CJekyll%2CEleventy%2CVercel%2CNetlify%2CGitHub+Pages%2CFramer+Sites%2CLovable%2CBase44&geo=ALL&rank=ALL&start=2020-01-01&end=2026-05-01,2026-06-15T22:17:28.655795Z
2024-09-01,Hugo,Static/app framework,Static site generator,#ff4088,7382,6617,13999,ALL,ALL,HTTP Archive Technology Report API adoption endpoint,https://cdn.httparchive.org/v1/adoption?technology=ALL%2CWordPress%2CShopify%2CWix%2CSquarespace%2CWebflow%2CDuda%2CTilda%2CNext.js%2CNuxt.js%2CAstro%2CGatsby%2CHugo%2CJekyll%2CEleventy%2CVercel%2CNetlify%2CGitHub+Pages%2CFramer+Sites%2CLovable%2CBase44&geo=ALL&rank=ALL&start=2020-01-01&end=2026-05-01,2026-06-15T22:17:28.655795Z
2024-09-01,Jekyll,Static/app framework,Static site generator,#cc0000,4675,2820,7495,ALL,ALL,HTTP Archive Technology Report API adoption endpoint,https://cdn.httparchive.org/v1/adoption?technology=ALL%2CWordPress%2CShopify%2CWix%2CSquarespace%2CWebflow%2CDuda%2CTilda%2CNext.js%2CNuxt.js%2CAstro%2CGatsby%2CHugo%2CJekyll%2CEleventy%2CVercel%2CNetlify%2CGitHub+Pages%2CFramer+Sites%2CLovable%2CBase44&geo=ALL&rank=ALL&start=2020-01-01&end=2026-05-01,2026-06-15T22:17:28.655795Z
2024-09-01,Netlify,Deployment surface,Static/app deployment platform,#00ad9f,23308,27499,50807,ALL,ALL,HTTP Archive Technology Report API adoption endpoint,https://cdn.httparchive.org/v1/adoption?technology=ALL%2CWordPress%2CShopify%2CWix%2CSquarespace%2CWebflow%2CDuda%2CTilda%2CNext.js%2CNuxt.js%2CAstro%2CGatsby%2CHugo%2CJekyll%2CEleventy%2CVercel%2CNetlify%2CGitHub+Pages%2CFramer+Sites%2CLovable%2CBase44&geo=ALL&rank=ALL&start=2020-01-01&end=2026-05-01,2026-06-15T22:17:28.655795Z
2024-09-01,Next.js,Static/app framework,React app framework and static/hybrid generator,#111827,131524,178234,309758,ALL,ALL,HTTP Archive Technology Report API adoption endpoint,https://cdn.httparchive.org/v1/adoption?technology=ALL%2CWordPress%2CShopify%2CWix%2CSquarespace%2CWebflow%2CDuda%2CTilda%2CNext.js%2CNuxt.js%2CAstro%2CGatsby%2CHugo%2CJekyll%2CEleventy%2CVercel%2CNetlify%2CGitHub+Pages%2CFramer+Sites%2CLovable%2CBase44&geo=ALL&rank=ALL&start=2020-01-01&end=2026-05-01,2026-06-15T22:17:28.655795Z
2024-09-01,Nuxt.js,Static/app framework,Vue app framework and static/hybrid generator,#00dc82,52202,71774,123976,ALL,ALL,HTTP Archive Technology Report API adoption endpoint,https://cdn.httparchive.org/v1/adoption?technology=ALL%2CWordPress%2CShopify%2CWix%2CSquarespace%2CWebflow%2CDuda%2CTilda%2CNext.js%2CNuxt.js%2CAstro%2CGatsby%2CHugo%2CJekyll%2CEleventy%2CVercel%2CNetlify%2CGitHub+Pages%2CFramer+Sites%2CLovable%2CBase44&geo=ALL&rank=ALL&start=2020-01-01&end=2026-05-01,2026-06-15T22:17:28.655795Z
2024-09-01,Shopify,CMS/ecommerce/builder,Hosted ecommerce,#16a34a,278214,364595,642809,ALL,ALL,HTTP Archive Technology Report API adoption endpoint,https://cdn.httparchive.org/v1/adoption?technology=ALL%2CWordPress%2CShopify%2CWix%2CSquarespace%2CWebflow%2CDuda%2CTilda%2CNext.js%2CNuxt.js%2CAstro%2CGatsby%2CHugo%2CJekyll%2CEleventy%2CVercel%2CNetlify%2CGitHub+Pages%2CFramer+Sites%2CLovable%2CBase44&geo=ALL&rank=ALL&start=2020-01-01&end=2026-05-01,2026-06-15T22:17:28.655795Z
2024-09-01,Squarespace,CMS/ecommerce/builder,Hosted website builder,#64748b,90414,104649,195063,ALL,ALL,HTTP Archive Technology Report API adoption endpoint,https://cdn.httparchive.org/v1/adoption?technology=ALL%2CWordPress%2CShopify%2CWix%2CSquarespace%2CWebflow%2CDuda%2CTilda%2CNext.js%2CNuxt.js%2CAstro%2CGatsby%2CHugo%2CJekyll%2CEleventy%2CVercel%2CNetlify%2CGitHub+Pages%2CFramer+Sites%2CLovable%2CBase44&geo=ALL&rank=ALL&start=2020-01-01&end=2026-05-01,2026-06-15T22:17:28.655795Z
2024-09-01,Tilda,CMS/ecommerce/builder,Hosted website builder,#a855f7,13591,54064,67655,ALL,ALL,HTTP Archive Technology Report API adoption endpoint,https://cdn.httparchive.org/v1/adoption?technology=ALL%2CWordPress%2CShopify%2CWix%2CSquarespace%2CWebflow%2CDuda%2CTilda%2CNext.js%2CNuxt.js%2CAstro%2CGatsby%2CHugo%2CJekyll%2CEleventy%2CVercel%2CNetlify%2CGitHub+Pages%2CFramer+Sites%2CLovable%2CBase44&geo=ALL&rank=ALL&start=2020-01-01&end=2026-05-01,2026-06-15T22:17:28.655795Z
2024-09-01,Vercel,Deployment surface,Frontend cloud/PaaS often paired with Next.js,#000000,45290,50036,95326,ALL,ALL,HTTP Archive Technology Report API adoption endpoint,https://cdn.httparchive.org/v1/adoption?technology=ALL%2CWordPress%2CShopify%2CWix%2CSquarespace%2CWebflow%2CDuda%2CTilda%2CNext.js%2CNuxt.js%2CAstro%2CGatsby%2CHugo%2CJekyll%2CEleventy%2CVercel%2CNetlify%2CGitHub+Pages%2CFramer+Sites%2CLovable%2CBase44&geo=ALL&rank=ALL&start=2020-01-01&end=2026-05-01,2026-06-15T22:17:28.655795Z
2024-09-01,Webflow,CMS/ecommerce/builder,Visual website builder/CMS,#0891b2,56800,59398,116198,ALL,ALL,HTTP Archive Technology Report API adoption endpoint,https://cdn.httparchive.org/v1/adoption?technology=ALL%2CWordPress%2CShopify%2CWix%2CSquarespace%2CWebflow%2CDuda%2CTilda%2CNext.js%2CNuxt.js%2CAstro%2CGatsby%2CHugo%2CJekyll%2CEleventy%2CVercel%2CNetlify%2CGitHub+Pages%2CFramer+Sites%2CLovable%2CBase44&geo=ALL&rank=ALL&start=2020-01-01&end=2026-05-01,2026-06-15T22:17:28.655795Z
2024-09-01,Wix,CMS/ecommerce/builder,Hosted website builder,#f59e0b,95666,222080,317746,ALL,ALL,HTTP Archive Technology Report API adoption endpoint,https://cdn.httparchive.org/v1/adoption?technology=ALL%2CWordPress%2CShopify%2CWix%2CSquarespace%2CWebflow%2CDuda%2CTilda%2CNext.js%2CNuxt.js%2CAstro%2CGatsby%2CHugo%2CJekyll%2CEleventy%2CVercel%2CNetlify%2CGitHub+Pages%2CFramer+Sites%2CLovable%2CBase44&geo=ALL&rank=ALL&start=2020-01-01&end=2026-05-01,2026-06-15T22:17:28.655795Z
2024-09-01,WordPress,CMS/ecommerce/builder,Open-source CMS,#2563eb,2125949,3333016,5458965,ALL,ALL,HTTP Archive Technology Report API adoption endpoint,https://cdn.httparchive.org/v1/adoption?technology=ALL%2CWordPress%2CShopify%2CWix%2CSquarespace%2CWebflow%2CDuda%2CTilda%2CNext.js%2CNuxt.js%2CAstro%2CGatsby%2CHugo%2CJekyll%2CEleventy%2CVercel%2CNetlify%2CGitHub+Pages%2CFramer+Sites%2CLovable%2CBase44&geo=ALL&rank=ALL&start=2020-01-01&end=2026-05-01,2026-06-15T22:17:28.655795Z
2024-10-01,ALL,All origins,All HTTP Archive crawl origins,#0f172a,6532647,9546477,16079124,ALL,ALL,HTTP Archive Technology Report API adoption endpoint,https://cdn.httparchive.org/v1/adoption?technology=ALL%2CWordPress%2CShopify%2CWix%2CSquarespace%2CWebflow%2CDuda%2CTilda%2CNext.js%2CNuxt.js%2CAstro%2CGatsby%2CHugo%2CJekyll%2CEleventy%2CVercel%2CNetlify%2CGitHub+Pages%2CFramer+Sites%2CLovable%2CBase44&geo=ALL&rank=ALL&start=2020-01-01&end=2026-05-01,2026-06-15T22:17:28.655795Z
2024-10-01,Astro,Static/app framework,Static site generator/app framework,#fb7185,6047,9362,15409,ALL,ALL,HTTP Archive Technology Report API adoption endpoint,https://cdn.httparchive.org/v1/adoption?technology=ALL%2CWordPress%2CShopify%2CWix%2CSquarespace%2CWebflow%2CDuda%2CTilda%2CNext.js%2CNuxt.js%2CAstro%2CGatsby%2CHugo%2CJekyll%2CEleventy%2CVercel%2CNetlify%2CGitHub+Pages%2CFramer+Sites%2CLovable%2CBase44&geo=ALL&rank=ALL&start=2020-01-01&end=2026-05-01,2026-06-15T22:17:28.655795Z
2024-10-01,Duda,CMS/ecommerce/builder,Hosted website builder,#dc2626,16374,42712,59086,ALL,ALL,HTTP Archive Technology Report API adoption endpoint,https://cdn.httparchive.org/v1/adoption?technology=ALL%2CWordPress%2CShopify%2CWix%2CSquarespace%2CWebflow%2CDuda%2CTilda%2CNext.js%2CNuxt.js%2CAstro%2CGatsby%2CHugo%2CJekyll%2CEleventy%2CVercel%2CNetlify%2CGitHub+Pages%2CFramer+Sites%2CLovable%2CBase44&geo=ALL&rank=ALL&start=2020-01-01&end=2026-05-01,2026-06-15T22:17:28.655795Z
2024-10-01,Eleventy,Static/app framework,Static site generator,#222222,161,134,295,ALL,ALL,HTTP Archive Technology Report API adoption endpoint,https://cdn.httparchive.org/v1/adoption?technology=ALL%2CWordPress%2CShopify%2CWix%2CSquarespace%2CWebflow%2CDuda%2CTilda%2CNext.js%2CNuxt.js%2CAstro%2CGatsby%2CHugo%2CJekyll%2CEleventy%2CVercel%2CNetlify%2CGitHub+Pages%2CFramer+Sites%2CLovable%2CBase44&geo=ALL&rank=ALL&start=2020-01-01&end=2026-05-01,2026-06-15T22:17:28.655795Z
2024-10-01,Framer Sites,AI-era builder signal,Visual site builder with AI-assisted creation features,#0055ff,5045,4172,9217,ALL,ALL,HTTP Archive Technology Report API adoption endpoint,https://cdn.httparchive.org/v1/adoption?technology=ALL%2CWordPress%2CShopify%2CWix%2CSquarespace%2CWebflow%2CDuda%2CTilda%2CNext.js%2CNuxt.js%2CAstro%2CGatsby%2CHugo%2CJekyll%2CEleventy%2CVercel%2CNetlify%2CGitHub+Pages%2CFramer+Sites%2CLovable%2CBase44&geo=ALL&rank=ALL&start=2020-01-01&end=2026-05-01,2026-06-15T22:17:28.655795Z
2024-10-01,Gatsby,Static/app framework,React static site generator,#663399,12612,14554,27166,ALL,ALL,HTTP Archive Technology Report API adoption endpoint,https://cdn.httparchive.org/v1/adoption?technology=ALL%2CWordPress%2CShopify%2CWix%2CSquarespace%2CWebflow%2CDuda%2CTilda%2CNext.js%2CNuxt.js%2CAstro%2CGatsby%2CHugo%2CJekyll%2CEleventy%2CVercel%2CNetlify%2CGitHub+Pages%2CFramer+Sites%2CLovable%2CBase44&geo=ALL&rank=ALL&start=2020-01-01&end=2026-05-01,2026-06-15T22:17:28.655795Z
2024-10-01,GitHub Pages,Deployment surface,Static hosting platform,#6e7781,23908,12726,36634,ALL,ALL,HTTP Archive Technology Report API adoption endpoint,https://cdn.httparchive.org/v1/adoption?technology=ALL%2CWordPress%2CShopify%2CWix%2CSquarespace%2CWebflow%2CDuda%2CTilda%2CNext.js%2CNuxt.js%2CAstro%2CGatsby%2CHugo%2CJekyll%2CEleventy%2CVercel%2CNetlify%2CGitHub+Pages%2CFramer+Sites%2CLovable%2CBase44&geo=ALL&rank=ALL&start=2020-01-01&end=2026-05-01,2026-06-15T22:17:28.655795Z
2024-10-01,Hugo,Static/app framework,Static site generator,#ff4088,7617,6781,14398,ALL,ALL,HTTP Archive Technology Report API adoption endpoint,https://cdn.httparchive.org/v1/adoption?technology=ALL%2CWordPress%2CShopify%2CWix%2CSquarespace%2CWebflow%2CDuda%2CTilda%2CNext.js%2CNuxt.js%2CAstro%2CGatsby%2CHugo%2CJekyll%2CEleventy%2CVercel%2CNetlify%2CGitHub+Pages%2CFramer+Sites%2CLovable%2CBase44&geo=ALL&rank=ALL&start=2020-01-01&end=2026-05-01,2026-06-15T22:17:28.655795Z
2024-10-01,Jekyll,Static/app framework,Static site generator,#cc0000,4973,2855,7828,ALL,ALL,HTTP Archive Technology Report API adoption endpoint,https://cdn.httparchive.org/v1/adoption?technology=ALL%2CWordPress%2CShopify%2CWix%2CSquarespace%2CWebflow%2CDuda%2CTilda%2CNext.js%2CNuxt.js%2CAstro%2CGatsby%2CHugo%2CJekyll%2CEleventy%2CVercel%2CNetlify%2CGitHub+Pages%2CFramer+Sites%2CLovable%2CBase44&geo=ALL&rank=ALL&start=2020-01-01&end=2026-05-01,2026-06-15T22:17:28.655795Z
2024-10-01,Netlify,Deployment surface,Static/app deployment platform,#00ad9f,23727,27529,51256,ALL,ALL,HTTP Archive Technology Report API adoption endpoint,https://cdn.httparchive.org/v1/adoption?technology=ALL%2CWordPress%2CShopify%2CWix%2CSquarespace%2CWebflow%2CDuda%2CTilda%2CNext.js%2CNuxt.js%2CAstro%2CGatsby%2CHugo%2CJekyll%2CEleventy%2CVercel%2CNetlify%2CGitHub+Pages%2CFramer+Sites%2CLovable%2CBase44&geo=ALL&rank=ALL&start=2020-01-01&end=2026-05-01,2026-06-15T22:17:28.655795Z
2024-10-01,Next.js,Static/app framework,React app framework and static/hybrid generator,#111827,136720,184739,321459,ALL,ALL,HTTP Archive Technology Report API adoption endpoint,https://cdn.httparchive.org/v1/adoption?technology=ALL%2CWordPress%2CShopify%2CWix%2CSquarespace%2CWebflow%2CDuda%2CTilda%2CNext.js%2CNuxt.js%2CAstro%2CGatsby%2CHugo%2CJekyll%2CEleventy%2CVercel%2CNetlify%2CGitHub+Pages%2CFramer+Sites%2CLovable%2CBase44&geo=ALL&rank=ALL&start=2020-01-01&end=2026-05-01,2026-06-15T22:17:28.655795Z
2024-10-01,Nuxt.js,Static/app framework,Vue app framework and static/hybrid generator,#00dc82,53328,72857,126185,ALL,ALL,HTTP Archive Technology Report API adoption endpoint,https://cdn.httparchive.org/v1/adoption?technology=ALL%2CWordPress%2CShopify%2CWix%2CSquarespace%2CWebflow%2CDuda%2CTilda%2CNext.js%2CNuxt.js%2CAstro%2CGatsby%2CHugo%2CJekyll%2CEleventy%2CVercel%2CNetlify%2CGitHub+Pages%2CFramer+Sites%2CLovable%2CBase44&geo=ALL&rank=ALL&start=2020-01-01&end=2026-05-01,2026-06-15T22:17:28.655795Z
2024-10-01,Shopify,CMS/ecommerce/builder,Hosted ecommerce,#16a34a,284606,368631,653237,ALL,ALL,HTTP Archive Technology Report API adoption endpoint,https://cdn.httparchive.org/v1/adoption?technology=ALL%2CWordPress%2CShopify%2CWix%2CSquarespace%2CWebflow%2CDuda%2CTilda%2CNext.js%2CNuxt.js%2CAstro%2CGatsby%2CHugo%2CJekyll%2CEleventy%2CVercel%2CNetlify%2CGitHub+Pages%2CFramer+Sites%2CLovable%2CBase44&geo=ALL&rank=ALL&start=2020-01-01&end=2026-05-01,2026-06-15T22:17:28.655795Z
2024-10-01,Squarespace,CMS/ecommerce/builder,Hosted website builder,#64748b,90302,103053,193355,ALL,ALL,HTTP Archive Technology Report API adoption endpoint,https://cdn.httparchive.org/v1/adoption?technology=ALL%2CWordPress%2CShopify%2CWix%2CSquarespace%2CWebflow%2CDuda%2CTilda%2CNext.js%2CNuxt.js%2CAstro%2CGatsby%2CHugo%2CJekyll%2CEleventy%2CVercel%2CNetlify%2CGitHub+Pages%2CFramer+Sites%2CLovable%2CBase44&geo=ALL&rank=ALL&start=2020-01-01&end=2026-05-01,2026-06-15T22:17:28.655795Z
2024-10-01,Tilda,CMS/ecommerce/builder,Hosted website builder,#a855f7,14371,54393,68764,ALL,ALL,HTTP Archive Technology Report API adoption endpoint,https://cdn.httparchive.org/v1/adoption?technology=ALL%2CWordPress%2CShopify%2CWix%2CSquarespace%2CWebflow%2CDuda%2CTilda%2CNext.js%2CNuxt.js%2CAstro%2CGatsby%2CHugo%2CJekyll%2CEleventy%2CVercel%2CNetlify%2CGitHub+Pages%2CFramer+Sites%2CLovable%2CBase44&geo=ALL&rank=ALL&start=2020-01-01&end=2026-05-01,2026-06-15T22:17:28.655795Z
2024-10-01,Vercel,Deployment surface,Frontend cloud/PaaS often paired with Next.js,#000000,47276,51553,98829,ALL,ALL,HTTP Archive Technology Report API adoption endpoint,https://cdn.httparchive.org/v1/adoption?technology=ALL%2CWordPress%2CShopify%2CWix%2CSquarespace%2CWebflow%2CDuda%2CTilda%2CNext.js%2CNuxt.js%2CAstro%2CGatsby%2CHugo%2CJekyll%2CEleventy%2CVercel%2CNetlify%2CGitHub+Pages%2CFramer+Sites%2CLovable%2CBase44&geo=ALL&rank=ALL&start=2020-01-01&end=2026-05-01,2026-06-15T22:17:28.655795Z
2024-10-01,Webflow,CMS/ecommerce/builder,Visual website builder/CMS,#0891b2,57826,59497,117323,ALL,ALL,HTTP Archive Technology Report API adoption endpoint,https://cdn.httparchive.org/v1/adoption?technology=ALL%2CWordPress%2CShopify%2CWix%2CSquarespace%2CWebflow%2CDuda%2CTilda%2CNext.js%2CNuxt.js%2CAstro%2CGatsby%2CHugo%2CJekyll%2CEleventy%2CVercel%2CNetlify%2CGitHub+Pages%2CFramer+Sites%2CLovable%2CBase44&geo=ALL&rank=ALL&start=2020-01-01&end=2026-05-01,2026-06-15T22:17:28.655795Z
2024-10-01,Wix,CMS/ecommerce/builder,Hosted website builder,#f59e0b,96258,217683,313941,ALL,ALL,HTTP Archive Technology Report API adoption endpoint,https://cdn.httparchive.org/v1/adoption?technology=ALL%2CWordPress%2CShopify%2CWix%2CSquarespace%2CWebflow%2CDuda%2CTilda%2CNext.js%2CNuxt.js%2CAstro%2CGatsby%2CHugo%2CJekyll%2CEleventy%2CVercel%2CNetlify%2CGitHub+Pages%2CFramer+Sites%2CLovable%2CBase44&geo=ALL&rank=ALL&start=2020-01-01&end=2026-05-01,2026-06-15T22:17:28.655795Z
2024-10-01,WordPress,CMS/ecommerce/builder,Open-source CMS,#2563eb,2173266,3319174,5492440,ALL,ALL,HTTP Archive Technology Report API adoption endpoint,https://cdn.httparchive.org/v1/adoption?technology=ALL%2CWordPress%2CShopify%2CWix%2CSquarespace%2CWebflow%2CDuda%2CTilda%2CNext.js%2CNuxt.js%2CAstro%2CGatsby%2CHugo%2CJekyll%2CEleventy%2CVercel%2CNetlify%2CGitHub+Pages%2CFramer+Sites%2CLovable%2CBase44&geo=ALL&rank=ALL&start=2020-01-01&end=2026-05-01,2026-06-15T22:17:28.655795Z
2024-11-01,ALL,All origins,All HTTP Archive crawl origins,#0f172a,6527203,9363536,15890739,ALL,ALL,HTTP Archive Technology Report API adoption endpoint,https://cdn.httparchive.org/v1/adoption?technology=ALL%2CWordPress%2CShopify%2CWix%2CSquarespace%2CWebflow%2CDuda%2CTilda%2CNext.js%2CNuxt.js%2CAstro%2CGatsby%2CHugo%2CJekyll%2CEleventy%2CVercel%2CNetlify%2CGitHub+Pages%2CFramer+Sites%2CLovable%2CBase44&geo=ALL&rank=ALL&start=2020-01-01&end=2026-05-01,2026-06-15T22:17:28.655795Z
2024-11-01,Astro,Static/app framework,Static site generator/app framework,#fb7185,6361,9928,16289,ALL,ALL,HTTP Archive Technology Report API adoption endpoint,https://cdn.httparchive.org/v1/adoption?technology=ALL%2CWordPress%2CShopify%2CWix%2CSquarespace%2CWebflow%2CDuda%2CTilda%2CNext.js%2CNuxt.js%2CAstro%2CGatsby%2CHugo%2CJekyll%2CEleventy%2CVercel%2CNetlify%2CGitHub+Pages%2CFramer+Sites%2CLovable%2CBase44&geo=ALL&rank=ALL&start=2020-01-01&end=2026-05-01,2026-06-15T22:17:28.655795Z
2024-11-01,Duda,CMS/ecommerce/builder,Hosted website builder,#dc2626,15813,40124,55937,ALL,ALL,HTTP Archive Technology Report API adoption endpoint,https://cdn.httparchive.org/v1/adoption?technology=ALL%2CWordPress%2CShopify%2CWix%2CSquarespace%2CWebflow%2CDuda%2CTilda%2CNext.js%2CNuxt.js%2CAstro%2CGatsby%2CHugo%2CJekyll%2CEleventy%2CVercel%2CNetlify%2CGitHub+Pages%2CFramer+Sites%2CLovable%2CBase44&geo=ALL&rank=ALL&start=2020-01-01&end=2026-05-01,2026-06-15T22:17:28.655795Z
2024-11-01,Eleventy,Static/app framework,Static site generator,#222222,170,132,302,ALL,ALL,HTTP Archive Technology Report API adoption endpoint,https://cdn.httparchive.org/v1/adoption?technology=ALL%2CWordPress%2CShopify%2CWix%2CSquarespace%2CWebflow%2CDuda%2CTilda%2CNext.js%2CNuxt.js%2CAstro%2CGatsby%2CHugo%2CJekyll%2CEleventy%2CVercel%2CNetlify%2CGitHub+Pages%2CFramer+Sites%2CLovable%2CBase44&geo=ALL&rank=ALL&start=2020-01-01&end=2026-05-01,2026-06-15T22:17:28.655795Z
2024-11-01,Framer Sites,AI-era builder signal,Visual site builder with AI-assisted creation features,#0055ff,5595,4567,10162,ALL,ALL,HTTP Archive Technology Report API adoption endpoint,https://cdn.httparchive.org/v1/adoption?technology=ALL%2CWordPress%2CShopify%2CWix%2CSquarespace%2CWebflow%2CDuda%2CTilda%2CNext.js%2CNuxt.js%2CAstro%2CGatsby%2CHugo%2CJekyll%2CEleventy%2CVercel%2CNetlify%2CGitHub+Pages%2CFramer+Sites%2CLovable%2CBase44&geo=ALL&rank=ALL&start=2020-01-01&end=2026-05-01,2026-06-15T22:17:28.655795Z
2024-11-01,Gatsby,Static/app framework,React static site generator,#663399,12462,14282,26744,ALL,ALL,HTTP Archive Technology Report API adoption endpoint,https://cdn.httparchive.org/v1/adoption?technology=ALL%2CWordPress%2CShopify%2CWix%2CSquarespace%2CWebflow%2CDuda%2CTilda%2CNext.js%2CNuxt.js%2CAstro%2CGatsby%2CHugo%2CJekyll%2CEleventy%2CVercel%2CNetlify%2CGitHub+Pages%2CFramer+Sites%2CLovable%2CBase44&geo=ALL&rank=ALL&start=2020-01-01&end=2026-05-01,2026-06-15T22:17:28.655795Z
2024-11-01,GitHub Pages,Deployment surface,Static hosting platform,#6e7781,24465,12650,37115,ALL,ALL,HTTP Archive Technology Report API adoption endpoint,https://cdn.httparchive.org/v1/adoption?technology=ALL%2CWordPress%2CShopify%2CWix%2CSquarespace%2CWebflow%2CDuda%2CTilda%2CNext.js%2CNuxt.js%2CAstro%2CGatsby%2CHugo%2CJekyll%2CEleventy%2CVercel%2CNetlify%2CGitHub+Pages%2CFramer+Sites%2CLovable%2CBase44&geo=ALL&rank=ALL&start=2020-01-01&end=2026-05-01,2026-06-15T22:17:28.655795Z
2024-11-01,Hugo,Static/app framework,Static site generator,#ff4088,7638,6530,14168,ALL,ALL,HTTP Archive Technology Report API adoption endpoint,https://cdn.httparchive.org/v1/adoption?technology=ALL%2CWordPress%2CShopify%2CWix%2CSquarespace%2CWebflow%2CDuda%2CTilda%2CNext.js%2CNuxt.js%2CAstro%2CGatsby%2CHugo%2CJekyll%2CEleventy%2CVercel%2CNetlify%2CGitHub+Pages%2CFramer+Sites%2CLovable%2CBase44&geo=ALL&rank=ALL&start=2020-01-01&end=2026-05-01,2026-06-15T22:17:28.655795Z
2024-11-01,Jekyll,Static/app framework,Static site generator,#cc0000,5015,2779,7794,ALL,ALL,HTTP Archive Technology Report API adoption endpoint,https://cdn.httparchive.org/v1/adoption?technology=ALL%2CWordPress%2CShopify%2CWix%2CSquarespace%2CWebflow%2CDuda%2CTilda%2CNext.js%2CNuxt.js%2CAstro%2CGatsby%2CHugo%2CJekyll%2CEleventy%2CVercel%2CNetlify%2CGitHub+Pages%2CFramer+Sites%2CLovable%2CBase44&geo=ALL&rank=ALL&start=2020-01-01&end=2026-05-01,2026-06-15T22:17:28.655795Z
2024-11-01,Netlify,Deployment surface,Static/app deployment platform,#00ad9f,23657,27210,50867,ALL,ALL,HTTP Archive Technology Report API adoption endpoint,https://cdn.httparchive.org/v1/adoption?technology=ALL%2CWordPress%2CShopify%2CWix%2CSquarespace%2CWebflow%2CDuda%2CTilda%2CNext.js%2CNuxt.js%2CAstro%2CGatsby%2CHugo%2CJekyll%2CEleventy%2CVercel%2CNetlify%2CGitHub+Pages%2CFramer+Sites%2CLovable%2CBase44&geo=ALL&rank=ALL&start=2020-01-01&end=2026-05-01,2026-06-15T22:17:28.655795Z
2024-11-01,Next.js,Static/app framework,React app framework and static/hybrid generator,#111827,142338,191072,333410,ALL,ALL,HTTP Archive Technology Report API adoption endpoint,https://cdn.httparchive.org/v1/adoption?technology=ALL%2CWordPress%2CShopify%2CWix%2CSquarespace%2CWebflow%2CDuda%2CTilda%2CNext.js%2CNuxt.js%2CAstro%2CGatsby%2CHugo%2CJekyll%2CEleventy%2CVercel%2CNetlify%2CGitHub+Pages%2CFramer+Sites%2CLovable%2CBase44&geo=ALL&rank=ALL&start=2020-01-01&end=2026-05-01,2026-06-15T22:17:28.655795Z
2024-11-01,Nuxt.js,Static/app framework,Vue app framework and static/hybrid generator,#00dc82,54483,72722,127205,ALL,ALL,HTTP Archive Technology Report API adoption endpoint,https://cdn.httparchive.org/v1/adoption?technology=ALL%2CWordPress%2CShopify%2CWix%2CSquarespace%2CWebflow%2CDuda%2CTilda%2CNext.js%2CNuxt.js%2CAstro%2CGatsby%2CHugo%2CJekyll%2CEleventy%2CVercel%2CNetlify%2CGitHub+Pages%2CFramer+Sites%2CLovable%2CBase44&geo=ALL&rank=ALL&start=2020-01-01&end=2026-05-01,2026-06-15T22:17:28.655795Z
2024-11-01,Shopify,CMS/ecommerce/builder,Hosted ecommerce,#16a34a,302090,383961,686051,ALL,ALL,HTTP Archive Technology Report API adoption endpoint,https://cdn.httparchive.org/v1/adoption?technology=ALL%2CWordPress%2CShopify%2CWix%2CSquarespace%2CWebflow%2CDuda%2CTilda%2CNext.js%2CNuxt.js%2CAstro%2CGatsby%2CHugo%2CJekyll%2CEleventy%2CVercel%2CNetlify%2CGitHub+Pages%2CFramer+Sites%2CLovable%2CBase44&geo=ALL&rank=ALL&start=2020-01-01&end=2026-05-01,2026-06-15T22:17:28.655795Z
2024-11-01,Squarespace,CMS/ecommerce/builder,Hosted website builder,#64748b,88066,98496,186562,ALL,ALL,HTTP Archive Technology Report API adoption endpoint,https://cdn.httparchive.org/v1/adoption?technology=ALL%2CWordPress%2CShopify%2CWix%2CSquarespace%2CWebflow%2CDuda%2CTilda%2CNext.js%2CNuxt.js%2CAstro%2CGatsby%2CHugo%2CJekyll%2CEleventy%2CVercel%2CNetlify%2CGitHub+Pages%2CFramer+Sites%2CLovable%2CBase44&geo=ALL&rank=ALL&start=2020-01-01&end=2026-05-01,2026-06-15T22:17:28.655795Z
2024-11-01,Tilda,CMS/ecommerce/builder,Hosted website builder,#a855f7,14858,53900,68758,ALL,ALL,HTTP Archive Technology Report API adoption endpoint,https://cdn.httparchive.org/v1/adoption?technology=ALL%2CWordPress%2CShopify%2CWix%2CSquarespace%2CWebflow%2CDuda%2CTilda%2CNext.js%2CNuxt.js%2CAstro%2CGatsby%2CHugo%2CJekyll%2CEleventy%2CVercel%2CNetlify%2CGitHub+Pages%2CFramer+Sites%2CLovable%2CBase44&geo=ALL&rank=ALL&start=2020-01-01&end=2026-05-01,2026-06-15T22:17:28.655795Z
2024-11-01,Vercel,Deployment surface,Frontend cloud/PaaS often paired with Next.js,#000000,48917,52895,101812,ALL,ALL,HTTP Archive Technology Report API adoption endpoint,https://cdn.httparchive.org/v1/adoption?technology=ALL%2CWordPress%2CShopify%2CWix%2CSquarespace%2CWebflow%2CDuda%2CTilda%2CNext.js%2CNuxt.js%2CAstro%2CGatsby%2CHugo%2CJekyll%2CEleventy%2CVercel%2CNetlify%2CGitHub+Pages%2CFramer+Sites%2CLovable%2CBase44&geo=ALL&rank=ALL&start=2020-01-01&end=2026-05-01,2026-06-15T22:17:28.655795Z
2024-11-01,Webflow,CMS/ecommerce/builder,Visual website builder/CMS,#0891b2,58110,59470,117580,ALL,ALL,HTTP Archive Technology Report API adoption endpoint,https://cdn.httparchive.org/v1/adoption?technology=ALL%2CWordPress%2CShopify%2CWix%2CSquarespace%2CWebflow%2CDuda%2CTilda%2CNext.js%2CNuxt.js%2CAstro%2CGatsby%2CHugo%2CJekyll%2CEleventy%2CVercel%2CNetlify%2CGitHub+Pages%2CFramer+Sites%2CLovable%2CBase44&geo=ALL&rank=ALL&start=2020-01-01&end=2026-05-01,2026-06-15T22:17:28.655795Z
2024-11-01,Wix,CMS/ecommerce/builder,Hosted website builder,#f59e0b,94714,207949,302663,ALL,ALL,HTTP Archive Technology Report API adoption endpoint,https://cdn.httparchive.org/v1/adoption?technology=ALL%2CWordPress%2CShopify%2CWix%2CSquarespace%2CWebflow%2CDuda%2CTilda%2CNext.js%2CNuxt.js%2CAstro%2CGatsby%2CHugo%2CJekyll%2CEleventy%2CVercel%2CNetlify%2CGitHub+Pages%2CFramer+Sites%2CLovable%2CBase44&geo=ALL&rank=ALL&start=2020-01-01&end=2026-05-01,2026-06-15T22:17:28.655795Z
2024-11-01,WordPress,CMS/ecommerce/builder,Open-source CMS,#2563eb,2151633,3222201,5373834,ALL,ALL,HTTP Archive Technology Report API adoption endpoint,https://cdn.httparchive.org/v1/adoption?technology=ALL%2CWordPress%2CShopify%2CWix%2CSquarespace%2CWebflow%2CDuda%2CTilda%2CNext.js%2CNuxt.js%2CAstro%2CGatsby%2CHugo%2CJekyll%2CEleventy%2CVercel%2CNetlify%2CGitHub+Pages%2CFramer+Sites%2CLovable%2CBase44&geo=ALL&rank=ALL&start=2020-01-01&end=2026-05-01,2026-06-15T22:17:28.655795Z
2024-12-01,ALL,All origins,All HTTP Archive crawl origins,#0f172a,5858941,8858847,14717788,ALL,ALL,HTTP Archive Technology Report API adoption endpoint,https://cdn.httparchive.org/v1/adoption?technology=ALL%2CWordPress%2CShopify%2CWix%2CSquarespace%2CWebflow%2CDuda%2CTilda%2CNext.js%2CNuxt.js%2CAstro%2CGatsby%2CHugo%2CJekyll%2CEleventy%2CVercel%2CNetlify%2CGitHub+Pages%2CFramer+Sites%2CLovable%2CBase44&geo=ALL&rank=ALL&start=2020-01-01&end=2026-05-01,2026-06-15T22:17:28.655795Z
2024-12-01,Astro,Static/app framework,Static site generator/app framework,#fb7185,6070,10080,16150,ALL,ALL,HTTP Archive Technology Report API adoption endpoint,https://cdn.httparchive.org/v1/adoption?technology=ALL%2CWordPress%2CShopify%2CWix%2CSquarespace%2CWebflow%2CDuda%2CTilda%2CNext.js%2CNuxt.js%2CAstro%2CGatsby%2CHugo%2CJekyll%2CEleventy%2CVercel%2CNetlify%2CGitHub+Pages%2CFramer+Sites%2CLovable%2CBase44&geo=ALL&rank=ALL&start=2020-01-01&end=2026-05-01,2026-06-15T22:17:28.655795Z
2024-12-01,Duda,CMS/ecommerce/builder,Hosted website builder,#dc2626,13431,38803,52234,ALL,ALL,HTTP Archive Technology Report API adoption endpoint,https://cdn.httparchive.org/v1/adoption?technology=ALL%2CWordPress%2CShopify%2CWix%2CSquarespace%2CWebflow%2CDuda%2CTilda%2CNext.js%2CNuxt.js%2CAstro%2CGatsby%2CHugo%2CJekyll%2CEleventy%2CVercel%2CNetlify%2CGitHub+Pages%2CFramer+Sites%2CLovable%2CBase44&geo=ALL&rank=ALL&start=2020-01-01&end=2026-05-01,2026-06-15T22:17:28.655795Z
2024-12-01,Eleventy,Static/app framework,Static site generator,#222222,149,128,277,ALL,ALL,HTTP Archive Technology Report API adoption endpoint,https://cdn.httparchive.org/v1/adoption?technology=ALL%2CWordPress%2CShopify%2CWix%2CSquarespace%2CWebflow%2CDuda%2CTilda%2CNext.js%2CNuxt.js%2CAstro%2CGatsby%2CHugo%2CJekyll%2CEleventy%2CVercel%2CNetlify%2CGitHub+Pages%2CFramer+Sites%2CLovable%2CBase44&geo=ALL&rank=ALL&start=2020-01-01&end=2026-05-01,2026-06-15T22:17:28.655795Z
2024-12-01,Framer Sites,AI-era builder signal,Visual site builder with AI-assisted creation features,#0055ff,5318,4540,9858,ALL,ALL,HTTP Archive Technology Report API adoption endpoint,https://cdn.httparchive.org/v1/adoption?technology=ALL%2CWordPress%2CShopify%2CWix%2CSquarespace%2CWebflow%2CDuda%2CTilda%2CNext.js%2CNuxt.js%2CAstro%2CGatsby%2CHugo%2CJekyll%2CEleventy%2CVercel%2CNetlify%2CGitHub+Pages%2CFramer+Sites%2CLovable%2CBase44&geo=ALL&rank=ALL&start=2020-01-01&end=2026-05-01,2026-06-15T22:17:28.655795Z
2024-12-01,Gatsby,Static/app framework,React static site generator,#663399,11290,13658,24948,ALL,ALL,HTTP Archive Technology Report API adoption endpoint,https://cdn.httparchive.org/v1/adoption?technology=ALL%2CWordPress%2CShopify%2CWix%2CSquarespace%2CWebflow%2CDuda%2CTilda%2CNext.js%2CNuxt.js%2CAstro%2CGatsby%2CHugo%2CJekyll%2CEleventy%2CVercel%2CNetlify%2CGitHub+Pages%2CFramer+Sites%2CLovable%2CBase44&geo=ALL&rank=ALL&start=2020-01-01&end=2026-05-01,2026-06-15T22:17:28.655795Z
2024-12-01,GitHub Pages,Deployment surface,Static hosting platform,#6e7781,21701,11930,33631,ALL,ALL,HTTP Archive Technology Report API adoption endpoint,https://cdn.httparchive.org/v1/adoption?technology=ALL%2CWordPress%2CShopify%2CWix%2CSquarespace%2CWebflow%2CDuda%2CTilda%2CNext.js%2CNuxt.js%2CAstro%2CGatsby%2CHugo%2CJekyll%2CEleventy%2CVercel%2CNetlify%2CGitHub+Pages%2CFramer+Sites%2CLovable%2CBase44&geo=ALL&rank=ALL&start=2020-01-01&end=2026-05-01,2026-06-15T22:17:28.655795Z
2024-12-01,Hugo,Static/app framework,Static site generator,#ff4088,6718,6149,12867,ALL,ALL,HTTP Archive Technology Report API adoption endpoint,https://cdn.httparchive.org/v1/adoption?technology=ALL%2CWordPress%2CShopify%2CWix%2CSquarespace%2CWebflow%2CDuda%2CTilda%2CNext.js%2CNuxt.js%2CAstro%2CGatsby%2CHugo%2CJekyll%2CEleventy%2CVercel%2CNetlify%2CGitHub+Pages%2CFramer+Sites%2CLovable%2CBase44&geo=ALL&rank=ALL&start=2020-01-01&end=2026-05-01,2026-06-15T22:17:28.655795Z
2024-12-01,Jekyll,Static/app framework,Static site generator,#cc0000,4244,2579,6823,ALL,ALL,HTTP Archive Technology Report API adoption endpoint,https://cdn.httparchive.org/v1/adoption?technology=ALL%2CWordPress%2CShopify%2CWix%2CSquarespace%2CWebflow%2CDuda%2CTilda%2CNext.js%2CNuxt.js%2CAstro%2CGatsby%2CHugo%2CJekyll%2CEleventy%2CVercel%2CNetlify%2CGitHub+Pages%2CFramer+Sites%2CLovable%2CBase44&geo=ALL&rank=ALL&start=2020-01-01&end=2026-05-01,2026-06-15T22:17:28.655795Z
2024-12-01,Netlify,Deployment surface,Static/app deployment platform,#00ad9f,21232,25955,47187,ALL,ALL,HTTP Archive Technology Report API adoption endpoint,https://cdn.httparchive.org/v1/adoption?technology=ALL%2CWordPress%2CShopify%2CWix%2CSquarespace%2CWebflow%2CDuda%2CTilda%2CNext.js%2CNuxt.js%2CAstro%2CGatsby%2CHugo%2CJekyll%2CEleventy%2CVercel%2CNetlify%2CGitHub+Pages%2CFramer+Sites%2CLovable%2CBase44&geo=ALL&rank=ALL&start=2020-01-01&end=2026-05-01,2026-06-15T22:17:28.655795Z
2024-12-01,Next.js,Static/app framework,React app framework and static/hybrid generator,#111827,137533,189959,327492,ALL,ALL,HTTP Archive Technology Report API adoption endpoint,https://cdn.httparchive.org/v1/adoption?technology=ALL%2CWordPress%2CShopify%2CWix%2CSquarespace%2CWebflow%2CDuda%2CTilda%2CNext.js%2CNuxt.js%2CAstro%2CGatsby%2CHugo%2CJekyll%2CEleventy%2CVercel%2CNetlify%2CGitHub+Pages%2CFramer+Sites%2CLovable%2CBase44&geo=ALL&rank=ALL&start=2020-01-01&end=2026-05-01,2026-06-15T22:17:28.655795Z
2024-12-01,Nuxt.js,Static/app framework,Vue app framework and static/hybrid generator,#00dc82,51583,70257,121840,ALL,ALL,HTTP Archive Technology Report API adoption endpoint,https://cdn.httparchive.org/v1/adoption?technology=ALL%2CWordPress%2CShopify%2CWix%2CSquarespace%2CWebflow%2CDuda%2CTilda%2CNext.js%2CNuxt.js%2CAstro%2CGatsby%2CHugo%2CJekyll%2CEleventy%2CVercel%2CNetlify%2CGitHub+Pages%2CFramer+Sites%2CLovable%2CBase44&geo=ALL&rank=ALL&start=2020-01-01&end=2026-05-01,2026-06-15T22:17:28.655795Z
2024-12-01,Shopify,CMS/ecommerce/builder,Hosted ecommerce,#16a34a,284382,377120,661502,ALL,ALL,HTTP Archive Technology Report API adoption endpoint,https://cdn.httparchive.org/v1/adoption?technology=ALL%2CWordPress%2CShopify%2CWix%2CSquarespace%2CWebflow%2CDuda%2CTilda%2CNext.js%2CNuxt.js%2CAstro%2CGatsby%2CHugo%2CJekyll%2CEleventy%2CVercel%2CNetlify%2CGitHub+Pages%2CFramer+Sites%2CLovable%2CBase44&geo=ALL&rank=ALL&start=2020-01-01&end=2026-05-01,2026-06-15T22:17:28.655795Z
2024-12-01,Squarespace,CMS/ecommerce/builder,Hosted website builder,#64748b,74183,91210,165393,ALL,ALL,HTTP Archive Technology Report API adoption endpoint,https://cdn.httparchive.org/v1/adoption?technology=ALL%2CWordPress%2CShopify%2CWix%2CSquarespace%2CWebflow%2CDuda%2CTilda%2CNext.js%2CNuxt.js%2CAstro%2CGatsby%2CHugo%2CJekyll%2CEleventy%2CVercel%2CNetlify%2CGitHub+Pages%2CFramer+Sites%2CLovable%2CBase44&geo=ALL&rank=ALL&start=2020-01-01&end=2026-05-01,2026-06-15T22:17:28.655795Z
2024-12-01,Tilda,CMS/ecommerce/builder,Hosted website builder,#a855f7,13329,49920,63249,ALL,ALL,HTTP Archive Technology Report API adoption endpoint,https://cdn.httparchive.org/v1/adoption?technology=ALL%2CWordPress%2CShopify%2CWix%2CSquarespace%2CWebflow%2CDuda%2CTilda%2CNext.js%2CNuxt.js%2CAstro%2CGatsby%2CHugo%2CJekyll%2CEleventy%2CVercel%2CNetlify%2CGitHub+Pages%2CFramer+Sites%2CLovable%2CBase44&geo=ALL&rank=ALL&start=2020-01-01&end=2026-05-01,2026-06-15T22:17:28.655795Z
2024-12-01,Vercel,Deployment surface,Frontend cloud/PaaS often paired with Next.js,#000000,46874,52811,99685,ALL,ALL,HTTP Archive Technology Report API adoption endpoint,https://cdn.httparchive.org/v1/adoption?technology=ALL%2CWordPress%2CShopify%2CWix%2CSquarespace%2CWebflow%2CDuda%2CTilda%2CNext.js%2CNuxt.js%2CAstro%2CGatsby%2CHugo%2CJekyll%2CEleventy%2CVercel%2CNetlify%2CGitHub+Pages%2CFramer+Sites%2CLovable%2CBase44&geo=ALL&rank=ALL&start=2020-01-01&end=2026-05-01,2026-06-15T22:17:28.655795Z
2024-12-01,Webflow,CMS/ecommerce/builder,Visual website builder/CMS,#0891b2,51236,55976,107212,ALL,ALL,HTTP Archive Technology Report API adoption endpoint,https://cdn.httparchive.org/v1/adoption?technology=ALL%2CWordPress%2CShopify%2CWix%2CSquarespace%2CWebflow%2CDuda%2CTilda%2CNext.js%2CNuxt.js%2CAstro%2CGatsby%2CHugo%2CJekyll%2CEleventy%2CVercel%2CNetlify%2CGitHub+Pages%2CFramer+Sites%2CLovable%2CBase44&geo=ALL&rank=ALL&start=2020-01-01&end=2026-05-01,2026-06-15T22:17:28.655795Z
2024-12-01,Wix,CMS/ecommerce/builder,Hosted website builder,#f59e0b,78641,196390,275031,ALL,ALL,HTTP Archive Technology Report API adoption endpoint,https://cdn.httparchive.org/v1/adoption?technology=ALL%2CWordPress%2CShopify%2CWix%2CSquarespace%2CWebflow%2CDuda%2CTilda%2CNext.js%2CNuxt.js%2CAstro%2CGatsby%2CHugo%2CJekyll%2CEleventy%2CVercel%2CNetlify%2CGitHub+Pages%2CFramer+Sites%2CLovable%2CBase44&geo=ALL&rank=ALL&start=2020-01-01&end=2026-05-01,2026-06-15T22:17:28.655795Z
2024-12-01,WordPress,CMS/ecommerce/builder,Open-source CMS,#2563eb,1866694,3010466,4877160,ALL,ALL,HTTP Archive Technology Report API adoption endpoint,https://cdn.httparchive.org/v1/adoption?technology=ALL%2CWordPress%2CShopify%2CWix%2CSquarespace%2CWebflow%2CDuda%2CTilda%2CNext.js%2CNuxt.js%2CAstro%2CGatsby%2CHugo%2CJekyll%2CEleventy%2CVercel%2CNetlify%2CGitHub+Pages%2CFramer+Sites%2CLovable%2CBase44&geo=ALL&rank=ALL&start=2020-01-01&end=2026-05-01,2026-06-15T22:17:28.655795Z
2025-01-01,ALL,All origins,All HTTP Archive crawl origins,#0f172a,6392508,9165719,15558227,ALL,ALL,HTTP Archive Technology Report API adoption endpoint,https://cdn.httparchive.org/v1/adoption?technology=ALL%2CWordPress%2CShopify%2CWix%2CSquarespace%2CWebflow%2CDuda%2CTilda%2CNext.js%2CNuxt.js%2CAstro%2CGatsby%2CHugo%2CJekyll%2CEleventy%2CVercel%2CNetlify%2CGitHub+Pages%2CFramer+Sites%2CLovable%2CBase44&geo=ALL&rank=ALL&start=2020-01-01&end=2026-05-01,2026-06-15T22:17:28.655795Z
2025-01-01,Astro,Static/app framework,Static site generator/app framework,#fb7185,6965,10968,17933,ALL,ALL,HTTP Archive Technology Report API adoption endpoint,https://cdn.httparchive.org/v1/adoption?technology=ALL%2CWordPress%2CShopify%2CWix%2CSquarespace%2CWebflow%2CDuda%2CTilda%2CNext.js%2CNuxt.js%2CAstro%2CGatsby%2CHugo%2CJekyll%2CEleventy%2CVercel%2CNetlify%2CGitHub+Pages%2CFramer+Sites%2CLovable%2CBase44&geo=ALL&rank=ALL&start=2020-01-01&end=2026-05-01,2026-06-15T22:17:28.655795Z
2025-01-01,Duda,CMS/ecommerce/builder,Hosted website builder,#dc2626,16690,39504,56194,ALL,ALL,HTTP Archive Technology Report API adoption endpoint,https://cdn.httparchive.org/v1/adoption?technology=ALL%2CWordPress%2CShopify%2CWix%2CSquarespace%2CWebflow%2CDuda%2CTilda%2CNext.js%2CNuxt.js%2CAstro%2CGatsby%2CHugo%2CJekyll%2CEleventy%2CVercel%2CNetlify%2CGitHub+Pages%2CFramer+Sites%2CLovable%2CBase44&geo=ALL&rank=ALL&start=2020-01-01&end=2026-05-01,2026-06-15T22:17:28.655795Z
2025-01-01,Eleventy,Static/app framework,Static site generator,#222222,187,142,329,ALL,ALL,HTTP Archive Technology Report API adoption endpoint,https://cdn.httparchive.org/v1/adoption?technology=ALL%2CWordPress%2CShopify%2CWix%2CSquarespace%2CWebflow%2CDuda%2CTilda%2CNext.js%2CNuxt.js%2CAstro%2CGatsby%2CHugo%2CJekyll%2CEleventy%2CVercel%2CNetlify%2CGitHub+Pages%2CFramer+Sites%2CLovable%2CBase44&geo=ALL&rank=ALL&start=2020-01-01&end=2026-05-01,2026-06-15T22:17:28.655795Z
2025-01-01,Framer Sites,AI-era builder signal,Visual site builder with AI-assisted creation features,#0055ff,6383,5152,11535,ALL,ALL,HTTP Archive Technology Report API adoption endpoint,https://cdn.httparchive.org/v1/adoption?technology=ALL%2CWordPress%2CShopify%2CWix%2CSquarespace%2CWebflow%2CDuda%2CTilda%2CNext.js%2CNuxt.js%2CAstro%2CGatsby%2CHugo%2CJekyll%2CEleventy%2CVercel%2CNetlify%2CGitHub+Pages%2CFramer+Sites%2CLovable%2CBase44&geo=ALL&rank=ALL&start=2020-01-01&end=2026-05-01,2026-06-15T22:17:28.655795Z
2025-01-01,Gatsby,Static/app framework,React static site generator,#663399,12002,14002,26004,ALL,ALL,HTTP Archive Technology Report API adoption endpoint,https://cdn.httparchive.org/v1/adoption?technology=ALL%2CWordPress%2CShopify%2CWix%2CSquarespace%2CWebflow%2CDuda%2CTilda%2CNext.js%2CNuxt.js%2CAstro%2CGatsby%2CHugo%2CJekyll%2CEleventy%2CVercel%2CNetlify%2CGitHub+Pages%2CFramer+Sites%2CLovable%2CBase44&geo=ALL&rank=ALL&start=2020-01-01&end=2026-05-01,2026-06-15T22:17:28.655795Z
2025-01-01,GitHub Pages,Deployment surface,Static hosting platform,#6e7781,22231,12516,34747,ALL,ALL,HTTP Archive Technology Report API adoption endpoint,https://cdn.httparchive.org/v1/adoption?technology=ALL%2CWordPress%2CShopify%2CWix%2CSquarespace%2CWebflow%2CDuda%2CTilda%2CNext.js%2CNuxt.js%2CAstro%2CGatsby%2CHugo%2CJekyll%2CEleventy%2CVercel%2CNetlify%2CGitHub+Pages%2CFramer+Sites%2CLovable%2CBase44&geo=ALL&rank=ALL&start=2020-01-01&end=2026-05-01,2026-06-15T22:17:28.655795Z
2025-01-01,Hugo,Static/app framework,Static site generator,#ff4088,7208,6443,13651,ALL,ALL,HTTP Archive Technology Report API adoption endpoint,https://cdn.httparchive.org/v1/adoption?technology=ALL%2CWordPress%2CShopify%2CWix%2CSquarespace%2CWebflow%2CDuda%2CTilda%2CNext.js%2CNuxt.js%2CAstro%2CGatsby%2CHugo%2CJekyll%2CEleventy%2CVercel%2CNetlify%2CGitHub+Pages%2CFramer+Sites%2CLovable%2CBase44&geo=ALL&rank=ALL&start=2020-01-01&end=2026-05-01,2026-06-15T22:17:28.655795Z
2025-01-01,Jekyll,Static/app framework,Static site generator,#cc0000,4372,2690,7062,ALL,ALL,HTTP Archive Technology Report API adoption endpoint,https://cdn.httparchive.org/v1/adoption?technology=ALL%2CWordPress%2CShopify%2CWix%2CSquarespace%2CWebflow%2CDuda%2CTilda%2CNext.js%2CNuxt.js%2CAstro%2CGatsby%2CHugo%2CJekyll%2CEleventy%2CVercel%2CNetlify%2CGitHub+Pages%2CFramer+Sites%2CLovable%2CBase44&geo=ALL&rank=ALL&start=2020-01-01&end=2026-05-01,2026-06-15T22:17:28.655795Z
2025-01-01,Netlify,Deployment surface,Static/app deployment platform,#00ad9f,23052,26888,49940,ALL,ALL,HTTP Archive Technology Report API adoption endpoint,https://cdn.httparchive.org/v1/adoption?technology=ALL%2CWordPress%2CShopify%2CWix%2CSquarespace%2CWebflow%2CDuda%2CTilda%2CNext.js%2CNuxt.js%2CAstro%2CGatsby%2CHugo%2CJekyll%2CEleventy%2CVercel%2CNetlify%2CGitHub+Pages%2CFramer+Sites%2CLovable%2CBase44&geo=ALL&rank=ALL&start=2020-01-01&end=2026-05-01,2026-06-15T22:17:28.655795Z
2025-01-01,Next.js,Static/app framework,React app framework and static/hybrid generator,#111827,147912,197419,345331,ALL,ALL,HTTP Archive Technology Report API adoption endpoint,https://cdn.httparchive.org/v1/adoption?technology=ALL%2CWordPress%2CShopify%2CWix%2CSquarespace%2CWebflow%2CDuda%2CTilda%2CNext.js%2CNuxt.js%2CAstro%2CGatsby%2CHugo%2CJekyll%2CEleventy%2CVercel%2CNetlify%2CGitHub+Pages%2CFramer+Sites%2CLovable%2CBase44&geo=ALL&rank=ALL&start=2020-01-01&end=2026-05-01,2026-06-15T22:17:28.655795Z
2025-01-01,Nuxt.js,Static/app framework,Vue app framework and static/hybrid generator,#00dc82,55529,77376,132905,ALL,ALL,HTTP Archive Technology Report API adoption endpoint,https://cdn.httparchive.org/v1/adoption?technology=ALL%2CWordPress%2CShopify%2CWix%2CSquarespace%2CWebflow%2CDuda%2CTilda%2CNext.js%2CNuxt.js%2CAstro%2CGatsby%2CHugo%2CJekyll%2CEleventy%2CVercel%2CNetlify%2CGitHub+Pages%2CFramer+Sites%2CLovable%2CBase44&geo=ALL&rank=ALL&start=2020-01-01&end=2026-05-01,2026-06-15T22:17:28.655795Z
2025-01-01,Shopify,CMS/ecommerce/builder,Hosted ecommerce,#16a34a,292010,375794,667804,ALL,ALL,HTTP Archive Technology Report API adoption endpoint,https://cdn.httparchive.org/v1/adoption?technology=ALL%2CWordPress%2CShopify%2CWix%2CSquarespace%2CWebflow%2CDuda%2CTilda%2CNext.js%2CNuxt.js%2CAstro%2CGatsby%2CHugo%2CJekyll%2CEleventy%2CVercel%2CNetlify%2CGitHub+Pages%2CFramer+Sites%2CLovable%2CBase44&geo=ALL&rank=ALL&start=2020-01-01&end=2026-05-01,2026-06-15T22:17:28.655795Z
2025-01-01,Squarespace,CMS/ecommerce/builder,Hosted website builder,#64748b,89605,100050,189655,ALL,ALL,HTTP Archive Technology Report API adoption endpoint,https://cdn.httparchive.org/v1/adoption?technology=ALL%2CWordPress%2CShopify%2CWix%2CSquarespace%2CWebflow%2CDuda%2CTilda%2CNext.js%2CNuxt.js%2CAstro%2CGatsby%2CHugo%2CJekyll%2CEleventy%2CVercel%2CNetlify%2CGitHub+Pages%2CFramer+Sites%2CLovable%2CBase44&geo=ALL&rank=ALL&start=2020-01-01&end=2026-05-01,2026-06-15T22:17:28.655795Z
2025-01-01,Tilda,CMS/ecommerce/builder,Hosted website builder,#a855f7,14439,51708,66147,ALL,ALL,HTTP Archive Technology Report API adoption endpoint,https://cdn.httparchive.org/v1/adoption?technology=ALL%2CWordPress%2CShopify%2CWix%2CSquarespace%2CWebflow%2CDuda%2CTilda%2CNext.js%2CNuxt.js%2CAstro%2CGatsby%2CHugo%2CJekyll%2CEleventy%2CVercel%2CNetlify%2CGitHub+Pages%2CFramer+Sites%2CLovable%2CBase44&geo=ALL&rank=ALL&start=2020-01-01&end=2026-05-01,2026-06-15T22:17:28.655795Z
2025-01-01,Vercel,Deployment surface,Frontend cloud/PaaS often paired with Next.js,#000000,51082,55440,106522,ALL,ALL,HTTP Archive Technology Report API adoption endpoint,https://cdn.httparchive.org/v1/adoption?technology=ALL%2CWordPress%2CShopify%2CWix%2CSquarespace%2CWebflow%2CDuda%2CTilda%2CNext.js%2CNuxt.js%2CAstro%2CGatsby%2CHugo%2CJekyll%2CEleventy%2CVercel%2CNetlify%2CGitHub+Pages%2CFramer+Sites%2CLovable%2CBase44&geo=ALL&rank=ALL&start=2020-01-01&end=2026-05-01,2026-06-15T22:17:28.655795Z
2025-01-01,Webflow,CMS/ecommerce/builder,Visual website builder/CMS,#0891b2,59658,60748,120406,ALL,ALL,HTTP Archive Technology Report API adoption endpoint,https://cdn.httparchive.org/v1/adoption?technology=ALL%2CWordPress%2CShopify%2CWix%2CSquarespace%2CWebflow%2CDuda%2CTilda%2CNext.js%2CNuxt.js%2CAstro%2CGatsby%2CHugo%2CJekyll%2CEleventy%2CVercel%2CNetlify%2CGitHub+Pages%2CFramer+Sites%2CLovable%2CBase44&geo=ALL&rank=ALL&start=2020-01-01&end=2026-05-01,2026-06-15T22:17:28.655795Z
2025-01-01,Wix,CMS/ecommerce/builder,Hosted website builder,#f59e0b,94411,201632,296043,ALL,ALL,HTTP Archive Technology Report API adoption endpoint,https://cdn.httparchive.org/v1/adoption?technology=ALL%2CWordPress%2CShopify%2CWix%2CSquarespace%2CWebflow%2CDuda%2CTilda%2CNext.js%2CNuxt.js%2CAstro%2CGatsby%2CHugo%2CJekyll%2CEleventy%2CVercel%2CNetlify%2CGitHub+Pages%2CFramer+Sites%2CLovable%2CBase44&geo=ALL&rank=ALL&start=2020-01-01&end=2026-05-01,2026-06-15T22:17:28.655795Z
2025-01-01,WordPress,CMS/ecommerce/builder,Open-source CMS,#2563eb,2109836,3150225,5260061,ALL,ALL,HTTP Archive Technology Report API adoption endpoint,https://cdn.httparchive.org/v1/adoption?technology=ALL%2CWordPress%2CShopify%2CWix%2CSquarespace%2CWebflow%2CDuda%2CTilda%2CNext.js%2CNuxt.js%2CAstro%2CGatsby%2CHugo%2CJekyll%2CEleventy%2CVercel%2CNetlify%2CGitHub+Pages%2CFramer+Sites%2CLovable%2CBase44&geo=ALL&rank=ALL&start=2020-01-01&end=2026-05-01,2026-06-15T22:17:28.655795Z
2025-02-01,ALL,All origins,All HTTP Archive crawl origins,#0f172a,6683555,9334743,16018298,ALL,ALL,HTTP Archive Technology Report API adoption endpoint,https://cdn.httparchive.org/v1/adoption?technology=ALL%2CWordPress%2CShopify%2CWix%2CSquarespace%2CWebflow%2CDuda%2CTilda%2CNext.js%2CNuxt.js%2CAstro%2CGatsby%2CHugo%2CJekyll%2CEleventy%2CVercel%2CNetlify%2CGitHub+Pages%2CFramer+Sites%2CLovable%2CBase44&geo=ALL&rank=ALL&start=2020-01-01&end=2026-05-01,2026-06-15T22:17:28.655795Z
2025-02-01,Astro,Static/app framework,Static site generator/app framework,#fb7185,7653,11890,19543,ALL,ALL,HTTP Archive Technology Report API adoption endpoint,https://cdn.httparchive.org/v1/adoption?technology=ALL%2CWordPress%2CShopify%2CWix%2CSquarespace%2CWebflow%2CDuda%2CTilda%2CNext.js%2CNuxt.js%2CAstro%2CGatsby%2CHugo%2CJekyll%2CEleventy%2CVercel%2CNetlify%2CGitHub+Pages%2CFramer+Sites%2CLovable%2CBase44&geo=ALL&rank=ALL&start=2020-01-01&end=2026-05-01,2026-06-15T22:17:28.655795Z
2025-02-01,Duda,CMS/ecommerce/builder,Hosted website builder,#dc2626,18062,41341,59403,ALL,ALL,HTTP Archive Technology Report API adoption endpoint,https://cdn.httparchive.org/v1/adoption?technology=ALL%2CWordPress%2CShopify%2CWix%2CSquarespace%2CWebflow%2CDuda%2CTilda%2CNext.js%2CNuxt.js%2CAstro%2CGatsby%2CHugo%2CJekyll%2CEleventy%2CVercel%2CNetlify%2CGitHub+Pages%2CFramer+Sites%2CLovable%2CBase44&geo=ALL&rank=ALL&start=2020-01-01&end=2026-05-01,2026-06-15T22:17:28.655795Z
2025-02-01,Eleventy,Static/app framework,Static site generator,#222222,203,157,360,ALL,ALL,HTTP Archive Technology Report API adoption endpoint,https://cdn.httparchive.org/v1/adoption?technology=ALL%2CWordPress%2CShopify%2CWix%2CSquarespace%2CWebflow%2CDuda%2CTilda%2CNext.js%2CNuxt.js%2CAstro%2CGatsby%2CHugo%2CJekyll%2CEleventy%2CVercel%2CNetlify%2CGitHub+Pages%2CFramer+Sites%2CLovable%2CBase44&geo=ALL&rank=ALL&start=2020-01-01&end=2026-05-01,2026-06-15T22:17:28.655795Z
2025-02-01,Framer Sites,AI-era builder signal,Visual site builder with AI-assisted creation features,#0055ff,7418,5646,13064,ALL,ALL,HTTP Archive Technology Report API adoption endpoint,https://cdn.httparchive.org/v1/adoption?technology=ALL%2CWordPress%2CShopify%2CWix%2CSquarespace%2CWebflow%2CDuda%2CTilda%2CNext.js%2CNuxt.js%2CAstro%2CGatsby%2CHugo%2CJekyll%2CEleventy%2CVercel%2CNetlify%2CGitHub+Pages%2CFramer+Sites%2CLovable%2CBase44&geo=ALL&rank=ALL&start=2020-01-01&end=2026-05-01,2026-06-15T22:17:28.655795Z
2025-02-01,Gatsby,Static/app framework,React static site generator,#663399,12377,13935,26312,ALL,ALL,HTTP Archive Technology Report API adoption endpoint,https://cdn.httparchive.org/v1/adoption?technology=ALL%2CWordPress%2CShopify%2CWix%2CSquarespace%2CWebflow%2CDuda%2CTilda%2CNext.js%2CNuxt.js%2CAstro%2CGatsby%2CHugo%2CJekyll%2CEleventy%2CVercel%2CNetlify%2CGitHub+Pages%2CFramer+Sites%2CLovable%2CBase44&geo=ALL&rank=ALL&start=2020-01-01&end=2026-05-01,2026-06-15T22:17:28.655795Z
2025-02-01,GitHub Pages,Deployment surface,Static hosting platform,#6e7781,23691,12894,36585,ALL,ALL,HTTP Archive Technology Report API adoption endpoint,https://cdn.httparchive.org/v1/adoption?technology=ALL%2CWordPress%2CShopify%2CWix%2CSquarespace%2CWebflow%2CDuda%2CTilda%2CNext.js%2CNuxt.js%2CAstro%2CGatsby%2CHugo%2CJekyll%2CEleventy%2CVercel%2CNetlify%2CGitHub+Pages%2CFramer+Sites%2CLovable%2CBase44&geo=ALL&rank=ALL&start=2020-01-01&end=2026-05-01,2026-06-15T22:17:28.655795Z
2025-02-01,Hugo,Static/app framework,Static site generator,#ff4088,7468,6519,13987,ALL,ALL,HTTP Archive Technology Report API adoption endpoint,https://cdn.httparchive.org/v1/adoption?technology=ALL%2CWordPress%2CShopify%2CWix%2CSquarespace%2CWebflow%2CDuda%2CTilda%2CNext.js%2CNuxt.js%2CAstro%2CGatsby%2CHugo%2CJekyll%2CEleventy%2CVercel%2CNetlify%2CGitHub+Pages%2CFramer+Sites%2CLovable%2CBase44&geo=ALL&rank=ALL&start=2020-01-01&end=2026-05-01,2026-06-15T22:17:28.655795Z
2025-02-01,Jekyll,Static/app framework,Static site generator,#cc0000,4664,2754,7418,ALL,ALL,HTTP Archive Technology Report API adoption endpoint,https://cdn.httparchive.org/v1/adoption?technology=ALL%2CWordPress%2CShopify%2CWix%2CSquarespace%2CWebflow%2CDuda%2CTilda%2CNext.js%2CNuxt.js%2CAstro%2CGatsby%2CHugo%2CJekyll%2CEleventy%2CVercel%2CNetlify%2CGitHub+Pages%2CFramer+Sites%2CLovable%2CBase44&geo=ALL&rank=ALL&start=2020-01-01&end=2026-05-01,2026-06-15T22:17:28.655795Z
2025-02-01,Netlify,Deployment surface,Static/app deployment platform,#00ad9f,23964,24914,48878,ALL,ALL,HTTP Archive Technology Report API adoption endpoint,https://cdn.httparchive.org/v1/adoption?technology=ALL%2CWordPress%2CShopify%2CWix%2CSquarespace%2CWebflow%2CDuda%2CTilda%2CNext.js%2CNuxt.js%2CAstro%2CGatsby%2CHugo%2CJekyll%2CEleventy%2CVercel%2CNetlify%2CGitHub+Pages%2CFramer+Sites%2CLovable%2CBase44&geo=ALL&rank=ALL&start=2020-01-01&end=2026-05-01,2026-06-15T22:17:28.655795Z
2025-02-01,Next.js,Static/app framework,React app framework and static/hybrid generator,#111827,157409,202627,360036,ALL,ALL,HTTP Archive Technology Report API adoption endpoint,https://cdn.httparchive.org/v1/adoption?technology=ALL%2CWordPress%2CShopify%2CWix%2CSquarespace%2CWebflow%2CDuda%2CTilda%2CNext.js%2CNuxt.js%2CAstro%2CGatsby%2CHugo%2CJekyll%2CEleventy%2CVercel%2CNetlify%2CGitHub+Pages%2CFramer+Sites%2CLovable%2CBase44&geo=ALL&rank=ALL&start=2020-01-01&end=2026-05-01,2026-06-15T22:17:28.655795Z
2025-02-01,Nuxt.js,Static/app framework,Vue app framework and static/hybrid generator,#00dc82,58539,80221,138760,ALL,ALL,HTTP Archive Technology Report API adoption endpoint,https://cdn.httparchive.org/v1/adoption?technology=ALL%2CWordPress%2CShopify%2CWix%2CSquarespace%2CWebflow%2CDuda%2CTilda%2CNext.js%2CNuxt.js%2CAstro%2CGatsby%2CHugo%2CJekyll%2CEleventy%2CVercel%2CNetlify%2CGitHub+Pages%2CFramer+Sites%2CLovable%2CBase44&geo=ALL&rank=ALL&start=2020-01-01&end=2026-05-01,2026-06-15T22:17:28.655795Z
2025-02-01,Shopify,CMS/ecommerce/builder,Hosted ecommerce,#16a34a,299542,378797,678339,ALL,ALL,HTTP Archive Technology Report API adoption endpoint,https://cdn.httparchive.org/v1/adoption?technology=ALL%2CWordPress%2CShopify%2CWix%2CSquarespace%2CWebflow%2CDuda%2CTilda%2CNext.js%2CNuxt.js%2CAstro%2CGatsby%2CHugo%2CJekyll%2CEleventy%2CVercel%2CNetlify%2CGitHub+Pages%2CFramer+Sites%2CLovable%2CBase44&geo=ALL&rank=ALL&start=2020-01-01&end=2026-05-01,2026-06-15T22:17:28.655795Z
2025-02-01,Squarespace,CMS/ecommerce/builder,Hosted website builder,#64748b,96341,102596,198937,ALL,ALL,HTTP Archive Technology Report API adoption endpoint,https://cdn.httparchive.org/v1/adoption?technology=ALL%2CWordPress%2CShopify%2CWix%2CSquarespace%2CWebflow%2CDuda%2CTilda%2CNext.js%2CNuxt.js%2CAstro%2CGatsby%2CHugo%2CJekyll%2CEleventy%2CVercel%2CNetlify%2CGitHub+Pages%2CFramer+Sites%2CLovable%2CBase44&geo=ALL&rank=ALL&start=2020-01-01&end=2026-05-01,2026-06-15T22:17:28.655795Z
2025-02-01,Tilda,CMS/ecommerce/builder,Hosted website builder,#a855f7,16135,54284,70419,ALL,ALL,HTTP Archive Technology Report API adoption endpoint,https://cdn.httparchive.org/v1/adoption?technology=ALL%2CWordPress%2CShopify%2CWix%2CSquarespace%2CWebflow%2CDuda%2CTilda%2CNext.js%2CNuxt.js%2CAstro%2CGatsby%2CHugo%2CJekyll%2CEleventy%2CVercel%2CNetlify%2CGitHub+Pages%2CFramer+Sites%2CLovable%2CBase44&geo=ALL&rank=ALL&start=2020-01-01&end=2026-05-01,2026-06-15T22:17:28.655795Z
2025-02-01,Vercel,Deployment surface,Frontend cloud/PaaS often paired with Next.js,#000000,54615,57583,112198,ALL,ALL,HTTP Archive Technology Report API adoption endpoint,https://cdn.httparchive.org/v1/adoption?technology=ALL%2CWordPress%2CShopify%2CWix%2CSquarespace%2CWebflow%2CDuda%2CTilda%2CNext.js%2CNuxt.js%2CAstro%2CGatsby%2CHugo%2CJekyll%2CEleventy%2CVercel%2CNetlify%2CGitHub+Pages%2CFramer+Sites%2CLovable%2CBase44&geo=ALL&rank=ALL&start=2020-01-01&end=2026-05-01,2026-06-15T22:17:28.655795Z
2025-02-01,Webflow,CMS/ecommerce/builder,Visual website builder/CMS,#0891b2,63976,62350,126326,ALL,ALL,HTTP Archive Technology Report API adoption endpoint,https://cdn.httparchive.org/v1/adoption?technology=ALL%2CWordPress%2CShopify%2CWix%2CSquarespace%2CWebflow%2CDuda%2CTilda%2CNext.js%2CNuxt.js%2CAstro%2CGatsby%2CHugo%2CJekyll%2CEleventy%2CVercel%2CNetlify%2CGitHub+Pages%2CFramer+Sites%2CLovable%2CBase44&geo=ALL&rank=ALL&start=2020-01-01&end=2026-05-01,2026-06-15T22:17:28.655795Z
2025-02-01,Wix,CMS/ecommerce/builder,Hosted website builder,#f59e0b,103324,204593,307917,ALL,ALL,HTTP Archive Technology Report API adoption endpoint,https://cdn.httparchive.org/v1/adoption?technology=ALL%2CWordPress%2CShopify%2CWix%2CSquarespace%2CWebflow%2CDuda%2CTilda%2CNext.js%2CNuxt.js%2CAstro%2CGatsby%2CHugo%2CJekyll%2CEleventy%2CVercel%2CNetlify%2CGitHub+Pages%2CFramer+Sites%2CLovable%2CBase44&geo=ALL&rank=ALL&start=2020-01-01&end=2026-05-01,2026-06-15T22:17:28.655795Z
2025-02-01,WordPress,CMS/ecommerce/builder,Open-source CMS,#2563eb,2213218,3200541,5413759,ALL,ALL,HTTP Archive Technology Report API adoption endpoint,https://cdn.httparchive.org/v1/adoption?technology=ALL%2CWordPress%2CShopify%2CWix%2CSquarespace%2CWebflow%2CDuda%2CTilda%2CNext.js%2CNuxt.js%2CAstro%2CGatsby%2CHugo%2CJekyll%2CEleventy%2CVercel%2CNetlify%2CGitHub+Pages%2CFramer+Sites%2CLovable%2CBase44&geo=ALL&rank=ALL&start=2020-01-01&end=2026-05-01,2026-06-15T22:17:28.655795Z
2025-03-01,ALL,All origins,All HTTP Archive crawl origins,#0f172a,6602106,9131193,15733299,ALL,ALL,HTTP Archive Technology Report API adoption endpoint,https://cdn.httparchive.org/v1/adoption?technology=ALL%2CWordPress%2CShopify%2CWix%2CSquarespace%2CWebflow%2CDuda%2CTilda%2CNext.js%2CNuxt.js%2CAstro%2CGatsby%2CHugo%2CJekyll%2CEleventy%2CVercel%2CNetlify%2CGitHub+Pages%2CFramer+Sites%2CLovable%2CBase44&geo=ALL&rank=ALL&start=2020-01-01&end=2026-05-01,2026-06-15T22:17:28.655795Z
2025-03-01,Astro,Static/app framework,Static site generator/app framework,#fb7185,7962,12036,19998,ALL,ALL,HTTP Archive Technology Report API adoption endpoint,https://cdn.httparchive.org/v1/adoption?technology=ALL%2CWordPress%2CShopify%2CWix%2CSquarespace%2CWebflow%2CDuda%2CTilda%2CNext.js%2CNuxt.js%2CAstro%2CGatsby%2CHugo%2CJekyll%2CEleventy%2CVercel%2CNetlify%2CGitHub+Pages%2CFramer+Sites%2CLovable%2CBase44&geo=ALL&rank=ALL&start=2020-01-01&end=2026-05-01,2026-06-15T22:17:28.655795Z
2025-03-01,Duda,CMS/ecommerce/builder,Hosted website builder,#dc2626,18140,40752,58892,ALL,ALL,HTTP Archive Technology Report API adoption endpoint,https://cdn.httparchive.org/v1/adoption?technology=ALL%2CWordPress%2CShopify%2CWix%2CSquarespace%2CWebflow%2CDuda%2CTilda%2CNext.js%2CNuxt.js%2CAstro%2CGatsby%2CHugo%2CJekyll%2CEleventy%2CVercel%2CNetlify%2CGitHub+Pages%2CFramer+Sites%2CLovable%2CBase44&geo=ALL&rank=ALL&start=2020-01-01&end=2026-05-01,2026-06-15T22:17:28.655795Z
2025-03-01,Eleventy,Static/app framework,Static site generator,#222222,205,162,367,ALL,ALL,HTTP Archive Technology Report API adoption endpoint,https://cdn.httparchive.org/v1/adoption?technology=ALL%2CWordPress%2CShopify%2CWix%2CSquarespace%2CWebflow%2CDuda%2CTilda%2CNext.js%2CNuxt.js%2CAstro%2CGatsby%2CHugo%2CJekyll%2CEleventy%2CVercel%2CNetlify%2CGitHub+Pages%2CFramer+Sites%2CLovable%2CBase44&geo=ALL&rank=ALL&start=2020-01-01&end=2026-05-01,2026-06-15T22:17:28.655795Z
2025-03-01,Framer Sites,AI-era builder signal,Visual site builder with AI-assisted creation features,#0055ff,7690,5797,13487,ALL,ALL,HTTP Archive Technology Report API adoption endpoint,https://cdn.httparchive.org/v1/adoption?technology=ALL%2CWordPress%2CShopify%2CWix%2CSquarespace%2CWebflow%2CDuda%2CTilda%2CNext.js%2CNuxt.js%2CAstro%2CGatsby%2CHugo%2CJekyll%2CEleventy%2CVercel%2CNetlify%2CGitHub+Pages%2CFramer+Sites%2CLovable%2CBase44&geo=ALL&rank=ALL&start=2020-01-01&end=2026-05-01,2026-06-15T22:17:28.655795Z
2025-03-01,Gatsby,Static/app framework,React static site generator,#663399,12141,13615,25756,ALL,ALL,HTTP Archive Technology Report API adoption endpoint,https://cdn.httparchive.org/v1/adoption?technology=ALL%2CWordPress%2CShopify%2CWix%2CSquarespace%2CWebflow%2CDuda%2CTilda%2CNext.js%2CNuxt.js%2CAstro%2CGatsby%2CHugo%2CJekyll%2CEleventy%2CVercel%2CNetlify%2CGitHub+Pages%2CFramer+Sites%2CLovable%2CBase44&geo=ALL&rank=ALL&start=2020-01-01&end=2026-05-01,2026-06-15T22:17:28.655795Z
2025-03-01,GitHub Pages,Deployment surface,Static hosting platform,#6e7781,23759,12553,36312,ALL,ALL,HTTP Archive Technology Report API adoption endpoint,https://cdn.httparchive.org/v1/adoption?technology=ALL%2CWordPress%2CShopify%2CWix%2CSquarespace%2CWebflow%2CDuda%2CTilda%2CNext.js%2CNuxt.js%2CAstro%2CGatsby%2CHugo%2CJekyll%2CEleventy%2CVercel%2CNetlify%2CGitHub+Pages%2CFramer+Sites%2CLovable%2CBase44&geo=ALL&rank=ALL&start=2020-01-01&end=2026-05-01,2026-06-15T22:17:28.655795Z
2025-03-01,Hugo,Static/app framework,Static site generator,#ff4088,7341,6431,13772,ALL,ALL,HTTP Archive Technology Report API adoption endpoint,https://cdn.httparchive.org/v1/adoption?technology=ALL%2CWordPress%2CShopify%2CWix%2CSquarespace%2CWebflow%2CDuda%2CTilda%2CNext.js%2CNuxt.js%2CAstro%2CGatsby%2CHugo%2CJekyll%2CEleventy%2CVercel%2CNetlify%2CGitHub+Pages%2CFramer+Sites%2CLovable%2CBase44&geo=ALL&rank=ALL&start=2020-01-01&end=2026-05-01,2026-06-15T22:17:28.655795Z
2025-03-01,Jekyll,Static/app framework,Static site generator,#cc0000,4570,2575,7145,ALL,ALL,HTTP Archive Technology Report API adoption endpoint,https://cdn.httparchive.org/v1/adoption?technology=ALL%2CWordPress%2CShopify%2CWix%2CSquarespace%2CWebflow%2CDuda%2CTilda%2CNext.js%2CNuxt.js%2CAstro%2CGatsby%2CHugo%2CJekyll%2CEleventy%2CVercel%2CNetlify%2CGitHub+Pages%2CFramer+Sites%2CLovable%2CBase44&geo=ALL&rank=ALL&start=2020-01-01&end=2026-05-01,2026-06-15T22:17:28.655795Z
2025-03-01,Netlify,Deployment surface,Static/app deployment platform,#00ad9f,23525,24335,47860,ALL,ALL,HTTP Archive Technology Report API adoption endpoint,https://cdn.httparchive.org/v1/adoption?technology=ALL%2CWordPress%2CShopify%2CWix%2CSquarespace%2CWebflow%2CDuda%2CTilda%2CNext.js%2CNuxt.js%2CAstro%2CGatsby%2CHugo%2CJekyll%2CEleventy%2CVercel%2CNetlify%2CGitHub+Pages%2CFramer+Sites%2CLovable%2CBase44&geo=ALL&rank=ALL&start=2020-01-01&end=2026-05-01,2026-06-15T22:17:28.655795Z
2025-03-01,Next.js,Static/app framework,React app framework and static/hybrid generator,#111827,159548,201956,361504,ALL,ALL,HTTP Archive Technology Report API adoption endpoint,https://cdn.httparchive.org/v1/adoption?technology=ALL%2CWordPress%2CShopify%2CWix%2CSquarespace%2CWebflow%2CDuda%2CTilda%2CNext.js%2CNuxt.js%2CAstro%2CGatsby%2CHugo%2CJekyll%2CEleventy%2CVercel%2CNetlify%2CGitHub+Pages%2CFramer+Sites%2CLovable%2CBase44&geo=ALL&rank=ALL&start=2020-01-01&end=2026-05-01,2026-06-15T22:17:28.655795Z
2025-03-01,Nuxt.js,Static/app framework,Vue app framework and static/hybrid generator,#00dc82,59014,80154,139168,ALL,ALL,HTTP Archive Technology Report API adoption endpoint,https://cdn.httparchive.org/v1/adoption?technology=ALL%2CWordPress%2CShopify%2CWix%2CSquarespace%2CWebflow%2CDuda%2CTilda%2CNext.js%2CNuxt.js%2CAstro%2CGatsby%2CHugo%2CJekyll%2CEleventy%2CVercel%2CNetlify%2CGitHub+Pages%2CFramer+Sites%2CLovable%2CBase44&geo=ALL&rank=ALL&start=2020-01-01&end=2026-05-01,2026-06-15T22:17:28.655795Z
2025-03-01,Shopify,CMS/ecommerce/builder,Hosted ecommerce,#16a34a,298206,376655,674861,ALL,ALL,HTTP Archive Technology Report API adoption endpoint,https://cdn.httparchive.org/v1/adoption?technology=ALL%2CWordPress%2CShopify%2CWix%2CSquarespace%2CWebflow%2CDuda%2CTilda%2CNext.js%2CNuxt.js%2CAstro%2CGatsby%2CHugo%2CJekyll%2CEleventy%2CVercel%2CNetlify%2CGitHub+Pages%2CFramer+Sites%2CLovable%2CBase44&geo=ALL&rank=ALL&start=2020-01-01&end=2026-05-01,2026-06-15T22:17:28.655795Z
2025-03-01,Squarespace,CMS/ecommerce/builder,Hosted website builder,#64748b,94271,101046,195317,ALL,ALL,HTTP Archive Technology Report API adoption endpoint,https://cdn.httparchive.org/v1/adoption?technology=ALL%2CWordPress%2CShopify%2CWix%2CSquarespace%2CWebflow%2CDuda%2CTilda%2CNext.js%2CNuxt.js%2CAstro%2CGatsby%2CHugo%2CJekyll%2CEleventy%2CVercel%2CNetlify%2CGitHub+Pages%2CFramer+Sites%2CLovable%2CBase44&geo=ALL&rank=ALL&start=2020-01-01&end=2026-05-01,2026-06-15T22:17:28.655795Z
2025-03-01,Tilda,CMS/ecommerce/builder,Hosted website builder,#a855f7,15987,54523,70510,ALL,ALL,HTTP Archive Technology Report API adoption endpoint,https://cdn.httparchive.org/v1/adoption?technology=ALL%2CWordPress%2CShopify%2CWix%2CSquarespace%2CWebflow%2CDuda%2CTilda%2CNext.js%2CNuxt.js%2CAstro%2CGatsby%2CHugo%2CJekyll%2CEleventy%2CVercel%2CNetlify%2CGitHub+Pages%2CFramer+Sites%2CLovable%2CBase44&geo=ALL&rank=ALL&start=2020-01-01&end=2026-05-01,2026-06-15T22:17:28.655795Z
2025-03-01,Vercel,Deployment surface,Frontend cloud/PaaS often paired with Next.js,#000000,55026,57553,112579,ALL,ALL,HTTP Archive Technology Report API adoption endpoint,https://cdn.httparchive.org/v1/adoption?technology=ALL%2CWordPress%2CShopify%2CWix%2CSquarespace%2CWebflow%2CDuda%2CTilda%2CNext.js%2CNuxt.js%2CAstro%2CGatsby%2CHugo%2CJekyll%2CEleventy%2CVercel%2CNetlify%2CGitHub+Pages%2CFramer+Sites%2CLovable%2CBase44&geo=ALL&rank=ALL&start=2020-01-01&end=2026-05-01,2026-06-15T22:17:28.655795Z
2025-03-01,Webflow,CMS/ecommerce/builder,Visual website builder/CMS,#0891b2,63266,61243,124509,ALL,ALL,HTTP Archive Technology Report API adoption endpoint,https://cdn.httparchive.org/v1/adoption?technology=ALL%2CWordPress%2CShopify%2CWix%2CSquarespace%2CWebflow%2CDuda%2CTilda%2CNext.js%2CNuxt.js%2CAstro%2CGatsby%2CHugo%2CJekyll%2CEleventy%2CVercel%2CNetlify%2CGitHub+Pages%2CFramer+Sites%2CLovable%2CBase44&geo=ALL&rank=ALL&start=2020-01-01&end=2026-05-01,2026-06-15T22:17:28.655795Z
2025-03-01,Wix,CMS/ecommerce/builder,Hosted website builder,#f59e0b,101482,197530,299012,ALL,ALL,HTTP Archive Technology Report API adoption endpoint,https://cdn.httparchive.org/v1/adoption?technology=ALL%2CWordPress%2CShopify%2CWix%2CSquarespace%2CWebflow%2CDuda%2CTilda%2CNext.js%2CNuxt.js%2CAstro%2CGatsby%2CHugo%2CJekyll%2CEleventy%2CVercel%2CNetlify%2CGitHub+Pages%2CFramer+Sites%2CLovable%2CBase44&geo=ALL&rank=ALL&start=2020-01-01&end=2026-05-01,2026-06-15T22:17:28.655795Z
2025-03-01,WordPress,CMS/ecommerce/builder,Open-source CMS,#2563eb,2177515,3131142,5308657,ALL,ALL,HTTP Archive Technology Report API adoption endpoint,https://cdn.httparchive.org/v1/adoption?technology=ALL%2CWordPress%2CShopify%2CWix%2CSquarespace%2CWebflow%2CDuda%2CTilda%2CNext.js%2CNuxt.js%2CAstro%2CGatsby%2CHugo%2CJekyll%2CEleventy%2CVercel%2CNetlify%2CGitHub+Pages%2CFramer+Sites%2CLovable%2CBase44&geo=ALL&rank=ALL&start=2020-01-01&end=2026-05-01,2026-06-15T22:17:28.655795Z
2025-04-01,ALL,All origins,All HTTP Archive crawl origins,#0f172a,6356273,9010588,15366861,ALL,ALL,HTTP Archive Technology Report API adoption endpoint,https://cdn.httparchive.org/v1/adoption?technology=ALL%2CWordPress%2CShopify%2CWix%2CSquarespace%2CWebflow%2CDuda%2CTilda%2CNext.js%2CNuxt.js%2CAstro%2CGatsby%2CHugo%2CJekyll%2CEleventy%2CVercel%2CNetlify%2CGitHub+Pages%2CFramer+Sites%2CLovable%2CBase44&geo=ALL&rank=ALL&start=2020-01-01&end=2026-05-01,2026-06-15T22:17:28.655795Z
2025-04-01,Astro,Static/app framework,Static site generator/app framework,#fb7185,8201,12779,20980,ALL,ALL,HTTP Archive Technology Report API adoption endpoint,https://cdn.httparchive.org/v1/adoption?technology=ALL%2CWordPress%2CShopify%2CWix%2CSquarespace%2CWebflow%2CDuda%2CTilda%2CNext.js%2CNuxt.js%2CAstro%2CGatsby%2CHugo%2CJekyll%2CEleventy%2CVercel%2CNetlify%2CGitHub+Pages%2CFramer+Sites%2CLovable%2CBase44&geo=ALL&rank=ALL&start=2020-01-01&end=2026-05-01,2026-06-15T22:17:28.655795Z
2025-04-01,Duda,CMS/ecommerce/builder,Hosted website builder,#dc2626,17416,41493,58909,ALL,ALL,HTTP Archive Technology Report API adoption endpoint,https://cdn.httparchive.org/v1/adoption?technology=ALL%2CWordPress%2CShopify%2CWix%2CSquarespace%2CWebflow%2CDuda%2CTilda%2CNext.js%2CNuxt.js%2CAstro%2CGatsby%2CHugo%2CJekyll%2CEleventy%2CVercel%2CNetlify%2CGitHub+Pages%2CFramer+Sites%2CLovable%2CBase44&geo=ALL&rank=ALL&start=2020-01-01&end=2026-05-01,2026-06-15T22:17:28.655795Z
2025-04-01,Eleventy,Static/app framework,Static site generator,#222222,201,162,363,ALL,ALL,HTTP Archive Technology Report API adoption endpoint,https://cdn.httparchive.org/v1/adoption?technology=ALL%2CWordPress%2CShopify%2CWix%2CSquarespace%2CWebflow%2CDuda%2CTilda%2CNext.js%2CNuxt.js%2CAstro%2CGatsby%2CHugo%2CJekyll%2CEleventy%2CVercel%2CNetlify%2CGitHub+Pages%2CFramer+Sites%2CLovable%2CBase44&geo=ALL&rank=ALL&start=2020-01-01&end=2026-05-01,2026-06-15T22:17:28.655795Z
2025-04-01,Framer Sites,AI-era builder signal,Visual site builder with AI-assisted creation features,#0055ff,7950,6068,14018,ALL,ALL,HTTP Archive Technology Report API adoption endpoint,https://cdn.httparchive.org/v1/adoption?technology=ALL%2CWordPress%2CShopify%2CWix%2CSquarespace%2CWebflow%2CDuda%2CTilda%2CNext.js%2CNuxt.js%2CAstro%2CGatsby%2CHugo%2CJekyll%2CEleventy%2CVercel%2CNetlify%2CGitHub+Pages%2CFramer+Sites%2CLovable%2CBase44&geo=ALL&rank=ALL&start=2020-01-01&end=2026-05-01,2026-06-15T22:17:28.655795Z
2025-04-01,Gatsby,Static/app framework,React static site generator,#663399,11576,13345,24921,ALL,ALL,HTTP Archive Technology Report API adoption endpoint,https://cdn.httparchive.org/v1/adoption?technology=ALL%2CWordPress%2CShopify%2CWix%2CSquarespace%2CWebflow%2CDuda%2CTilda%2CNext.js%2CNuxt.js%2CAstro%2CGatsby%2CHugo%2CJekyll%2CEleventy%2CVercel%2CNetlify%2CGitHub+Pages%2CFramer+Sites%2CLovable%2CBase44&geo=ALL&rank=ALL&start=2020-01-01&end=2026-05-01,2026-06-15T22:17:28.655795Z
2025-04-01,GitHub Pages,Deployment surface,Static hosting platform,#6e7781,22698,12242,34940,ALL,ALL,HTTP Archive Technology Report API adoption endpoint,https://cdn.httparchive.org/v1/adoption?technology=ALL%2CWordPress%2CShopify%2CWix%2CSquarespace%2CWebflow%2CDuda%2CTilda%2CNext.js%2CNuxt.js%2CAstro%2CGatsby%2CHugo%2CJekyll%2CEleventy%2CVercel%2CNetlify%2CGitHub+Pages%2CFramer+Sites%2CLovable%2CBase44&geo=ALL&rank=ALL&start=2020-01-01&end=2026-05-01,2026-06-15T22:17:28.655795Z
2025-04-01,Hugo,Static/app framework,Static site generator,#ff4088,6957,6231,13188,ALL,ALL,HTTP Archive Technology Report API adoption endpoint,https://cdn.httparchive.org/v1/adoption?technology=ALL%2CWordPress%2CShopify%2CWix%2CSquarespace%2CWebflow%2CDuda%2CTilda%2CNext.js%2CNuxt.js%2CAstro%2CGatsby%2CHugo%2CJekyll%2CEleventy%2CVercel%2CNetlify%2CGitHub+Pages%2CFramer+Sites%2CLovable%2CBase44&geo=ALL&rank=ALL&start=2020-01-01&end=2026-05-01,2026-06-15T22:17:28.655795Z
2025-04-01,Jekyll,Static/app framework,Static site generator,#cc0000,4279,2496,6775,ALL,ALL,HTTP Archive Technology Report API adoption endpoint,https://cdn.httparchive.org/v1/adoption?technology=ALL%2CWordPress%2CShopify%2CWix%2CSquarespace%2CWebflow%2CDuda%2CTilda%2CNext.js%2CNuxt.js%2CAstro%2CGatsby%2CHugo%2CJekyll%2CEleventy%2CVercel%2CNetlify%2CGitHub+Pages%2CFramer+Sites%2CLovable%2CBase44&geo=ALL&rank=ALL&start=2020-01-01&end=2026-05-01,2026-06-15T22:17:28.655795Z
2025-04-01,Netlify,Deployment surface,Static/app deployment platform,#00ad9f,22714,24048,46762,ALL,ALL,HTTP Archive Technology Report API adoption endpoint,https://cdn.httparchive.org/v1/adoption?technology=ALL%2CWordPress%2CShopify%2CWix%2CSquarespace%2CWebflow%2CDuda%2CTilda%2CNext.js%2CNuxt.js%2CAstro%2CGatsby%2CHugo%2CJekyll%2CEleventy%2CVercel%2CNetlify%2CGitHub+Pages%2CFramer+Sites%2CLovable%2CBase44&geo=ALL&rank=ALL&start=2020-01-01&end=2026-05-01,2026-06-15T22:17:28.655795Z
2025-04-01,Next.js,Static/app framework,React app framework and static/hybrid generator,#111827,160074,204768,364842,ALL,ALL,HTTP Archive Technology Report API adoption endpoint,https://cdn.httparchive.org/v1/adoption?technology=ALL%2CWordPress%2CShopify%2CWix%2CSquarespace%2CWebflow%2CDuda%2CTilda%2CNext.js%2CNuxt.js%2CAstro%2CGatsby%2CHugo%2CJekyll%2CEleventy%2CVercel%2CNetlify%2CGitHub+Pages%2CFramer+Sites%2CLovable%2CBase44&geo=ALL&rank=ALL&start=2020-01-01&end=2026-05-01,2026-06-15T22:17:28.655795Z
2025-04-01,Nuxt.js,Static/app framework,Vue app framework and static/hybrid generator,#00dc82,58444,80585,139029,ALL,ALL,HTTP Archive Technology Report API adoption endpoint,https://cdn.httparchive.org/v1/adoption?technology=ALL%2CWordPress%2CShopify%2CWix%2CSquarespace%2CWebflow%2CDuda%2CTilda%2CNext.js%2CNuxt.js%2CAstro%2CGatsby%2CHugo%2CJekyll%2CEleventy%2CVercel%2CNetlify%2CGitHub+Pages%2CFramer+Sites%2CLovable%2CBase44&geo=ALL&rank=ALL&start=2020-01-01&end=2026-05-01,2026-06-15T22:17:28.655795Z
2025-04-01,Shopify,CMS/ecommerce/builder,Hosted ecommerce,#16a34a,292885,376400,669285,ALL,ALL,HTTP Archive Technology Report API adoption endpoint,https://cdn.httparchive.org/v1/adoption?technology=ALL%2CWordPress%2CShopify%2CWix%2CSquarespace%2CWebflow%2CDuda%2CTilda%2CNext.js%2CNuxt.js%2CAstro%2CGatsby%2CHugo%2CJekyll%2CEleventy%2CVercel%2CNetlify%2CGitHub+Pages%2CFramer+Sites%2CLovable%2CBase44&geo=ALL&rank=ALL&start=2020-01-01&end=2026-05-01,2026-06-15T22:17:28.655795Z
2025-04-01,Squarespace,CMS/ecommerce/builder,Hosted website builder,#64748b,89636,98520,188156,ALL,ALL,HTTP Archive Technology Report API adoption endpoint,https://cdn.httparchive.org/v1/adoption?technology=ALL%2CWordPress%2CShopify%2CWix%2CSquarespace%2CWebflow%2CDuda%2CTilda%2CNext.js%2CNuxt.js%2CAstro%2CGatsby%2CHugo%2CJekyll%2CEleventy%2CVercel%2CNetlify%2CGitHub+Pages%2CFramer+Sites%2CLovable%2CBase44&geo=ALL&rank=ALL&start=2020-01-01&end=2026-05-01,2026-06-15T22:17:28.655795Z
2025-04-01,Tilda,CMS/ecommerce/builder,Hosted website builder,#a855f7,15453,55021,70474,ALL,ALL,HTTP Archive Technology Report API adoption endpoint,https://cdn.httparchive.org/v1/adoption?technology=ALL%2CWordPress%2CShopify%2CWix%2CSquarespace%2CWebflow%2CDuda%2CTilda%2CNext.js%2CNuxt.js%2CAstro%2CGatsby%2CHugo%2CJekyll%2CEleventy%2CVercel%2CNetlify%2CGitHub+Pages%2CFramer+Sites%2CLovable%2CBase44&geo=ALL&rank=ALL&start=2020-01-01&end=2026-05-01,2026-06-15T22:17:28.655795Z
2025-04-01,Vercel,Deployment surface,Frontend cloud/PaaS often paired with Next.js,#000000,55045,58730,113775,ALL,ALL,HTTP Archive Technology Report API adoption endpoint,https://cdn.httparchive.org/v1/adoption?technology=ALL%2CWordPress%2CShopify%2CWix%2CSquarespace%2CWebflow%2CDuda%2CTilda%2CNext.js%2CNuxt.js%2CAstro%2CGatsby%2CHugo%2CJekyll%2CEleventy%2CVercel%2CNetlify%2CGitHub+Pages%2CFramer+Sites%2CLovable%2CBase44&geo=ALL&rank=ALL&start=2020-01-01&end=2026-05-01,2026-06-15T22:17:28.655795Z
2025-04-01,Webflow,CMS/ecommerce/builder,Visual website builder/CMS,#0891b2,61073,60640,121713,ALL,ALL,HTTP Archive Technology Report API adoption endpoint,https://cdn.httparchive.org/v1/adoption?technology=ALL%2CWordPress%2CShopify%2CWix%2CSquarespace%2CWebflow%2CDuda%2CTilda%2CNext.js%2CNuxt.js%2CAstro%2CGatsby%2CHugo%2CJekyll%2CEleventy%2CVercel%2CNetlify%2CGitHub+Pages%2CFramer+Sites%2CLovable%2CBase44&geo=ALL&rank=ALL&start=2020-01-01&end=2026-05-01,2026-06-15T22:17:28.655795Z
2025-04-01,Wix,CMS/ecommerce/builder,Hosted website builder,#f59e0b,95373,197221,292594,ALL,ALL,HTTP Archive Technology Report API adoption endpoint,https://cdn.httparchive.org/v1/adoption?technology=ALL%2CWordPress%2CShopify%2CWix%2CSquarespace%2CWebflow%2CDuda%2CTilda%2CNext.js%2CNuxt.js%2CAstro%2CGatsby%2CHugo%2CJekyll%2CEleventy%2CVercel%2CNetlify%2CGitHub+Pages%2CFramer+Sites%2CLovable%2CBase44&geo=ALL&rank=ALL&start=2020-01-01&end=2026-05-01,2026-06-15T22:17:28.655795Z
2025-04-01,WordPress,CMS/ecommerce/builder,Open-source CMS,#2563eb,2069780,3076093,5145873,ALL,ALL,HTTP Archive Technology Report API adoption endpoint,https://cdn.httparchive.org/v1/adoption?technology=ALL%2CWordPress%2CShopify%2CWix%2CSquarespace%2CWebflow%2CDuda%2CTilda%2CNext.js%2CNuxt.js%2CAstro%2CGatsby%2CHugo%2CJekyll%2CEleventy%2CVercel%2CNetlify%2CGitHub+Pages%2CFramer+Sites%2CLovable%2CBase44&geo=ALL&rank=ALL&start=2020-01-01&end=2026-05-01,2026-06-15T22:17:28.655795Z
2025-05-01,ALL,All origins,All HTTP Archive crawl origins,#0f172a,6364047,9010740,15374787,ALL,ALL,HTTP Archive Technology Report API adoption endpoint,https://cdn.httparchive.org/v1/adoption?technology=ALL%2CWordPress%2CShopify%2CWix%2CSquarespace%2CWebflow%2CDuda%2CTilda%2CNext.js%2CNuxt.js%2CAstro%2CGatsby%2CHugo%2CJekyll%2CEleventy%2CVercel%2CNetlify%2CGitHub+Pages%2CFramer+Sites%2CLovable%2CBase44&geo=ALL&rank=ALL&start=2020-01-01&end=2026-05-01,2026-06-15T22:17:28.655795Z
2025-05-01,Astro,Static/app framework,Static site generator/app framework,#fb7185,8774,13582,22356,ALL,ALL,HTTP Archive Technology Report API adoption endpoint,https://cdn.httparchive.org/v1/adoption?technology=ALL%2CWordPress%2CShopify%2CWix%2CSquarespace%2CWebflow%2CDuda%2CTilda%2CNext.js%2CNuxt.js%2CAstro%2CGatsby%2CHugo%2CJekyll%2CEleventy%2CVercel%2CNetlify%2CGitHub+Pages%2CFramer+Sites%2CLovable%2CBase44&geo=ALL&rank=ALL&start=2020-01-01&end=2026-05-01,2026-06-15T22:17:28.655795Z
2025-05-01,Duda,CMS/ecommerce/builder,Hosted website builder,#dc2626,17410,41404,58814,ALL,ALL,HTTP Archive Technology Report API adoption endpoint,https://cdn.httparchive.org/v1/adoption?technology=ALL%2CWordPress%2CShopify%2CWix%2CSquarespace%2CWebflow%2CDuda%2CTilda%2CNext.js%2CNuxt.js%2CAstro%2CGatsby%2CHugo%2CJekyll%2CEleventy%2CVercel%2CNetlify%2CGitHub+Pages%2CFramer+Sites%2CLovable%2CBase44&geo=ALL&rank=ALL&start=2020-01-01&end=2026-05-01,2026-06-15T22:17:28.655795Z
2025-05-01,Eleventy,Static/app framework,Static site generator,#222222,203,162,365,ALL,ALL,HTTP Archive Technology Report API adoption endpoint,https://cdn.httparchive.org/v1/adoption?technology=ALL%2CWordPress%2CShopify%2CWix%2CSquarespace%2CWebflow%2CDuda%2CTilda%2CNext.js%2CNuxt.js%2CAstro%2CGatsby%2CHugo%2CJekyll%2CEleventy%2CVercel%2CNetlify%2CGitHub+Pages%2CFramer+Sites%2CLovable%2CBase44&geo=ALL&rank=ALL&start=2020-01-01&end=2026-05-01,2026-06-15T22:17:28.655795Z
2025-05-01,Framer Sites,AI-era builder signal,Visual site builder with AI-assisted creation features,#0055ff,8513,6542,15055,ALL,ALL,HTTP Archive Technology Report API adoption endpoint,https://cdn.httparchive.org/v1/adoption?technology=ALL%2CWordPress%2CShopify%2CWix%2CSquarespace%2CWebflow%2CDuda%2CTilda%2CNext.js%2CNuxt.js%2CAstro%2CGatsby%2CHugo%2CJekyll%2CEleventy%2CVercel%2CNetlify%2CGitHub+Pages%2CFramer+Sites%2CLovable%2CBase44&geo=ALL&rank=ALL&start=2020-01-01&end=2026-05-01,2026-06-15T22:17:28.655795Z
2025-05-01,Gatsby,Static/app framework,React static site generator,#663399,11258,13117,24375,ALL,ALL,HTTP Archive Technology Report API adoption endpoint,https://cdn.httparchive.org/v1/adoption?technology=ALL%2CWordPress%2CShopify%2CWix%2CSquarespace%2CWebflow%2CDuda%2CTilda%2CNext.js%2CNuxt.js%2CAstro%2CGatsby%2CHugo%2CJekyll%2CEleventy%2CVercel%2CNetlify%2CGitHub+Pages%2CFramer+Sites%2CLovable%2CBase44&geo=ALL&rank=ALL&start=2020-01-01&end=2026-05-01,2026-06-15T22:17:28.655795Z
2025-05-01,GitHub Pages,Deployment surface,Static hosting platform,#6e7781,21650,12096,33746,ALL,ALL,HTTP Archive Technology Report API adoption endpoint,https://cdn.httparchive.org/v1/adoption?technology=ALL%2CWordPress%2CShopify%2CWix%2CSquarespace%2CWebflow%2CDuda%2CTilda%2CNext.js%2CNuxt.js%2CAstro%2CGatsby%2CHugo%2CJekyll%2CEleventy%2CVercel%2CNetlify%2CGitHub+Pages%2CFramer+Sites%2CLovable%2CBase44&geo=ALL&rank=ALL&start=2020-01-01&end=2026-05-01,2026-06-15T22:17:28.655795Z
2025-05-01,Hugo,Static/app framework,Static site generator,#ff4088,6671,6179,12850,ALL,ALL,HTTP Archive Technology Report API adoption endpoint,https://cdn.httparchive.org/v1/adoption?technology=ALL%2CWordPress%2CShopify%2CWix%2CSquarespace%2CWebflow%2CDuda%2CTilda%2CNext.js%2CNuxt.js%2CAstro%2CGatsby%2CHugo%2CJekyll%2CEleventy%2CVercel%2CNetlify%2CGitHub+Pages%2CFramer+Sites%2CLovable%2CBase44&geo=ALL&rank=ALL&start=2020-01-01&end=2026-05-01,2026-06-15T22:17:28.655795Z
2025-05-01,Jekyll,Static/app framework,Static site generator,#cc0000,4046,2413,6459,ALL,ALL,HTTP Archive Technology Report API adoption endpoint,https://cdn.httparchive.org/v1/adoption?technology=ALL%2CWordPress%2CShopify%2CWix%2CSquarespace%2CWebflow%2CDuda%2CTilda%2CNext.js%2CNuxt.js%2CAstro%2CGatsby%2CHugo%2CJekyll%2CEleventy%2CVercel%2CNetlify%2CGitHub+Pages%2CFramer+Sites%2CLovable%2CBase44&geo=ALL&rank=ALL&start=2020-01-01&end=2026-05-01,2026-06-15T22:17:28.655795Z
2025-05-01,Netlify,Deployment surface,Static/app deployment platform,#00ad9f,22501,24232,46733,ALL,ALL,HTTP Archive Technology Report API adoption endpoint,https://cdn.httparchive.org/v1/adoption?technology=ALL%2CWordPress%2CShopify%2CWix%2CSquarespace%2CWebflow%2CDuda%2CTilda%2CNext.js%2CNuxt.js%2CAstro%2CGatsby%2CHugo%2CJekyll%2CEleventy%2CVercel%2CNetlify%2CGitHub+Pages%2CFramer+Sites%2CLovable%2CBase44&geo=ALL&rank=ALL&start=2020-01-01&end=2026-05-01,2026-06-15T22:17:28.655795Z
2025-05-01,Next.js,Static/app framework,React app framework and static/hybrid generator,#111827,164221,211598,375819,ALL,ALL,HTTP Archive Technology Report API adoption endpoint,https://cdn.httparchive.org/v1/adoption?technology=ALL%2CWordPress%2CShopify%2CWix%2CSquarespace%2CWebflow%2CDuda%2CTilda%2CNext.js%2CNuxt.js%2CAstro%2CGatsby%2CHugo%2CJekyll%2CEleventy%2CVercel%2CNetlify%2CGitHub+Pages%2CFramer+Sites%2CLovable%2CBase44&geo=ALL&rank=ALL&start=2020-01-01&end=2026-05-01,2026-06-15T22:17:28.655795Z
2025-05-01,Nuxt.js,Static/app framework,Vue app framework and static/hybrid generator,#00dc82,59032,81829,140861,ALL,ALL,HTTP Archive Technology Report API adoption endpoint,https://cdn.httparchive.org/v1/adoption?technology=ALL%2CWordPress%2CShopify%2CWix%2CSquarespace%2CWebflow%2CDuda%2CTilda%2CNext.js%2CNuxt.js%2CAstro%2CGatsby%2CHugo%2CJekyll%2CEleventy%2CVercel%2CNetlify%2CGitHub+Pages%2CFramer+Sites%2CLovable%2CBase44&geo=ALL&rank=ALL&start=2020-01-01&end=2026-05-01,2026-06-15T22:17:28.655795Z
2025-05-01,Shopify,CMS/ecommerce/builder,Hosted ecommerce,#16a34a,296361,379218,675579,ALL,ALL,HTTP Archive Technology Report API adoption endpoint,https://cdn.httparchive.org/v1/adoption?technology=ALL%2CWordPress%2CShopify%2CWix%2CSquarespace%2CWebflow%2CDuda%2CTilda%2CNext.js%2CNuxt.js%2CAstro%2CGatsby%2CHugo%2CJekyll%2CEleventy%2CVercel%2CNetlify%2CGitHub+Pages%2CFramer+Sites%2CLovable%2CBase44&geo=ALL&rank=ALL&start=2020-01-01&end=2026-05-01,2026-06-15T22:17:28.655795Z
2025-05-01,Squarespace,CMS/ecommerce/builder,Hosted website builder,#64748b,87775,97623,185398,ALL,ALL,HTTP Archive Technology Report API adoption endpoint,https://cdn.httparchive.org/v1/adoption?technology=ALL%2CWordPress%2CShopify%2CWix%2CSquarespace%2CWebflow%2CDuda%2CTilda%2CNext.js%2CNuxt.js%2CAstro%2CGatsby%2CHugo%2CJekyll%2CEleventy%2CVercel%2CNetlify%2CGitHub+Pages%2CFramer+Sites%2CLovable%2CBase44&geo=ALL&rank=ALL&start=2020-01-01&end=2026-05-01,2026-06-15T22:17:28.655795Z
2025-05-01,Tilda,CMS/ecommerce/builder,Hosted website builder,#a855f7,14775,54306,69081,ALL,ALL,HTTP Archive Technology Report API adoption endpoint,https://cdn.httparchive.org/v1/adoption?technology=ALL%2CWordPress%2CShopify%2CWix%2CSquarespace%2CWebflow%2CDuda%2CTilda%2CNext.js%2CNuxt.js%2CAstro%2CGatsby%2CHugo%2CJekyll%2CEleventy%2CVercel%2CNetlify%2CGitHub+Pages%2CFramer+Sites%2CLovable%2CBase44&geo=ALL&rank=ALL&start=2020-01-01&end=2026-05-01,2026-06-15T22:17:28.655795Z
2025-05-01,Vercel,Deployment surface,Frontend cloud/PaaS often paired with Next.js,#000000,55989,60285,116274,ALL,ALL,HTTP Archive Technology Report API adoption endpoint,https://cdn.httparchive.org/v1/adoption?technology=ALL%2CWordPress%2CShopify%2CWix%2CSquarespace%2CWebflow%2CDuda%2CTilda%2CNext.js%2CNuxt.js%2CAstro%2CGatsby%2CHugo%2CJekyll%2CEleventy%2CVercel%2CNetlify%2CGitHub+Pages%2CFramer+Sites%2CLovable%2CBase44&geo=ALL&rank=ALL&start=2020-01-01&end=2026-05-01,2026-06-15T22:17:28.655795Z
2025-05-01,Webflow,CMS/ecommerce/builder,Visual website builder/CMS,#0891b2,61212,60986,122198,ALL,ALL,HTTP Archive Technology Report API adoption endpoint,https://cdn.httparchive.org/v1/adoption?technology=ALL%2CWordPress%2CShopify%2CWix%2CSquarespace%2CWebflow%2CDuda%2CTilda%2CNext.js%2CNuxt.js%2CAstro%2CGatsby%2CHugo%2CJekyll%2CEleventy%2CVercel%2CNetlify%2CGitHub+Pages%2CFramer+Sites%2CLovable%2CBase44&geo=ALL&rank=ALL&start=2020-01-01&end=2026-05-01,2026-06-15T22:17:28.655795Z
2025-05-01,Wix,CMS/ecommerce/builder,Hosted website builder,#f59e0b,95598,198246,293844,ALL,ALL,HTTP Archive Technology Report API adoption endpoint,https://cdn.httparchive.org/v1/adoption?technology=ALL%2CWordPress%2CShopify%2CWix%2CSquarespace%2CWebflow%2CDuda%2CTilda%2CNext.js%2CNuxt.js%2CAstro%2CGatsby%2CHugo%2CJekyll%2CEleventy%2CVercel%2CNetlify%2CGitHub+Pages%2CFramer+Sites%2CLovable%2CBase44&geo=ALL&rank=ALL&start=2020-01-01&end=2026-05-01,2026-06-15T22:17:28.655795Z
2025-05-01,WordPress,CMS/ecommerce/builder,Open-source CMS,#2563eb,2080516,3071911,5152427,ALL,ALL,HTTP Archive Technology Report API adoption endpoint,https://cdn.httparchive.org/v1/adoption?technology=ALL%2CWordPress%2CShopify%2CWix%2CSquarespace%2CWebflow%2CDuda%2CTilda%2CNext.js%2CNuxt.js%2CAstro%2CGatsby%2CHugo%2CJekyll%2CEleventy%2CVercel%2CNetlify%2CGitHub+Pages%2CFramer+Sites%2CLovable%2CBase44&geo=ALL&rank=ALL&start=2020-01-01&end=2026-05-01,2026-06-15T22:17:28.655795Z
2025-06-01,ALL,All origins,All HTTP Archive crawl origins,#0f172a,6048787,8894630,14943417,ALL,ALL,HTTP Archive Technology Report API adoption endpoint,https://cdn.httparchive.org/v1/adoption?technology=ALL%2CWordPress%2CShopify%2CWix%2CSquarespace%2CWebflow%2CDuda%2CTilda%2CNext.js%2CNuxt.js%2CAstro%2CGatsby%2CHugo%2CJekyll%2CEleventy%2CVercel%2CNetlify%2CGitHub+Pages%2CFramer+Sites%2CLovable%2CBase44&geo=ALL&rank=ALL&start=2020-01-01&end=2026-05-01,2026-06-15T22:17:28.655795Z
2025-06-01,Astro,Static/app framework,Static site generator/app framework,#fb7185,8871,14410,23281,ALL,ALL,HTTP Archive Technology Report API adoption endpoint,https://cdn.httparchive.org/v1/adoption?technology=ALL%2CWordPress%2CShopify%2CWix%2CSquarespace%2CWebflow%2CDuda%2CTilda%2CNext.js%2CNuxt.js%2CAstro%2CGatsby%2CHugo%2CJekyll%2CEleventy%2CVercel%2CNetlify%2CGitHub+Pages%2CFramer+Sites%2CLovable%2CBase44&geo=ALL&rank=ALL&start=2020-01-01&end=2026-05-01,2026-06-15T22:17:28.655795Z
2025-06-01,Duda,CMS/ecommerce/builder,Hosted website builder,#dc2626,16674,42760,59434,ALL,ALL,HTTP Archive Technology Report API adoption endpoint,https://cdn.httparchive.org/v1/adoption?technology=ALL%2CWordPress%2CShopify%2CWix%2CSquarespace%2CWebflow%2CDuda%2CTilda%2CNext.js%2CNuxt.js%2CAstro%2CGatsby%2CHugo%2CJekyll%2CEleventy%2CVercel%2CNetlify%2CGitHub+Pages%2CFramer+Sites%2CLovable%2CBase44&geo=ALL&rank=ALL&start=2020-01-01&end=2026-05-01,2026-06-15T22:17:28.655795Z
2025-06-01,Eleventy,Static/app framework,Static site generator,#222222,190,159,349,ALL,ALL,HTTP Archive Technology Report API adoption endpoint,https://cdn.httparchive.org/v1/adoption?technology=ALL%2CWordPress%2CShopify%2CWix%2CSquarespace%2CWebflow%2CDuda%2CTilda%2CNext.js%2CNuxt.js%2CAstro%2CGatsby%2CHugo%2CJekyll%2CEleventy%2CVercel%2CNetlify%2CGitHub+Pages%2CFramer+Sites%2CLovable%2CBase44&geo=ALL&rank=ALL&start=2020-01-01&end=2026-05-01,2026-06-15T22:17:28.655795Z
2025-06-01,Framer Sites,AI-era builder signal,Visual site builder with AI-assisted creation features,#0055ff,8660,6972,15632,ALL,ALL,HTTP Archive Technology Report API adoption endpoint,https://cdn.httparchive.org/v1/adoption?technology=ALL%2CWordPress%2CShopify%2CWix%2CSquarespace%2CWebflow%2CDuda%2CTilda%2CNext.js%2CNuxt.js%2CAstro%2CGatsby%2CHugo%2CJekyll%2CEleventy%2CVercel%2CNetlify%2CGitHub+Pages%2CFramer+Sites%2CLovable%2CBase44&geo=ALL&rank=ALL&start=2020-01-01&end=2026-05-01,2026-06-15T22:17:28.655795Z
2025-06-01,Gatsby,Static/app framework,React static site generator,#663399,10751,12946,23697,ALL,ALL,HTTP Archive Technology Report API adoption endpoint,https://cdn.httparchive.org/v1/adoption?technology=ALL%2CWordPress%2CShopify%2CWix%2CSquarespace%2CWebflow%2CDuda%2CTilda%2CNext.js%2CNuxt.js%2CAstro%2CGatsby%2CHugo%2CJekyll%2CEleventy%2CVercel%2CNetlify%2CGitHub+Pages%2CFramer+Sites%2CLovable%2CBase44&geo=ALL&rank=ALL&start=2020-01-01&end=2026-05-01,2026-06-15T22:17:28.655795Z
2025-06-01,GitHub Pages,Deployment surface,Static hosting platform,#6e7781,19899,11935,31834,ALL,ALL,HTTP Archive Technology Report API adoption endpoint,https://cdn.httparchive.org/v1/adoption?technology=ALL%2CWordPress%2CShopify%2CWix%2CSquarespace%2CWebflow%2CDuda%2CTilda%2CNext.js%2CNuxt.js%2CAstro%2CGatsby%2CHugo%2CJekyll%2CEleventy%2CVercel%2CNetlify%2CGitHub+Pages%2CFramer+Sites%2CLovable%2CBase44&geo=ALL&rank=ALL&start=2020-01-01&end=2026-05-01,2026-06-15T22:17:28.655795Z
2025-06-01,Hugo,Static/app framework,Static site generator,#ff4088,6207,6086,12293,ALL,ALL,HTTP Archive Technology Report API adoption endpoint,https://cdn.httparchive.org/v1/adoption?technology=ALL%2CWordPress%2CShopify%2CWix%2CSquarespace%2CWebflow%2CDuda%2CTilda%2CNext.js%2CNuxt.js%2CAstro%2CGatsby%2CHugo%2CJekyll%2CEleventy%2CVercel%2CNetlify%2CGitHub+Pages%2CFramer+Sites%2CLovable%2CBase44&geo=ALL&rank=ALL&start=2020-01-01&end=2026-05-01,2026-06-15T22:17:28.655795Z
2025-06-01,Jekyll,Static/app framework,Static site generator,#cc0000,3615,2316,5931,ALL,ALL,HTTP Archive Technology Report API adoption endpoint,https://cdn.httparchive.org/v1/adoption?technology=ALL%2CWordPress%2CShopify%2CWix%2CSquarespace%2CWebflow%2CDuda%2CTilda%2CNext.js%2CNuxt.js%2CAstro%2CGatsby%2CHugo%2CJekyll%2CEleventy%2CVercel%2CNetlify%2CGitHub+Pages%2CFramer+Sites%2CLovable%2CBase44&geo=ALL&rank=ALL&start=2020-01-01&end=2026-05-01,2026-06-15T22:17:28.655795Z
2025-06-01,Netlify,Deployment surface,Static/app deployment platform,#00ad9f,21493,24397,45890,ALL,ALL,HTTP Archive Technology Report API adoption endpoint,https://cdn.httparchive.org/v1/adoption?technology=ALL%2CWordPress%2CShopify%2CWix%2CSquarespace%2CWebflow%2CDuda%2CTilda%2CNext.js%2CNuxt.js%2CAstro%2CGatsby%2CHugo%2CJekyll%2CEleventy%2CVercel%2CNetlify%2CGitHub+Pages%2CFramer+Sites%2CLovable%2CBase44&geo=ALL&rank=ALL&start=2020-01-01&end=2026-05-01,2026-06-15T22:17:28.655795Z
2025-06-01,Next.js,Static/app framework,React app framework and static/hybrid generator,#111827,162682,217868,380550,ALL,ALL,HTTP Archive Technology Report API adoption endpoint,https://cdn.httparchive.org/v1/adoption?technology=ALL%2CWordPress%2CShopify%2CWix%2CSquarespace%2CWebflow%2CDuda%2CTilda%2CNext.js%2CNuxt.js%2CAstro%2CGatsby%2CHugo%2CJekyll%2CEleventy%2CVercel%2CNetlify%2CGitHub+Pages%2CFramer+Sites%2CLovable%2CBase44&geo=ALL&rank=ALL&start=2020-01-01&end=2026-05-01,2026-06-15T22:17:28.655795Z
2025-06-01,Nuxt.js,Static/app framework,Vue app framework and static/hybrid generator,#00dc82,56711,81482,138193,ALL,ALL,HTTP Archive Technology Report API adoption endpoint,https://cdn.httparchive.org/v1/adoption?technology=ALL%2CWordPress%2CShopify%2CWix%2CSquarespace%2CWebflow%2CDuda%2CTilda%2CNext.js%2CNuxt.js%2CAstro%2CGatsby%2CHugo%2CJekyll%2CEleventy%2CVercel%2CNetlify%2CGitHub+Pages%2CFramer+Sites%2CLovable%2CBase44&geo=ALL&rank=ALL&start=2020-01-01&end=2026-05-01,2026-06-15T22:17:28.655795Z
2025-06-01,Shopify,CMS/ecommerce/builder,Hosted ecommerce,#16a34a,288844,376575,665419,ALL,ALL,HTTP Archive Technology Report API adoption endpoint,https://cdn.httparchive.org/v1/adoption?technology=ALL%2CWordPress%2CShopify%2CWix%2CSquarespace%2CWebflow%2CDuda%2CTilda%2CNext.js%2CNuxt.js%2CAstro%2CGatsby%2CHugo%2CJekyll%2CEleventy%2CVercel%2CNetlify%2CGitHub+Pages%2CFramer+Sites%2CLovable%2CBase44&geo=ALL&rank=ALL&start=2020-01-01&end=2026-05-01,2026-06-15T22:17:28.655795Z
2025-06-01,Squarespace,CMS/ecommerce/builder,Hosted website builder,#64748b,82794,97890,180684,ALL,ALL,HTTP Archive Technology Report API adoption endpoint,https://cdn.httparchive.org/v1/adoption?technology=ALL%2CWordPress%2CShopify%2CWix%2CSquarespace%2CWebflow%2CDuda%2CTilda%2CNext.js%2CNuxt.js%2CAstro%2CGatsby%2CHugo%2CJekyll%2CEleventy%2CVercel%2CNetlify%2CGitHub+Pages%2CFramer+Sites%2CLovable%2CBase44&geo=ALL&rank=ALL&start=2020-01-01&end=2026-05-01,2026-06-15T22:17:28.655795Z
2025-06-01,Tilda,CMS/ecommerce/builder,Hosted website builder,#a855f7,13799,53249,67048,ALL,ALL,HTTP Archive Technology Report API adoption endpoint,https://cdn.httparchive.org/v1/adoption?technology=ALL%2CWordPress%2CShopify%2CWix%2CSquarespace%2CWebflow%2CDuda%2CTilda%2CNext.js%2CNuxt.js%2CAstro%2CGatsby%2CHugo%2CJekyll%2CEleventy%2CVercel%2CNetlify%2CGitHub+Pages%2CFramer+Sites%2CLovable%2CBase44&geo=ALL&rank=ALL&start=2020-01-01&end=2026-05-01,2026-06-15T22:17:28.655795Z
2025-06-01,Vercel,Deployment surface,Frontend cloud/PaaS often paired with Next.js,#000000,55485,62012,117497,ALL,ALL,HTTP Archive Technology Report API adoption endpoint,https://cdn.httparchive.org/v1/adoption?technology=ALL%2CWordPress%2CShopify%2CWix%2CSquarespace%2CWebflow%2CDuda%2CTilda%2CNext.js%2CNuxt.js%2CAstro%2CGatsby%2CHugo%2CJekyll%2CEleventy%2CVercel%2CNetlify%2CGitHub+Pages%2CFramer+Sites%2CLovable%2CBase44&geo=ALL&rank=ALL&start=2020-01-01&end=2026-05-01,2026-06-15T22:17:28.655795Z
2025-06-01,Webflow,CMS/ecommerce/builder,Visual website builder/CMS,#0891b2,58986,60623,119609,ALL,ALL,HTTP Archive Technology Report API adoption endpoint,https://cdn.httparchive.org/v1/adoption?technology=ALL%2CWordPress%2CShopify%2CWix%2CSquarespace%2CWebflow%2CDuda%2CTilda%2CNext.js%2CNuxt.js%2CAstro%2CGatsby%2CHugo%2CJekyll%2CEleventy%2CVercel%2CNetlify%2CGitHub+Pages%2CFramer+Sites%2CLovable%2CBase44&geo=ALL&rank=ALL&start=2020-01-01&end=2026-05-01,2026-06-15T22:17:28.655795Z
2025-06-01,Wix,CMS/ecommerce/builder,Hosted website builder,#f59e0b,89959,205763,295722,ALL,ALL,HTTP Archive Technology Report API adoption endpoint,https://cdn.httparchive.org/v1/adoption?technology=ALL%2CWordPress%2CShopify%2CWix%2CSquarespace%2CWebflow%2CDuda%2CTilda%2CNext.js%2CNuxt.js%2CAstro%2CGatsby%2CHugo%2CJekyll%2CEleventy%2CVercel%2CNetlify%2CGitHub+Pages%2CFramer+Sites%2CLovable%2CBase44&geo=ALL&rank=ALL&start=2020-01-01&end=2026-05-01,2026-06-15T22:17:28.655795Z
2025-06-01,WordPress,CMS/ecommerce/builder,Open-source CMS,#2563eb,1966411,3033727,5000138,ALL,ALL,HTTP Archive Technology Report API adoption endpoint,https://cdn.httparchive.org/v1/adoption?technology=ALL%2CWordPress%2CShopify%2CWix%2CSquarespace%2CWebflow%2CDuda%2CTilda%2CNext.js%2CNuxt.js%2CAstro%2CGatsby%2CHugo%2CJekyll%2CEleventy%2CVercel%2CNetlify%2CGitHub+Pages%2CFramer+Sites%2CLovable%2CBase44&geo=ALL&rank=ALL&start=2020-01-01&end=2026-05-01,2026-06-15T22:17:28.655795Z
2025-07-01,ALL,All origins,All HTTP Archive crawl origins,#0f172a,5905653,9047039,14952692,ALL,ALL,HTTP Archive Technology Report API adoption endpoint,https://cdn.httparchive.org/v1/adoption?technology=ALL%2CWordPress%2CShopify%2CWix%2CSquarespace%2CWebflow%2CDuda%2CTilda%2CNext.js%2CNuxt.js%2CAstro%2CGatsby%2CHugo%2CJekyll%2CEleventy%2CVercel%2CNetlify%2CGitHub+Pages%2CFramer+Sites%2CLovable%2CBase44&geo=ALL&rank=ALL&start=2020-01-01&end=2026-05-01,2026-06-15T22:17:28.655795Z
2025-07-01,Astro,Static/app framework,Static site generator/app framework,#fb7185,9271,15897,25168,ALL,ALL,HTTP Archive Technology Report API adoption endpoint,https://cdn.httparchive.org/v1/adoption?technology=ALL%2CWordPress%2CShopify%2CWix%2CSquarespace%2CWebflow%2CDuda%2CTilda%2CNext.js%2CNuxt.js%2CAstro%2CGatsby%2CHugo%2CJekyll%2CEleventy%2CVercel%2CNetlify%2CGitHub+Pages%2CFramer+Sites%2CLovable%2CBase44&geo=ALL&rank=ALL&start=2020-01-01&end=2026-05-01,2026-06-15T22:17:28.655795Z
2025-07-01,Duda,CMS/ecommerce/builder,Hosted website builder,#dc2626,16306,44926,61232,ALL,ALL,HTTP Archive Technology Report API adoption endpoint,https://cdn.httparchive.org/v1/adoption?technology=ALL%2CWordPress%2CShopify%2CWix%2CSquarespace%2CWebflow%2CDuda%2CTilda%2CNext.js%2CNuxt.js%2CAstro%2CGatsby%2CHugo%2CJekyll%2CEleventy%2CVercel%2CNetlify%2CGitHub+Pages%2CFramer+Sites%2CLovable%2CBase44&geo=ALL&rank=ALL&start=2020-01-01&end=2026-05-01,2026-06-15T22:17:28.655795Z
2025-07-01,Eleventy,Static/app framework,Static site generator,#222222,194,178,372,ALL,ALL,HTTP Archive Technology Report API adoption endpoint,https://cdn.httparchive.org/v1/adoption?technology=ALL%2CWordPress%2CShopify%2CWix%2CSquarespace%2CWebflow%2CDuda%2CTilda%2CNext.js%2CNuxt.js%2CAstro%2CGatsby%2CHugo%2CJekyll%2CEleventy%2CVercel%2CNetlify%2CGitHub+Pages%2CFramer+Sites%2CLovable%2CBase44&geo=ALL&rank=ALL&start=2020-01-01&end=2026-05-01,2026-06-15T22:17:28.655795Z
2025-07-01,Framer Sites,AI-era builder signal,Visual site builder with AI-assisted creation features,#0055ff,9057,7635,16692,ALL,ALL,HTTP Archive Technology Report API adoption endpoint,https://cdn.httparchive.org/v1/adoption?technology=ALL%2CWordPress%2CShopify%2CWix%2CSquarespace%2CWebflow%2CDuda%2CTilda%2CNext.js%2CNuxt.js%2CAstro%2CGatsby%2CHugo%2CJekyll%2CEleventy%2CVercel%2CNetlify%2CGitHub+Pages%2CFramer+Sites%2CLovable%2CBase44&geo=ALL&rank=ALL&start=2020-01-01&end=2026-05-01,2026-06-15T22:17:28.655795Z
2025-07-01,Gatsby,Static/app framework,React static site generator,#663399,10456,13009,23465,ALL,ALL,HTTP Archive Technology Report API adoption endpoint,https://cdn.httparchive.org/v1/adoption?technology=ALL%2CWordPress%2CShopify%2CWix%2CSquarespace%2CWebflow%2CDuda%2CTilda%2CNext.js%2CNuxt.js%2CAstro%2CGatsby%2CHugo%2CJekyll%2CEleventy%2CVercel%2CNetlify%2CGitHub+Pages%2CFramer+Sites%2CLovable%2CBase44&geo=ALL&rank=ALL&start=2020-01-01&end=2026-05-01,2026-06-15T22:17:28.655795Z
2025-07-01,GitHub Pages,Deployment surface,Static hosting platform,#6e7781,18866,12123,30989,ALL,ALL,HTTP Archive Technology Report API adoption endpoint,https://cdn.httparchive.org/v1/adoption?technology=ALL%2CWordPress%2CShopify%2CWix%2CSquarespace%2CWebflow%2CDuda%2CTilda%2CNext.js%2CNuxt.js%2CAstro%2CGatsby%2CHugo%2CJekyll%2CEleventy%2CVercel%2CNetlify%2CGitHub+Pages%2CFramer+Sites%2CLovable%2CBase44&geo=ALL&rank=ALL&start=2020-01-01&end=2026-05-01,2026-06-15T22:17:28.655795Z
2025-07-01,Hugo,Static/app framework,Static site generator,#ff4088,5989,6237,12226,ALL,ALL,HTTP Archive Technology Report API adoption endpoint,https://cdn.httparchive.org/v1/adoption?technology=ALL%2CWordPress%2CShopify%2CWix%2CSquarespace%2CWebflow%2CDuda%2CTilda%2CNext.js%2CNuxt.js%2CAstro%2CGatsby%2CHugo%2CJekyll%2CEleventy%2CVercel%2CNetlify%2CGitHub+Pages%2CFramer+Sites%2CLovable%2CBase44&geo=ALL&rank=ALL&start=2020-01-01&end=2026-05-01,2026-06-15T22:17:28.655795Z
2025-07-01,Jekyll,Static/app framework,Static site generator,#cc0000,3425,2322,5747,ALL,ALL,HTTP Archive Technology Report API adoption endpoint,https://cdn.httparchive.org/v1/adoption?technology=ALL%2CWordPress%2CShopify%2CWix%2CSquarespace%2CWebflow%2CDuda%2CTilda%2CNext.js%2CNuxt.js%2CAstro%2CGatsby%2CHugo%2CJekyll%2CEleventy%2CVercel%2CNetlify%2CGitHub+Pages%2CFramer+Sites%2CLovable%2CBase44&geo=ALL&rank=ALL&start=2020-01-01&end=2026-05-01,2026-06-15T22:17:28.655795Z
2025-07-01,Netlify,Deployment surface,Static/app deployment platform,#00ad9f,21159,25345,46504,ALL,ALL,HTTP Archive Technology Report API adoption endpoint,https://cdn.httparchive.org/v1/adoption?technology=ALL%2CWordPress%2CShopify%2CWix%2CSquarespace%2CWebflow%2CDuda%2CTilda%2CNext.js%2CNuxt.js%2CAstro%2CGatsby%2CHugo%2CJekyll%2CEleventy%2CVercel%2CNetlify%2CGitHub+Pages%2CFramer+Sites%2CLovable%2CBase44&geo=ALL&rank=ALL&start=2020-01-01&end=2026-05-01,2026-06-15T22:17:28.655795Z
2025-07-01,Next.js,Static/app framework,React app framework and static/hybrid generator,#111827,165489,231551,397040,ALL,ALL,HTTP Archive Technology Report API adoption endpoint,https://cdn.httparchive.org/v1/adoption?technology=ALL%2CWordPress%2CShopify%2CWix%2CSquarespace%2CWebflow%2CDuda%2CTilda%2CNext.js%2CNuxt.js%2CAstro%2CGatsby%2CHugo%2CJekyll%2CEleventy%2CVercel%2CNetlify%2CGitHub+Pages%2CFramer+Sites%2CLovable%2CBase44&geo=ALL&rank=ALL&start=2020-01-01&end=2026-05-01,2026-06-15T22:17:28.655795Z
2025-07-01,Nuxt.js,Static/app framework,Vue app framework and static/hybrid generator,#00dc82,57076,84629,141705,ALL,ALL,HTTP Archive Technology Report API adoption endpoint,https://cdn.httparchive.org/v1/adoption?technology=ALL%2CWordPress%2CShopify%2CWix%2CSquarespace%2CWebflow%2CDuda%2CTilda%2CNext.js%2CNuxt.js%2CAstro%2CGatsby%2CHugo%2CJekyll%2CEleventy%2CVercel%2CNetlify%2CGitHub+Pages%2CFramer+Sites%2CLovable%2CBase44&geo=ALL&rank=ALL&start=2020-01-01&end=2026-05-01,2026-06-15T22:17:28.655795Z
2025-07-01,Shopify,CMS/ecommerce/builder,Hosted ecommerce,#16a34a,289885,384914,674799,ALL,ALL,HTTP Archive Technology Report API adoption endpoint,https://cdn.httparchive.org/v1/adoption?technology=ALL%2CWordPress%2CShopify%2CWix%2CSquarespace%2CWebflow%2CDuda%2CTilda%2CNext.js%2CNuxt.js%2CAstro%2CGatsby%2CHugo%2CJekyll%2CEleventy%2CVercel%2CNetlify%2CGitHub+Pages%2CFramer+Sites%2CLovable%2CBase44&geo=ALL&rank=ALL&start=2020-01-01&end=2026-05-01,2026-06-15T22:17:28.655795Z
2025-07-01,Squarespace,CMS/ecommerce/builder,Hosted website builder,#64748b,80909,101506,182415,ALL,ALL,HTTP Archive Technology Report API adoption endpoint,https://cdn.httparchive.org/v1/adoption?technology=ALL%2CWordPress%2CShopify%2CWix%2CSquarespace%2CWebflow%2CDuda%2CTilda%2CNext.js%2CNuxt.js%2CAstro%2CGatsby%2CHugo%2CJekyll%2CEleventy%2CVercel%2CNetlify%2CGitHub+Pages%2CFramer+Sites%2CLovable%2CBase44&geo=ALL&rank=ALL&start=2020-01-01&end=2026-05-01,2026-06-15T22:17:28.655795Z
2025-07-01,Tilda,CMS/ecommerce/builder,Hosted website builder,#a855f7,13447,55327,68774,ALL,ALL,HTTP Archive Technology Report API adoption endpoint,https://cdn.httparchive.org/v1/adoption?technology=ALL%2CWordPress%2CShopify%2CWix%2CSquarespace%2CWebflow%2CDuda%2CTilda%2CNext.js%2CNuxt.js%2CAstro%2CGatsby%2CHugo%2CJekyll%2CEleventy%2CVercel%2CNetlify%2CGitHub+Pages%2CFramer+Sites%2CLovable%2CBase44&geo=ALL&rank=ALL&start=2020-01-01&end=2026-05-01,2026-06-15T22:17:28.655795Z
2025-07-01,Vercel,Deployment surface,Frontend cloud/PaaS often paired with Next.js,#000000,58466,66674,125140,ALL,ALL,HTTP Archive Technology Report API adoption endpoint,https://cdn.httparchive.org/v1/adoption?technology=ALL%2CWordPress%2CShopify%2CWix%2CSquarespace%2CWebflow%2CDuda%2CTilda%2CNext.js%2CNuxt.js%2CAstro%2CGatsby%2CHugo%2CJekyll%2CEleventy%2CVercel%2CNetlify%2CGitHub+Pages%2CFramer+Sites%2CLovable%2CBase44&geo=ALL&rank=ALL&start=2020-01-01&end=2026-05-01,2026-06-15T22:17:28.655795Z
2025-07-01,Webflow,CMS/ecommerce/builder,Visual website builder/CMS,#0891b2,58336,62179,120515,ALL,ALL,HTTP Archive Technology Report API adoption endpoint,https://cdn.httparchive.org/v1/adoption?technology=ALL%2CWordPress%2CShopify%2CWix%2CSquarespace%2CWebflow%2CDuda%2CTilda%2CNext.js%2CNuxt.js%2CAstro%2CGatsby%2CHugo%2CJekyll%2CEleventy%2CVercel%2CNetlify%2CGitHub+Pages%2CFramer+Sites%2CLovable%2CBase44&geo=ALL&rank=ALL&start=2020-01-01&end=2026-05-01,2026-06-15T22:17:28.655795Z
2025-07-01,Wix,CMS/ecommerce/builder,Hosted website builder,#f59e0b,87426,218553,305979,ALL,ALL,HTTP Archive Technology Report API adoption endpoint,https://cdn.httparchive.org/v1/adoption?technology=ALL%2CWordPress%2CShopify%2CWix%2CSquarespace%2CWebflow%2CDuda%2CTilda%2CNext.js%2CNuxt.js%2CAstro%2CGatsby%2CHugo%2CJekyll%2CEleventy%2CVercel%2CNetlify%2CGitHub+Pages%2CFramer+Sites%2CLovable%2CBase44&geo=ALL&rank=ALL&start=2020-01-01&end=2026-05-01,2026-06-15T22:17:28.655795Z
2025-07-01,WordPress,CMS/ecommerce/builder,Open-source CMS,#2563eb,1907582,3087534,4995116,ALL,ALL,HTTP Archive Technology Report API adoption endpoint,https://cdn.httparchive.org/v1/adoption?technology=ALL%2CWordPress%2CShopify%2CWix%2CSquarespace%2CWebflow%2CDuda%2CTilda%2CNext.js%2CNuxt.js%2CAstro%2CGatsby%2CHugo%2CJekyll%2CEleventy%2CVercel%2CNetlify%2CGitHub+Pages%2CFramer+Sites%2CLovable%2CBase44&geo=ALL&rank=ALL&start=2020-01-01&end=2026-05-01,2026-06-15T22:17:28.655795Z
2025-08-01,ALL,All origins,All HTTP Archive crawl origins,#0f172a,5876485,9297415,15173900,ALL,ALL,HTTP Archive Technology Report API adoption endpoint,https://cdn.httparchive.org/v1/adoption?technology=ALL%2CWordPress%2CShopify%2CWix%2CSquarespace%2CWebflow%2CDuda%2CTilda%2CNext.js%2CNuxt.js%2CAstro%2CGatsby%2CHugo%2CJekyll%2CEleventy%2CVercel%2CNetlify%2CGitHub+Pages%2CFramer+Sites%2CLovable%2CBase44&geo=ALL&rank=ALL&start=2020-01-01&end=2026-05-01,2026-06-15T22:17:28.655795Z
2025-08-01,Astro,Static/app framework,Static site generator/app framework,#fb7185,9818,17183,27001,ALL,ALL,HTTP Archive Technology Report API adoption endpoint,https://cdn.httparchive.org/v1/adoption?technology=ALL%2CWordPress%2CShopify%2CWix%2CSquarespace%2CWebflow%2CDuda%2CTilda%2CNext.js%2CNuxt.js%2CAstro%2CGatsby%2CHugo%2CJekyll%2CEleventy%2CVercel%2CNetlify%2CGitHub+Pages%2CFramer+Sites%2CLovable%2CBase44&geo=ALL&rank=ALL&start=2020-01-01&end=2026-05-01,2026-06-15T22:17:28.655795Z
2025-08-01,Duda,CMS/ecommerce/builder,Hosted website builder,#dc2626,16377,47210,63587,ALL,ALL,HTTP Archive Technology Report API adoption endpoint,https://cdn.httparchive.org/v1/adoption?technology=ALL%2CWordPress%2CShopify%2CWix%2CSquarespace%2CWebflow%2CDuda%2CTilda%2CNext.js%2CNuxt.js%2CAstro%2CGatsby%2CHugo%2CJekyll%2CEleventy%2CVercel%2CNetlify%2CGitHub+Pages%2CFramer+Sites%2CLovable%2CBase44&geo=ALL&rank=ALL&start=2020-01-01&end=2026-05-01,2026-06-15T22:17:28.655795Z
2025-08-01,Eleventy,Static/app framework,Static site generator,#222222,198,180,378,ALL,ALL,HTTP Archive Technology Report API adoption endpoint,https://cdn.httparchive.org/v1/adoption?technology=ALL%2CWordPress%2CShopify%2CWix%2CSquarespace%2CWebflow%2CDuda%2CTilda%2CNext.js%2CNuxt.js%2CAstro%2CGatsby%2CHugo%2CJekyll%2CEleventy%2CVercel%2CNetlify%2CGitHub+Pages%2CFramer+Sites%2CLovable%2CBase44&geo=ALL&rank=ALL&start=2020-01-01&end=2026-05-01,2026-06-15T22:17:28.655795Z
2025-08-01,Framer Sites,AI-era builder signal,Visual site builder with AI-assisted creation features,#0055ff,9457,8308,17765,ALL,ALL,HTTP Archive Technology Report API adoption endpoint,https://cdn.httparchive.org/v1/adoption?technology=ALL%2CWordPress%2CShopify%2CWix%2CSquarespace%2CWebflow%2CDuda%2CTilda%2CNext.js%2CNuxt.js%2CAstro%2CGatsby%2CHugo%2CJekyll%2CEleventy%2CVercel%2CNetlify%2CGitHub+Pages%2CFramer+Sites%2CLovable%2CBase44&geo=ALL&rank=ALL&start=2020-01-01&end=2026-05-01,2026-06-15T22:17:28.655795Z
2025-08-01,Gatsby,Static/app framework,React static site generator,#663399,10291,12664,22955,ALL,ALL,HTTP Archive Technology Report API adoption endpoint,https://cdn.httparchive.org/v1/adoption?technology=ALL%2CWordPress%2CShopify%2CWix%2CSquarespace%2CWebflow%2CDuda%2CTilda%2CNext.js%2CNuxt.js%2CAstro%2CGatsby%2CHugo%2CJekyll%2CEleventy%2CVercel%2CNetlify%2CGitHub+Pages%2CFramer+Sites%2CLovable%2CBase44&geo=ALL&rank=ALL&start=2020-01-01&end=2026-05-01,2026-06-15T22:17:28.655795Z
2025-08-01,GitHub Pages,Deployment surface,Static hosting platform,#6e7781,18736,12501,31237,ALL,ALL,HTTP Archive Technology Report API adoption endpoint,https://cdn.httparchive.org/v1/adoption?technology=ALL%2CWordPress%2CShopify%2CWix%2CSquarespace%2CWebflow%2CDuda%2CTilda%2CNext.js%2CNuxt.js%2CAstro%2CGatsby%2CHugo%2CJekyll%2CEleventy%2CVercel%2CNetlify%2CGitHub+Pages%2CFramer+Sites%2CLovable%2CBase44&geo=ALL&rank=ALL&start=2020-01-01&end=2026-05-01,2026-06-15T22:17:28.655795Z
2025-08-01,Hugo,Static/app framework,Static site generator,#ff4088,5892,6445,12337,ALL,ALL,HTTP Archive Technology Report API adoption endpoint,https://cdn.httparchive.org/v1/adoption?technology=ALL%2CWordPress%2CShopify%2CWix%2CSquarespace%2CWebflow%2CDuda%2CTilda%2CNext.js%2CNuxt.js%2CAstro%2CGatsby%2CHugo%2CJekyll%2CEleventy%2CVercel%2CNetlify%2CGitHub+Pages%2CFramer+Sites%2CLovable%2CBase44&geo=ALL&rank=ALL&start=2020-01-01&end=2026-05-01,2026-06-15T22:17:28.655795Z
2025-08-01,Jekyll,Static/app framework,Static site generator,#cc0000,3385,2314,5699,ALL,ALL,HTTP Archive Technology Report API adoption endpoint,https://cdn.httparchive.org/v1/adoption?technology=ALL%2CWordPress%2CShopify%2CWix%2CSquarespace%2CWebflow%2CDuda%2CTilda%2CNext.js%2CNuxt.js%2CAstro%2CGatsby%2CHugo%2CJekyll%2CEleventy%2CVercel%2CNetlify%2CGitHub+Pages%2CFramer+Sites%2CLovable%2CBase44&geo=ALL&rank=ALL&start=2020-01-01&end=2026-05-01,2026-06-15T22:17:28.655795Z
2025-08-01,Netlify,Deployment surface,Static/app deployment platform,#00ad9f,21095,26514,47609,ALL,ALL,HTTP Archive Technology Report API adoption endpoint,https://cdn.httparchive.org/v1/adoption?technology=ALL%2CWordPress%2CShopify%2CWix%2CSquarespace%2CWebflow%2CDuda%2CTilda%2CNext.js%2CNuxt.js%2CAstro%2CGatsby%2CHugo%2CJekyll%2CEleventy%2CVercel%2CNetlify%2CGitHub+Pages%2CFramer+Sites%2CLovable%2CBase44&geo=ALL&rank=ALL&start=2020-01-01&end=2026-05-01,2026-06-15T22:17:28.655795Z
2025-08-01,Next.js,Static/app framework,React app framework and static/hybrid generator,#111827,170090,243695,413785,ALL,ALL,HTTP Archive Technology Report API adoption endpoint,https://cdn.httparchive.org/v1/adoption?technology=ALL%2CWordPress%2CShopify%2CWix%2CSquarespace%2CWebflow%2CDuda%2CTilda%2CNext.js%2CNuxt.js%2CAstro%2CGatsby%2CHugo%2CJekyll%2CEleventy%2CVercel%2CNetlify%2CGitHub+Pages%2CFramer+Sites%2CLovable%2CBase44&geo=ALL&rank=ALL&start=2020-01-01&end=2026-05-01,2026-06-15T22:17:28.655795Z
2025-08-01,Nuxt.js,Static/app framework,Vue app framework and static/hybrid generator,#00dc82,59353,88989,148342,ALL,ALL,HTTP Archive Technology Report API adoption endpoint,https://cdn.httparchive.org/v1/adoption?technology=ALL%2CWordPress%2CShopify%2CWix%2CSquarespace%2CWebflow%2CDuda%2CTilda%2CNext.js%2CNuxt.js%2CAstro%2CGatsby%2CHugo%2CJekyll%2CEleventy%2CVercel%2CNetlify%2CGitHub+Pages%2CFramer+Sites%2CLovable%2CBase44&geo=ALL&rank=ALL&start=2020-01-01&end=2026-05-01,2026-06-15T22:17:28.655795Z
2025-08-01,Shopify,CMS/ecommerce/builder,Hosted ecommerce,#16a34a,294781,398599,693380,ALL,ALL,HTTP Archive Technology Report API adoption endpoint,https://cdn.httparchive.org/v1/adoption?technology=ALL%2CWordPress%2CShopify%2CWix%2CSquarespace%2CWebflow%2CDuda%2CTilda%2CNext.js%2CNuxt.js%2CAstro%2CGatsby%2CHugo%2CJekyll%2CEleventy%2CVercel%2CNetlify%2CGitHub+Pages%2CFramer+Sites%2CLovable%2CBase44&geo=ALL&rank=ALL&start=2020-01-01&end=2026-05-01,2026-06-15T22:17:28.655795Z
2025-08-01,Squarespace,CMS/ecommerce/builder,Hosted website builder,#64748b,81979,103439,185418,ALL,ALL,HTTP Archive Technology Report API adoption endpoint,https://cdn.httparchive.org/v1/adoption?technology=ALL%2CWordPress%2CShopify%2CWix%2CSquarespace%2CWebflow%2CDuda%2CTilda%2CNext.js%2CNuxt.js%2CAstro%2CGatsby%2CHugo%2CJekyll%2CEleventy%2CVercel%2CNetlify%2CGitHub+Pages%2CFramer+Sites%2CLovable%2CBase44&geo=ALL&rank=ALL&start=2020-01-01&end=2026-05-01,2026-06-15T22:17:28.655795Z
2025-08-01,Tilda,CMS/ecommerce/builder,Hosted website builder,#a855f7,13269,56065,69334,ALL,ALL,HTTP Archive Technology Report API adoption endpoint,https://cdn.httparchive.org/v1/adoption?technology=ALL%2CWordPress%2CShopify%2CWix%2CSquarespace%2CWebflow%2CDuda%2CTilda%2CNext.js%2CNuxt.js%2CAstro%2CGatsby%2CHugo%2CJekyll%2CEleventy%2CVercel%2CNetlify%2CGitHub+Pages%2CFramer+Sites%2CLovable%2CBase44&geo=ALL&rank=ALL&start=2020-01-01&end=2026-05-01,2026-06-15T22:17:28.655795Z
2025-08-01,Vercel,Deployment surface,Frontend cloud/PaaS often paired with Next.js,#000000,60325,70756,131081,ALL,ALL,HTTP Archive Technology Report API adoption endpoint,https://cdn.httparchive.org/v1/adoption?technology=ALL%2CWordPress%2CShopify%2CWix%2CSquarespace%2CWebflow%2CDuda%2CTilda%2CNext.js%2CNuxt.js%2CAstro%2CGatsby%2CHugo%2CJekyll%2CEleventy%2CVercel%2CNetlify%2CGitHub+Pages%2CFramer+Sites%2CLovable%2CBase44&geo=ALL&rank=ALL&start=2020-01-01&end=2026-05-01,2026-06-15T22:17:28.655795Z
2025-08-01,Webflow,CMS/ecommerce/builder,Visual website builder/CMS,#0891b2,58547,64033,122580,ALL,ALL,HTTP Archive Technology Report API adoption endpoint,https://cdn.httparchive.org/v1/adoption?technology=ALL%2CWordPress%2CShopify%2CWix%2CSquarespace%2CWebflow%2CDuda%2CTilda%2CNext.js%2CNuxt.js%2CAstro%2CGatsby%2CHugo%2CJekyll%2CEleventy%2CVercel%2CNetlify%2CGitHub+Pages%2CFramer+Sites%2CLovable%2CBase44&geo=ALL&rank=ALL&start=2020-01-01&end=2026-05-01,2026-06-15T22:17:28.655795Z
2025-08-01,Wix,CMS/ecommerce/builder,Hosted website builder,#f59e0b,86533,230997,317530,ALL,ALL,HTTP Archive Technology Report API adoption endpoint,https://cdn.httparchive.org/v1/adoption?technology=ALL%2CWordPress%2CShopify%2CWix%2CSquarespace%2CWebflow%2CDuda%2CTilda%2CNext.js%2CNuxt.js%2CAstro%2CGatsby%2CHugo%2CJekyll%2CEleventy%2CVercel%2CNetlify%2CGitHub+Pages%2CFramer+Sites%2CLovable%2CBase44&geo=ALL&rank=ALL&start=2020-01-01&end=2026-05-01,2026-06-15T22:17:28.655795Z
2025-08-01,WordPress,CMS/ecommerce/builder,Open-source CMS,#2563eb,1887517,3182359,5069876,ALL,ALL,HTTP Archive Technology Report API adoption endpoint,https://cdn.httparchive.org/v1/adoption?technology=ALL%2CWordPress%2CShopify%2CWix%2CSquarespace%2CWebflow%2CDuda%2CTilda%2CNext.js%2CNuxt.js%2CAstro%2CGatsby%2CHugo%2CJekyll%2CEleventy%2CVercel%2CNetlify%2CGitHub+Pages%2CFramer+Sites%2CLovable%2CBase44&geo=ALL&rank=ALL&start=2020-01-01&end=2026-05-01,2026-06-15T22:17:28.655795Z
2025-09-01,ALL,All origins,All HTTP Archive crawl origins,#0f172a,6098426,9235862,15334288,ALL,ALL,HTTP Archive Technology Report API adoption endpoint,https://cdn.httparchive.org/v1/adoption?technology=ALL%2CWordPress%2CShopify%2CWix%2CSquarespace%2CWebflow%2CDuda%2CTilda%2CNext.js%2CNuxt.js%2CAstro%2CGatsby%2CHugo%2CJekyll%2CEleventy%2CVercel%2CNetlify%2CGitHub+Pages%2CFramer+Sites%2CLovable%2CBase44&geo=ALL&rank=ALL&start=2020-01-01&end=2026-05-01,2026-06-15T22:17:28.655795Z
2025-09-01,Astro,Static/app framework,Static site generator/app framework,#fb7185,10452,17783,28235,ALL,ALL,HTTP Archive Technology Report API adoption endpoint,https://cdn.httparchive.org/v1/adoption?technology=ALL%2CWordPress%2CShopify%2CWix%2CSquarespace%2CWebflow%2CDuda%2CTilda%2CNext.js%2CNuxt.js%2CAstro%2CGatsby%2CHugo%2CJekyll%2CEleventy%2CVercel%2CNetlify%2CGitHub+Pages%2CFramer+Sites%2CLovable%2CBase44&geo=ALL&rank=ALL&start=2020-01-01&end=2026-05-01,2026-06-15T22:17:28.655795Z
2025-09-01,Duda,CMS/ecommerce/builder,Hosted website builder,#dc2626,16575,43673,60248,ALL,ALL,HTTP Archive Technology Report API adoption endpoint,https://cdn.httparchive.org/v1/adoption?technology=ALL%2CWordPress%2CShopify%2CWix%2CSquarespace%2CWebflow%2CDuda%2CTilda%2CNext.js%2CNuxt.js%2CAstro%2CGatsby%2CHugo%2CJekyll%2CEleventy%2CVercel%2CNetlify%2CGitHub+Pages%2CFramer+Sites%2CLovable%2CBase44&geo=ALL&rank=ALL&start=2020-01-01&end=2026-05-01,2026-06-15T22:17:28.655795Z
2025-09-01,Eleventy,Static/app framework,Static site generator,#222222,212,184,396,ALL,ALL,HTTP Archive Technology Report API adoption endpoint,https://cdn.httparchive.org/v1/adoption?technology=ALL%2CWordPress%2CShopify%2CWix%2CSquarespace%2CWebflow%2CDuda%2CTilda%2CNext.js%2CNuxt.js%2CAstro%2CGatsby%2CHugo%2CJekyll%2CEleventy%2CVercel%2CNetlify%2CGitHub+Pages%2CFramer+Sites%2CLovable%2CBase44&geo=ALL&rank=ALL&start=2020-01-01&end=2026-05-01,2026-06-15T22:17:28.655795Z
2025-09-01,Framer Sites,AI-era builder signal,Visual site builder with AI-assisted creation features,#0055ff,10179,8848,19027,ALL,ALL,HTTP Archive Technology Report API adoption endpoint,https://cdn.httparchive.org/v1/adoption?technology=ALL%2CWordPress%2CShopify%2CWix%2CSquarespace%2CWebflow%2CDuda%2CTilda%2CNext.js%2CNuxt.js%2CAstro%2CGatsby%2CHugo%2CJekyll%2CEleventy%2CVercel%2CNetlify%2CGitHub+Pages%2CFramer+Sites%2CLovable%2CBase44&geo=ALL&rank=ALL&start=2020-01-01&end=2026-05-01,2026-06-15T22:17:28.655795Z
2025-09-01,Gatsby,Static/app framework,React static site generator,#663399,10395,12128,22523,ALL,ALL,HTTP Archive Technology Report API adoption endpoint,https://cdn.httparchive.org/v1/adoption?technology=ALL%2CWordPress%2CShopify%2CWix%2CSquarespace%2CWebflow%2CDuda%2CTilda%2CNext.js%2CNuxt.js%2CAstro%2CGatsby%2CHugo%2CJekyll%2CEleventy%2CVercel%2CNetlify%2CGitHub+Pages%2CFramer+Sites%2CLovable%2CBase44&geo=ALL&rank=ALL&start=2020-01-01&end=2026-05-01,2026-06-15T22:17:28.655795Z
2025-09-01,GitHub Pages,Deployment surface,Static hosting platform,#6e7781,20224,12646,32870,ALL,ALL,HTTP Archive Technology Report API adoption endpoint,https://cdn.httparchive.org/v1/adoption?technology=ALL%2CWordPress%2CShopify%2CWix%2CSquarespace%2CWebflow%2CDuda%2CTilda%2CNext.js%2CNuxt.js%2CAstro%2CGatsby%2CHugo%2CJekyll%2CEleventy%2CVercel%2CNetlify%2CGitHub+Pages%2CFramer+Sites%2CLovable%2CBase44&geo=ALL&rank=ALL&start=2020-01-01&end=2026-05-01,2026-06-15T22:17:28.655795Z
2025-09-01,Hugo,Static/app framework,Static site generator,#ff4088,6212,6461,12673,ALL,ALL,HTTP Archive Technology Report API adoption endpoint,https://cdn.httparchive.org/v1/adoption?technology=ALL%2CWordPress%2CShopify%2CWix%2CSquarespace%2CWebflow%2CDuda%2CTilda%2CNext.js%2CNuxt.js%2CAstro%2CGatsby%2CHugo%2CJekyll%2CEleventy%2CVercel%2CNetlify%2CGitHub+Pages%2CFramer+Sites%2CLovable%2CBase44&geo=ALL&rank=ALL&start=2020-01-01&end=2026-05-01,2026-06-15T22:17:28.655795Z
2025-09-01,Jekyll,Static/app framework,Static site generator,#cc0000,3593,2355,5948,ALL,ALL,HTTP Archive Technology Report API adoption endpoint,https://cdn.httparchive.org/v1/adoption?technology=ALL%2CWordPress%2CShopify%2CWix%2CSquarespace%2CWebflow%2CDuda%2CTilda%2CNext.js%2CNuxt.js%2CAstro%2CGatsby%2CHugo%2CJekyll%2CEleventy%2CVercel%2CNetlify%2CGitHub+Pages%2CFramer+Sites%2CLovable%2CBase44&geo=ALL&rank=ALL&start=2020-01-01&end=2026-05-01,2026-06-15T22:17:28.655795Z
2025-09-01,Netlify,Deployment surface,Static/app deployment platform,#00ad9f,21930,26856,48786,ALL,ALL,HTTP Archive Technology Report API adoption endpoint,https://cdn.httparchive.org/v1/adoption?technology=ALL%2CWordPress%2CShopify%2CWix%2CSquarespace%2CWebflow%2CDuda%2CTilda%2CNext.js%2CNuxt.js%2CAstro%2CGatsby%2CHugo%2CJekyll%2CEleventy%2CVercel%2CNetlify%2CGitHub+Pages%2CFramer+Sites%2CLovable%2CBase44&geo=ALL&rank=ALL&start=2020-01-01&end=2026-05-01,2026-06-15T22:17:28.655795Z
2025-09-01,Next.js,Static/app framework,React app framework and static/hybrid generator,#111827,177513,249049,426562,ALL,ALL,HTTP Archive Technology Report API adoption endpoint,https://cdn.httparchive.org/v1/adoption?technology=ALL%2CWordPress%2CShopify%2CWix%2CSquarespace%2CWebflow%2CDuda%2CTilda%2CNext.js%2CNuxt.js%2CAstro%2CGatsby%2CHugo%2CJekyll%2CEleventy%2CVercel%2CNetlify%2CGitHub+Pages%2CFramer+Sites%2CLovable%2CBase44&geo=ALL&rank=ALL&start=2020-01-01&end=2026-05-01,2026-06-15T22:17:28.655795Z
2025-09-01,Nuxt.js,Static/app framework,Vue app framework and static/hybrid generator,#00dc82,61556,90077,151633,ALL,ALL,HTTP Archive Technology Report API adoption endpoint,https://cdn.httparchive.org/v1/adoption?technology=ALL%2CWordPress%2CShopify%2CWix%2CSquarespace%2CWebflow%2CDuda%2CTilda%2CNext.js%2CNuxt.js%2CAstro%2CGatsby%2CHugo%2CJekyll%2CEleventy%2CVercel%2CNetlify%2CGitHub+Pages%2CFramer+Sites%2CLovable%2CBase44&geo=ALL&rank=ALL&start=2020-01-01&end=2026-05-01,2026-06-15T22:17:28.655795Z
2025-09-01,Shopify,CMS/ecommerce/builder,Hosted ecommerce,#16a34a,301276,403200,704476,ALL,ALL,HTTP Archive Technology Report API adoption endpoint,https://cdn.httparchive.org/v1/adoption?technology=ALL%2CWordPress%2CShopify%2CWix%2CSquarespace%2CWebflow%2CDuda%2CTilda%2CNext.js%2CNuxt.js%2CAstro%2CGatsby%2CHugo%2CJekyll%2CEleventy%2CVercel%2CNetlify%2CGitHub+Pages%2CFramer+Sites%2CLovable%2CBase44&geo=ALL&rank=ALL&start=2020-01-01&end=2026-05-01,2026-06-15T22:17:28.655795Z
2025-09-01,Squarespace,CMS/ecommerce/builder,Hosted website builder,#64748b,86071,101277,187348,ALL,ALL,HTTP Archive Technology Report API adoption endpoint,https://cdn.httparchive.org/v1/adoption?technology=ALL%2CWordPress%2CShopify%2CWix%2CSquarespace%2CWebflow%2CDuda%2CTilda%2CNext.js%2CNuxt.js%2CAstro%2CGatsby%2CHugo%2CJekyll%2CEleventy%2CVercel%2CNetlify%2CGitHub+Pages%2CFramer+Sites%2CLovable%2CBase44&geo=ALL&rank=ALL&start=2020-01-01&end=2026-05-01,2026-06-15T22:17:28.655795Z
2025-09-01,Tilda,CMS/ecommerce/builder,Hosted website builder,#a855f7,13883,55953,69836,ALL,ALL,HTTP Archive Technology Report API adoption endpoint,https://cdn.httparchive.org/v1/adoption?technology=ALL%2CWordPress%2CShopify%2CWix%2CSquarespace%2CWebflow%2CDuda%2CTilda%2CNext.js%2CNuxt.js%2CAstro%2CGatsby%2CHugo%2CJekyll%2CEleventy%2CVercel%2CNetlify%2CGitHub+Pages%2CFramer+Sites%2CLovable%2CBase44&geo=ALL&rank=ALL&start=2020-01-01&end=2026-05-01,2026-06-15T22:17:28.655795Z
2025-09-01,Vercel,Deployment surface,Frontend cloud/PaaS often paired with Next.js,#000000,63895,74003,137898,ALL,ALL,HTTP Archive Technology Report API adoption endpoint,https://cdn.httparchive.org/v1/adoption?technology=ALL%2CWordPress%2CShopify%2CWix%2CSquarespace%2CWebflow%2CDuda%2CTilda%2CNext.js%2CNuxt.js%2CAstro%2CGatsby%2CHugo%2CJekyll%2CEleventy%2CVercel%2CNetlify%2CGitHub+Pages%2CFramer+Sites%2CLovable%2CBase44&geo=ALL&rank=ALL&start=2020-01-01&end=2026-05-01,2026-06-15T22:17:28.655795Z
2025-09-01,Webflow,CMS/ecommerce/builder,Visual website builder/CMS,#0891b2,61241,64890,126131,ALL,ALL,HTTP Archive Technology Report API adoption endpoint,https://cdn.httparchive.org/v1/adoption?technology=ALL%2CWordPress%2CShopify%2CWix%2CSquarespace%2CWebflow%2CDuda%2CTilda%2CNext.js%2CNuxt.js%2CAstro%2CGatsby%2CHugo%2CJekyll%2CEleventy%2CVercel%2CNetlify%2CGitHub+Pages%2CFramer+Sites%2CLovable%2CBase44&geo=ALL&rank=ALL&start=2020-01-01&end=2026-05-01,2026-06-15T22:17:28.655795Z
2025-09-01,Wix,CMS/ecommerce/builder,Hosted website builder,#f59e0b,91258,204135,295393,ALL,ALL,HTTP Archive Technology Report API adoption endpoint,https://cdn.httparchive.org/v1/adoption?technology=ALL%2CWordPress%2CShopify%2CWix%2CSquarespace%2CWebflow%2CDuda%2CTilda%2CNext.js%2CNuxt.js%2CAstro%2CGatsby%2CHugo%2CJekyll%2CEleventy%2CVercel%2CNetlify%2CGitHub+Pages%2CFramer+Sites%2CLovable%2CBase44&geo=ALL&rank=ALL&start=2020-01-01&end=2026-05-01,2026-06-15T22:17:28.655795Z
2025-09-01,WordPress,CMS/ecommerce/builder,Open-source CMS,#2563eb,1974904,3163026,5137930,ALL,ALL,HTTP Archive Technology Report API adoption endpoint,https://cdn.httparchive.org/v1/adoption?technology=ALL%2CWordPress%2CShopify%2CWix%2CSquarespace%2CWebflow%2CDuda%2CTilda%2CNext.js%2CNuxt.js%2CAstro%2CGatsby%2CHugo%2CJekyll%2CEleventy%2CVercel%2CNetlify%2CGitHub+Pages%2CFramer+Sites%2CLovable%2CBase44&geo=ALL&rank=ALL&start=2020-01-01&end=2026-05-01,2026-06-15T22:17:28.655795Z
2025-10-01,ALL,All origins,All HTTP Archive crawl origins,#0f172a,6133574,9085958,15219532,ALL,ALL,HTTP Archive Technology Report API adoption endpoint,https://cdn.httparchive.org/v1/adoption?technology=ALL%2CWordPress%2CShopify%2CWix%2CSquarespace%2CWebflow%2CDuda%2CTilda%2CNext.js%2CNuxt.js%2CAstro%2CGatsby%2CHugo%2CJekyll%2CEleventy%2CVercel%2CNetlify%2CGitHub+Pages%2CFramer+Sites%2CLovable%2CBase44&geo=ALL&rank=ALL&start=2020-01-01&end=2026-05-01,2026-06-15T22:17:28.655795Z
2025-10-01,Astro,Static/app framework,Static site generator/app framework,#fb7185,11145,18364,29509,ALL,ALL,HTTP Archive Technology Report API adoption endpoint,https://cdn.httparchive.org/v1/adoption?technology=ALL%2CWordPress%2CShopify%2CWix%2CSquarespace%2CWebflow%2CDuda%2CTilda%2CNext.js%2CNuxt.js%2CAstro%2CGatsby%2CHugo%2CJekyll%2CEleventy%2CVercel%2CNetlify%2CGitHub+Pages%2CFramer+Sites%2CLovable%2CBase44&geo=ALL&rank=ALL&start=2020-01-01&end=2026-05-01,2026-06-15T22:17:28.655795Z
2025-10-01,Duda,CMS/ecommerce/builder,Hosted website builder,#dc2626,16533,42364,58897,ALL,ALL,HTTP Archive Technology Report API adoption endpoint,https://cdn.httparchive.org/v1/adoption?technology=ALL%2CWordPress%2CShopify%2CWix%2CSquarespace%2CWebflow%2CDuda%2CTilda%2CNext.js%2CNuxt.js%2CAstro%2CGatsby%2CHugo%2CJekyll%2CEleventy%2CVercel%2CNetlify%2CGitHub+Pages%2CFramer+Sites%2CLovable%2CBase44&geo=ALL&rank=ALL&start=2020-01-01&end=2026-05-01,2026-06-15T22:17:28.655795Z
2025-10-01,Eleventy,Static/app framework,Static site generator,#222222,217,186,403,ALL,ALL,HTTP Archive Technology Report API adoption endpoint,https://cdn.httparchive.org/v1/adoption?technology=ALL%2CWordPress%2CShopify%2CWix%2CSquarespace%2CWebflow%2CDuda%2CTilda%2CNext.js%2CNuxt.js%2CAstro%2CGatsby%2CHugo%2CJekyll%2CEleventy%2CVercel%2CNetlify%2CGitHub+Pages%2CFramer+Sites%2CLovable%2CBase44&geo=ALL&rank=ALL&start=2020-01-01&end=2026-05-01,2026-06-15T22:17:28.655795Z
2025-10-01,Framer Sites,AI-era builder signal,Visual site builder with AI-assisted creation features,#0055ff,10641,9295,19936,ALL,ALL,HTTP Archive Technology Report API adoption endpoint,https://cdn.httparchive.org/v1/adoption?technology=ALL%2CWordPress%2CShopify%2CWix%2CSquarespace%2CWebflow%2CDuda%2CTilda%2CNext.js%2CNuxt.js%2CAstro%2CGatsby%2CHugo%2CJekyll%2CEleventy%2CVercel%2CNetlify%2CGitHub+Pages%2CFramer+Sites%2CLovable%2CBase44&geo=ALL&rank=ALL&start=2020-01-01&end=2026-05-01,2026-06-15T22:17:28.655795Z
2025-10-01,Gatsby,Static/app framework,React static site generator,#663399,10350,11877,22227,ALL,ALL,HTTP Archive Technology Report API adoption endpoint,https://cdn.httparchive.org/v1/adoption?technology=ALL%2CWordPress%2CShopify%2CWix%2CSquarespace%2CWebflow%2CDuda%2CTilda%2CNext.js%2CNuxt.js%2CAstro%2CGatsby%2CHugo%2CJekyll%2CEleventy%2CVercel%2CNetlify%2CGitHub+Pages%2CFramer+Sites%2CLovable%2CBase44&geo=ALL&rank=ALL&start=2020-01-01&end=2026-05-01,2026-06-15T22:17:28.655795Z
2025-10-01,GitHub Pages,Deployment surface,Static hosting platform,#6e7781,21117,12780,33897,ALL,ALL,HTTP Archive Technology Report API adoption endpoint,https://cdn.httparchive.org/v1/adoption?technology=ALL%2CWordPress%2CShopify%2CWix%2CSquarespace%2CWebflow%2CDuda%2CTilda%2CNext.js%2CNuxt.js%2CAstro%2CGatsby%2CHugo%2CJekyll%2CEleventy%2CVercel%2CNetlify%2CGitHub+Pages%2CFramer+Sites%2CLovable%2CBase44&geo=ALL&rank=ALL&start=2020-01-01&end=2026-05-01,2026-06-15T22:17:28.655795Z
2025-10-01,Hugo,Static/app framework,Static site generator,#ff4088,6297,6389,12686,ALL,ALL,HTTP Archive Technology Report API adoption endpoint,https://cdn.httparchive.org/v1/adoption?technology=ALL%2CWordPress%2CShopify%2CWix%2CSquarespace%2CWebflow%2CDuda%2CTilda%2CNext.js%2CNuxt.js%2CAstro%2CGatsby%2CHugo%2CJekyll%2CEleventy%2CVercel%2CNetlify%2CGitHub+Pages%2CFramer+Sites%2CLovable%2CBase44&geo=ALL&rank=ALL&start=2020-01-01&end=2026-05-01,2026-06-15T22:17:28.655795Z
2025-10-01,Jekyll,Static/app framework,Static site generator,#cc0000,3706,2353,6059,ALL,ALL,HTTP Archive Technology Report API adoption endpoint,https://cdn.httparchive.org/v1/adoption?technology=ALL%2CWordPress%2CShopify%2CWix%2CSquarespace%2CWebflow%2CDuda%2CTilda%2CNext.js%2CNuxt.js%2CAstro%2CGatsby%2CHugo%2CJekyll%2CEleventy%2CVercel%2CNetlify%2CGitHub+Pages%2CFramer+Sites%2CLovable%2CBase44&geo=ALL&rank=ALL&start=2020-01-01&end=2026-05-01,2026-06-15T22:17:28.655795Z
2025-10-01,Netlify,Deployment surface,Static/app deployment platform,#00ad9f,22146,26961,49107,ALL,ALL,HTTP Archive Technology Report API adoption endpoint,https://cdn.httparchive.org/v1/adoption?technology=ALL%2CWordPress%2CShopify%2CWix%2CSquarespace%2CWebflow%2CDuda%2CTilda%2CNext.js%2CNuxt.js%2CAstro%2CGatsby%2CHugo%2CJekyll%2CEleventy%2CVercel%2CNetlify%2CGitHub+Pages%2CFramer+Sites%2CLovable%2CBase44&geo=ALL&rank=ALL&start=2020-01-01&end=2026-05-01,2026-06-15T22:17:28.655795Z
2025-10-01,Next.js,Static/app framework,React app framework and static/hybrid generator,#111827,181991,252321,434312,ALL,ALL,HTTP Archive Technology Report API adoption endpoint,https://cdn.httparchive.org/v1/adoption?technology=ALL%2CWordPress%2CShopify%2CWix%2CSquarespace%2CWebflow%2CDuda%2CTilda%2CNext.js%2CNuxt.js%2CAstro%2CGatsby%2CHugo%2CJekyll%2CEleventy%2CVercel%2CNetlify%2CGitHub+Pages%2CFramer+Sites%2CLovable%2CBase44&geo=ALL&rank=ALL&start=2020-01-01&end=2026-05-01,2026-06-15T22:17:28.655795Z
2025-10-01,Nuxt.js,Static/app framework,Vue app framework and static/hybrid generator,#00dc82,62065,89571,151636,ALL,ALL,HTTP Archive Technology Report API adoption endpoint,https://cdn.httparchive.org/v1/adoption?technology=ALL%2CWordPress%2CShopify%2CWix%2CSquarespace%2CWebflow%2CDuda%2CTilda%2CNext.js%2CNuxt.js%2CAstro%2CGatsby%2CHugo%2CJekyll%2CEleventy%2CVercel%2CNetlify%2CGitHub+Pages%2CFramer+Sites%2CLovable%2CBase44&geo=ALL&rank=ALL&start=2020-01-01&end=2026-05-01,2026-06-15T22:17:28.655795Z
2025-10-01,Shopify,CMS/ecommerce/builder,Hosted ecommerce,#16a34a,307607,410254,717861,ALL,ALL,HTTP Archive Technology Report API adoption endpoint,https://cdn.httparchive.org/v1/adoption?technology=ALL%2CWordPress%2CShopify%2CWix%2CSquarespace%2CWebflow%2CDuda%2CTilda%2CNext.js%2CNuxt.js%2CAstro%2CGatsby%2CHugo%2CJekyll%2CEleventy%2CVercel%2CNetlify%2CGitHub+Pages%2CFramer+Sites%2CLovable%2CBase44&geo=ALL&rank=ALL&start=2020-01-01&end=2026-05-01,2026-06-15T22:17:28.655795Z
2025-10-01,Squarespace,CMS/ecommerce/builder,Hosted website builder,#64748b,85604,99195,184799,ALL,ALL,HTTP Archive Technology Report API adoption endpoint,https://cdn.httparchive.org/v1/adoption?technology=ALL%2CWordPress%2CShopify%2CWix%2CSquarespace%2CWebflow%2CDuda%2CTilda%2CNext.js%2CNuxt.js%2CAstro%2CGatsby%2CHugo%2CJekyll%2CEleventy%2CVercel%2CNetlify%2CGitHub+Pages%2CFramer+Sites%2CLovable%2CBase44&geo=ALL&rank=ALL&start=2020-01-01&end=2026-05-01,2026-06-15T22:17:28.655795Z
2025-10-01,Tilda,CMS/ecommerce/builder,Hosted website builder,#a855f7,14528,55013,69541,ALL,ALL,HTTP Archive Technology Report API adoption endpoint,https://cdn.httparchive.org/v1/adoption?technology=ALL%2CWordPress%2CShopify%2CWix%2CSquarespace%2CWebflow%2CDuda%2CTilda%2CNext.js%2CNuxt.js%2CAstro%2CGatsby%2CHugo%2CJekyll%2CEleventy%2CVercel%2CNetlify%2CGitHub+Pages%2CFramer+Sites%2CLovable%2CBase44&geo=ALL&rank=ALL&start=2020-01-01&end=2026-05-01,2026-06-15T22:17:28.655795Z
2025-10-01,Vercel,Deployment surface,Frontend cloud/PaaS often paired with Next.js,#000000,65656,76203,141859,ALL,ALL,HTTP Archive Technology Report API adoption endpoint,https://cdn.httparchive.org/v1/adoption?technology=ALL%2CWordPress%2CShopify%2CWix%2CSquarespace%2CWebflow%2CDuda%2CTilda%2CNext.js%2CNuxt.js%2CAstro%2CGatsby%2CHugo%2CJekyll%2CEleventy%2CVercel%2CNetlify%2CGitHub+Pages%2CFramer+Sites%2CLovable%2CBase44&geo=ALL&rank=ALL&start=2020-01-01&end=2026-05-01,2026-06-15T22:17:28.655795Z
2025-10-01,Webflow,CMS/ecommerce/builder,Visual website builder/CMS,#0891b2,61667,64257,125924,ALL,ALL,HTTP Archive Technology Report API adoption endpoint,https://cdn.httparchive.org/v1/adoption?technology=ALL%2CWordPress%2CShopify%2CWix%2CSquarespace%2CWebflow%2CDuda%2CTilda%2CNext.js%2CNuxt.js%2CAstro%2CGatsby%2CHugo%2CJekyll%2CEleventy%2CVercel%2CNetlify%2CGitHub+Pages%2CFramer+Sites%2CLovable%2CBase44&geo=ALL&rank=ALL&start=2020-01-01&end=2026-05-01,2026-06-15T22:17:28.655795Z
2025-10-01,Wix,CMS/ecommerce/builder,Hosted website builder,#f59e0b,92055,198873,290928,ALL,ALL,HTTP Archive Technology Report API adoption endpoint,https://cdn.httparchive.org/v1/adoption?technology=ALL%2CWordPress%2CShopify%2CWix%2CSquarespace%2CWebflow%2CDuda%2CTilda%2CNext.js%2CNuxt.js%2CAstro%2CGatsby%2CHugo%2CJekyll%2CEleventy%2CVercel%2CNetlify%2CGitHub+Pages%2CFramer+Sites%2CLovable%2CBase44&geo=ALL&rank=ALL&start=2020-01-01&end=2026-05-01,2026-06-15T22:17:28.655795Z
2025-10-01,WordPress,CMS/ecommerce/builder,Open-source CMS,#2563eb,1990102,3108283,5098385,ALL,ALL,HTTP Archive Technology Report API adoption endpoint,https://cdn.httparchive.org/v1/adoption?technology=ALL%2CWordPress%2CShopify%2CWix%2CSquarespace%2CWebflow%2CDuda%2CTilda%2CNext.js%2CNuxt.js%2CAstro%2CGatsby%2CHugo%2CJekyll%2CEleventy%2CVercel%2CNetlify%2CGitHub+Pages%2CFramer+Sites%2CLovable%2CBase44&geo=ALL&rank=ALL&start=2020-01-01&end=2026-05-01,2026-06-15T22:17:28.655795Z
2025-11-01,ALL,All origins,All HTTP Archive crawl origins,#0f172a,6162158,9046274,15208432,ALL,ALL,HTTP Archive Technology Report API adoption endpoint,https://cdn.httparchive.org/v1/adoption?technology=ALL%2CWordPress%2CShopify%2CWix%2CSquarespace%2CWebflow%2CDuda%2CTilda%2CNext.js%2CNuxt.js%2CAstro%2CGatsby%2CHugo%2CJekyll%2CEleventy%2CVercel%2CNetlify%2CGitHub+Pages%2CFramer+Sites%2CLovable%2CBase44&geo=ALL&rank=ALL&start=2020-01-01&end=2026-05-01,2026-06-15T22:17:28.655795Z
2025-11-01,Astro,Static/app framework,Static site generator/app framework,#fb7185,11739,19024,30763,ALL,ALL,HTTP Archive Technology Report API adoption endpoint,https://cdn.httparchive.org/v1/adoption?technology=ALL%2CWordPress%2CShopify%2CWix%2CSquarespace%2CWebflow%2CDuda%2CTilda%2CNext.js%2CNuxt.js%2CAstro%2CGatsby%2CHugo%2CJekyll%2CEleventy%2CVercel%2CNetlify%2CGitHub+Pages%2CFramer+Sites%2CLovable%2CBase44&geo=ALL&rank=ALL&start=2020-01-01&end=2026-05-01,2026-06-15T22:17:28.655795Z
2025-11-01,Duda,CMS/ecommerce/builder,Hosted website builder,#dc2626,16228,41247,57475,ALL,ALL,HTTP Archive Technology Report API adoption endpoint,https://cdn.httparchive.org/v1/adoption?technology=ALL%2CWordPress%2CShopify%2CWix%2CSquarespace%2CWebflow%2CDuda%2CTilda%2CNext.js%2CNuxt.js%2CAstro%2CGatsby%2CHugo%2CJekyll%2CEleventy%2CVercel%2CNetlify%2CGitHub+Pages%2CFramer+Sites%2CLovable%2CBase44&geo=ALL&rank=ALL&start=2020-01-01&end=2026-05-01,2026-06-15T22:17:28.655795Z
2025-11-01,Eleventy,Static/app framework,Static site generator,#222222,201,189,390,ALL,ALL,HTTP Archive Technology Report API adoption endpoint,https://cdn.httparchive.org/v1/adoption?technology=ALL%2CWordPress%2CShopify%2CWix%2CSquarespace%2CWebflow%2CDuda%2CTilda%2CNext.js%2CNuxt.js%2CAstro%2CGatsby%2CHugo%2CJekyll%2CEleventy%2CVercel%2CNetlify%2CGitHub+Pages%2CFramer+Sites%2CLovable%2CBase44&geo=ALL&rank=ALL&start=2020-01-01&end=2026-05-01,2026-06-15T22:17:28.655795Z
2025-11-01,Framer Sites,AI-era builder signal,Visual site builder with AI-assisted creation features,#0055ff,11052,9663,20715,ALL,ALL,HTTP Archive Technology Report API adoption endpoint,https://cdn.httparchive.org/v1/adoption?technology=ALL%2CWordPress%2CShopify%2CWix%2CSquarespace%2CWebflow%2CDuda%2CTilda%2CNext.js%2CNuxt.js%2CAstro%2CGatsby%2CHugo%2CJekyll%2CEleventy%2CVercel%2CNetlify%2CGitHub+Pages%2CFramer+Sites%2CLovable%2CBase44&geo=ALL&rank=ALL&start=2020-01-01&end=2026-05-01,2026-06-15T22:17:28.655795Z
2025-11-01,Gatsby,Static/app framework,React static site generator,#663399,10115,11655,21770,ALL,ALL,HTTP Archive Technology Report API adoption endpoint,https://cdn.httparchive.org/v1/adoption?technology=ALL%2CWordPress%2CShopify%2CWix%2CSquarespace%2CWebflow%2CDuda%2CTilda%2CNext.js%2CNuxt.js%2CAstro%2CGatsby%2CHugo%2CJekyll%2CEleventy%2CVercel%2CNetlify%2CGitHub+Pages%2CFramer+Sites%2CLovable%2CBase44&geo=ALL&rank=ALL&start=2020-01-01&end=2026-05-01,2026-06-15T22:17:28.655795Z
2025-11-01,GitHub Pages,Deployment surface,Static hosting platform,#6e7781,21621,13017,34638,ALL,ALL,HTTP Archive Technology Report API adoption endpoint,https://cdn.httparchive.org/v1/adoption?technology=ALL%2CWordPress%2CShopify%2CWix%2CSquarespace%2CWebflow%2CDuda%2CTilda%2CNext.js%2CNuxt.js%2CAstro%2CGatsby%2CHugo%2CJekyll%2CEleventy%2CVercel%2CNetlify%2CGitHub+Pages%2CFramer+Sites%2CLovable%2CBase44&geo=ALL&rank=ALL&start=2020-01-01&end=2026-05-01,2026-06-15T22:17:28.655795Z
2025-11-01,Hugo,Static/app framework,Static site generator,#ff4088,6339,6391,12730,ALL,ALL,HTTP Archive Technology Report API adoption endpoint,https://cdn.httparchive.org/v1/adoption?technology=ALL%2CWordPress%2CShopify%2CWix%2CSquarespace%2CWebflow%2CDuda%2CTilda%2CNext.js%2CNuxt.js%2CAstro%2CGatsby%2CHugo%2CJekyll%2CEleventy%2CVercel%2CNetlify%2CGitHub+Pages%2CFramer+Sites%2CLovable%2CBase44&geo=ALL&rank=ALL&start=2020-01-01&end=2026-05-01,2026-06-15T22:17:28.655795Z
2025-11-01,Jekyll,Static/app framework,Static site generator,#cc0000,3702,2295,5997,ALL,ALL,HTTP Archive Technology Report API adoption endpoint,https://cdn.httparchive.org/v1/adoption?technology=ALL%2CWordPress%2CShopify%2CWix%2CSquarespace%2CWebflow%2CDuda%2CTilda%2CNext.js%2CNuxt.js%2CAstro%2CGatsby%2CHugo%2CJekyll%2CEleventy%2CVercel%2CNetlify%2CGitHub+Pages%2CFramer+Sites%2CLovable%2CBase44&geo=ALL&rank=ALL&start=2020-01-01&end=2026-05-01,2026-06-15T22:17:28.655795Z
2025-11-01,Netlify,Deployment surface,Static/app deployment platform,#00ad9f,22362,27536,49898,ALL,ALL,HTTP Archive Technology Report API adoption endpoint,https://cdn.httparchive.org/v1/adoption?technology=ALL%2CWordPress%2CShopify%2CWix%2CSquarespace%2CWebflow%2CDuda%2CTilda%2CNext.js%2CNuxt.js%2CAstro%2CGatsby%2CHugo%2CJekyll%2CEleventy%2CVercel%2CNetlify%2CGitHub+Pages%2CFramer+Sites%2CLovable%2CBase44&geo=ALL&rank=ALL&start=2020-01-01&end=2026-05-01,2026-06-15T22:17:28.655795Z
2025-11-01,Next.js,Static/app framework,React app framework and static/hybrid generator,#111827,187274,258060,445334,ALL,ALL,HTTP Archive Technology Report API adoption endpoint,https://cdn.httparchive.org/v1/adoption?technology=ALL%2CWordPress%2CShopify%2CWix%2CSquarespace%2CWebflow%2CDuda%2CTilda%2CNext.js%2CNuxt.js%2CAstro%2CGatsby%2CHugo%2CJekyll%2CEleventy%2CVercel%2CNetlify%2CGitHub+Pages%2CFramer+Sites%2CLovable%2CBase44&geo=ALL&rank=ALL&start=2020-01-01&end=2026-05-01,2026-06-15T22:17:28.655795Z
2025-11-01,Nuxt.js,Static/app framework,Vue app framework and static/hybrid generator,#00dc82,62790,89787,152577,ALL,ALL,HTTP Archive Technology Report API adoption endpoint,https://cdn.httparchive.org/v1/adoption?technology=ALL%2CWordPress%2CShopify%2CWix%2CSquarespace%2CWebflow%2CDuda%2CTilda%2CNext.js%2CNuxt.js%2CAstro%2CGatsby%2CHugo%2CJekyll%2CEleventy%2CVercel%2CNetlify%2CGitHub+Pages%2CFramer+Sites%2CLovable%2CBase44&geo=ALL&rank=ALL&start=2020-01-01&end=2026-05-01,2026-06-15T22:17:28.655795Z
2025-11-01,Shopify,CMS/ecommerce/builder,Hosted ecommerce,#16a34a,328287,432967,761254,ALL,ALL,HTTP Archive Technology Report API adoption endpoint,https://cdn.httparchive.org/v1/adoption?technology=ALL%2CWordPress%2CShopify%2CWix%2CSquarespace%2CWebflow%2CDuda%2CTilda%2CNext.js%2CNuxt.js%2CAstro%2CGatsby%2CHugo%2CJekyll%2CEleventy%2CVercel%2CNetlify%2CGitHub+Pages%2CFramer+Sites%2CLovable%2CBase44&geo=ALL&rank=ALL&start=2020-01-01&end=2026-05-01,2026-06-15T22:17:28.655795Z
2025-11-01,Squarespace,CMS/ecommerce/builder,Hosted website builder,#64748b,84198,96872,181070,ALL,ALL,HTTP Archive Technology Report API adoption endpoint,https://cdn.httparchive.org/v1/adoption?technology=ALL%2CWordPress%2CShopify%2CWix%2CSquarespace%2CWebflow%2CDuda%2CTilda%2CNext.js%2CNuxt.js%2CAstro%2CGatsby%2CHugo%2CJekyll%2CEleventy%2CVercel%2CNetlify%2CGitHub+Pages%2CFramer+Sites%2CLovable%2CBase44&geo=ALL&rank=ALL&start=2020-01-01&end=2026-05-01,2026-06-15T22:17:28.655795Z
2025-11-01,Tilda,CMS/ecommerce/builder,Hosted website builder,#a855f7,14708,54591,69299,ALL,ALL,HTTP Archive Technology Report API adoption endpoint,https://cdn.httparchive.org/v1/adoption?technology=ALL%2CWordPress%2CShopify%2CWix%2CSquarespace%2CWebflow%2CDuda%2CTilda%2CNext.js%2CNuxt.js%2CAstro%2CGatsby%2CHugo%2CJekyll%2CEleventy%2CVercel%2CNetlify%2CGitHub+Pages%2CFramer+Sites%2CLovable%2CBase44&geo=ALL&rank=ALL&start=2020-01-01&end=2026-05-01,2026-06-15T22:17:28.655795Z
2025-11-01,Vercel,Deployment surface,Frontend cloud/PaaS often paired with Next.js,#000000,67449,78693,146142,ALL,ALL,HTTP Archive Technology Report API adoption endpoint,https://cdn.httparchive.org/v1/adoption?technology=ALL%2CWordPress%2CShopify%2CWix%2CSquarespace%2CWebflow%2CDuda%2CTilda%2CNext.js%2CNuxt.js%2CAstro%2CGatsby%2CHugo%2CJekyll%2CEleventy%2CVercel%2CNetlify%2CGitHub+Pages%2CFramer+Sites%2CLovable%2CBase44&geo=ALL&rank=ALL&start=2020-01-01&end=2026-05-01,2026-06-15T22:17:28.655795Z
2025-11-01,Webflow,CMS/ecommerce/builder,Visual website builder/CMS,#0891b2,61742,64176,125918,ALL,ALL,HTTP Archive Technology Report API adoption endpoint,https://cdn.httparchive.org/v1/adoption?technology=ALL%2CWordPress%2CShopify%2CWix%2CSquarespace%2CWebflow%2CDuda%2CTilda%2CNext.js%2CNuxt.js%2CAstro%2CGatsby%2CHugo%2CJekyll%2CEleventy%2CVercel%2CNetlify%2CGitHub+Pages%2CFramer+Sites%2CLovable%2CBase44&geo=ALL&rank=ALL&start=2020-01-01&end=2026-05-01,2026-06-15T22:17:28.655795Z
2025-11-01,Wix,CMS/ecommerce/builder,Hosted website builder,#f59e0b,91853,192610,284463,ALL,ALL,HTTP Archive Technology Report API adoption endpoint,https://cdn.httparchive.org/v1/adoption?technology=ALL%2CWordPress%2CShopify%2CWix%2CSquarespace%2CWebflow%2CDuda%2CTilda%2CNext.js%2CNuxt.js%2CAstro%2CGatsby%2CHugo%2CJekyll%2CEleventy%2CVercel%2CNetlify%2CGitHub+Pages%2CFramer+Sites%2CLovable%2CBase44&geo=ALL&rank=ALL&start=2020-01-01&end=2026-05-01,2026-06-15T22:17:28.655795Z
2025-11-01,WordPress,CMS/ecommerce/builder,Open-source CMS,#2563eb,1984686,3065492,5050178,ALL,ALL,HTTP Archive Technology Report API adoption endpoint,https://cdn.httparchive.org/v1/adoption?technology=ALL%2CWordPress%2CShopify%2CWix%2CSquarespace%2CWebflow%2CDuda%2CTilda%2CNext.js%2CNuxt.js%2CAstro%2CGatsby%2CHugo%2CJekyll%2CEleventy%2CVercel%2CNetlify%2CGitHub+Pages%2CFramer+Sites%2CLovable%2CBase44&geo=ALL&rank=ALL&start=2020-01-01&end=2026-05-01,2026-06-15T22:17:28.655795Z
2025-12-01,ALL,All origins,All HTTP Archive crawl origins,#0f172a,5448573,8635435,14084008,ALL,ALL,HTTP Archive Technology Report API adoption endpoint,https://cdn.httparchive.org/v1/adoption?technology=ALL%2CWordPress%2CShopify%2CWix%2CSquarespace%2CWebflow%2CDuda%2CTilda%2CNext.js%2CNuxt.js%2CAstro%2CGatsby%2CHugo%2CJekyll%2CEleventy%2CVercel%2CNetlify%2CGitHub+Pages%2CFramer+Sites%2CLovable%2CBase44&geo=ALL&rank=ALL&start=2020-01-01&end=2026-05-01,2026-06-15T22:17:28.655795Z
2025-12-01,Astro,Static/app framework,Static site generator/app framework,#fb7185,11024,19196,30220,ALL,ALL,HTTP Archive Technology Report API adoption endpoint,https://cdn.httparchive.org/v1/adoption?technology=ALL%2CWordPress%2CShopify%2CWix%2CSquarespace%2CWebflow%2CDuda%2CTilda%2CNext.js%2CNuxt.js%2CAstro%2CGatsby%2CHugo%2CJekyll%2CEleventy%2CVercel%2CNetlify%2CGitHub+Pages%2CFramer+Sites%2CLovable%2CBase44&geo=ALL&rank=ALL&start=2020-01-01&end=2026-05-01,2026-06-15T22:17:28.655795Z
2025-12-01,Base44,AI-era builder signal,AI app/site builder detected by Wappalyzer/HTTP Archive,#7c3aed,71,165,236,ALL,ALL,HTTP Archive Technology Report API adoption endpoint,https://cdn.httparchive.org/v1/adoption?technology=ALL%2CWordPress%2CShopify%2CWix%2CSquarespace%2CWebflow%2CDuda%2CTilda%2CNext.js%2CNuxt.js%2CAstro%2CGatsby%2CHugo%2CJekyll%2CEleventy%2CVercel%2CNetlify%2CGitHub+Pages%2CFramer+Sites%2CLovable%2CBase44&geo=ALL&rank=ALL&start=2020-01-01&end=2026-05-01,2026-06-15T22:17:28.655795Z
2025-12-01,Duda,CMS/ecommerce/builder,Hosted website builder,#dc2626,13604,40300,53904,ALL,ALL,HTTP Archive Technology Report API adoption endpoint,https://cdn.httparchive.org/v1/adoption?technology=ALL%2CWordPress%2CShopify%2CWix%2CSquarespace%2CWebflow%2CDuda%2CTilda%2CNext.js%2CNuxt.js%2CAstro%2CGatsby%2CHugo%2CJekyll%2CEleventy%2CVercel%2CNetlify%2CGitHub+Pages%2CFramer+Sites%2CLovable%2CBase44&geo=ALL&rank=ALL&start=2020-01-01&end=2026-05-01,2026-06-15T22:17:28.655795Z
2025-12-01,Eleventy,Static/app framework,Static site generator,#222222,179,176,355,ALL,ALL,HTTP Archive Technology Report API adoption endpoint,https://cdn.httparchive.org/v1/adoption?technology=ALL%2CWordPress%2CShopify%2CWix%2CSquarespace%2CWebflow%2CDuda%2CTilda%2CNext.js%2CNuxt.js%2CAstro%2CGatsby%2CHugo%2CJekyll%2CEleventy%2CVercel%2CNetlify%2CGitHub+Pages%2CFramer+Sites%2CLovable%2CBase44&geo=ALL&rank=ALL&start=2020-01-01&end=2026-05-01,2026-06-15T22:17:28.655795Z
2025-12-01,Framer Sites,AI-era builder signal,Visual site builder with AI-assisted creation features,#0055ff,9806,9319,19125,ALL,ALL,HTTP Archive Technology Report API adoption endpoint,https://cdn.httparchive.org/v1/adoption?technology=ALL%2CWordPress%2CShopify%2CWix%2CSquarespace%2CWebflow%2CDuda%2CTilda%2CNext.js%2CNuxt.js%2CAstro%2CGatsby%2CHugo%2CJekyll%2CEleventy%2CVercel%2CNetlify%2CGitHub+Pages%2CFramer+Sites%2CLovable%2CBase44&geo=ALL&rank=ALL&start=2020-01-01&end=2026-05-01,2026-06-15T22:17:28.655795Z
2025-12-01,Gatsby,Static/app framework,React static site generator,#663399,8998,11088,20086,ALL,ALL,HTTP Archive Technology Report API adoption endpoint,https://cdn.httparchive.org/v1/adoption?technology=ALL%2CWordPress%2CShopify%2CWix%2CSquarespace%2CWebflow%2CDuda%2CTilda%2CNext.js%2CNuxt.js%2CAstro%2CGatsby%2CHugo%2CJekyll%2CEleventy%2CVercel%2CNetlify%2CGitHub+Pages%2CFramer+Sites%2CLovable%2CBase44&geo=ALL&rank=ALL&start=2020-01-01&end=2026-05-01,2026-06-15T22:17:28.655795Z
2025-12-01,GitHub Pages,Deployment surface,Static hosting platform,#6e7781,18985,12635,31620,ALL,ALL,HTTP Archive Technology Report API adoption endpoint,https://cdn.httparchive.org/v1/adoption?technology=ALL%2CWordPress%2CShopify%2CWix%2CSquarespace%2CWebflow%2CDuda%2CTilda%2CNext.js%2CNuxt.js%2CAstro%2CGatsby%2CHugo%2CJekyll%2CEleventy%2CVercel%2CNetlify%2CGitHub+Pages%2CFramer+Sites%2CLovable%2CBase44&geo=ALL&rank=ALL&start=2020-01-01&end=2026-05-01,2026-06-15T22:17:28.655795Z
2025-12-01,Hugo,Static/app framework,Static site generator,#ff4088,5560,6056,11616,ALL,ALL,HTTP Archive Technology Report API adoption endpoint,https://cdn.httparchive.org/v1/adoption?technology=ALL%2CWordPress%2CShopify%2CWix%2CSquarespace%2CWebflow%2CDuda%2CTilda%2CNext.js%2CNuxt.js%2CAstro%2CGatsby%2CHugo%2CJekyll%2CEleventy%2CVercel%2CNetlify%2CGitHub+Pages%2CFramer+Sites%2CLovable%2CBase44&geo=ALL&rank=ALL&start=2020-01-01&end=2026-05-01,2026-06-15T22:17:28.655795Z
2025-12-01,Jekyll,Static/app framework,Static site generator,#cc0000,3102,2116,5218,ALL,ALL,HTTP Archive Technology Report API adoption endpoint,https://cdn.httparchive.org/v1/adoption?technology=ALL%2CWordPress%2CShopify%2CWix%2CSquarespace%2CWebflow%2CDuda%2CTilda%2CNext.js%2CNuxt.js%2CAstro%2CGatsby%2CHugo%2CJekyll%2CEleventy%2CVercel%2CNetlify%2CGitHub+Pages%2CFramer+Sites%2CLovable%2CBase44&geo=ALL&rank=ALL&start=2020-01-01&end=2026-05-01,2026-06-15T22:17:28.655795Z
2025-12-01,Lovable,AI-era builder signal,AI app/site builder detected by Wappalyzer/HTTP Archive,#ff6b6b,921,2077,2998,ALL,ALL,HTTP Archive Technology Report API adoption endpoint,https://cdn.httparchive.org/v1/adoption?technology=ALL%2CWordPress%2CShopify%2CWix%2CSquarespace%2CWebflow%2CDuda%2CTilda%2CNext.js%2CNuxt.js%2CAstro%2CGatsby%2CHugo%2CJekyll%2CEleventy%2CVercel%2CNetlify%2CGitHub+Pages%2CFramer+Sites%2CLovable%2CBase44&geo=ALL&rank=ALL&start=2020-01-01&end=2026-05-01,2026-06-15T22:17:28.655795Z
2025-12-01,Netlify,Deployment surface,Static/app deployment platform,#00ad9f,19969,26837,46806,ALL,ALL,HTTP Archive Technology Report API adoption endpoint,https://cdn.httparchive.org/v1/adoption?technology=ALL%2CWordPress%2CShopify%2CWix%2CSquarespace%2CWebflow%2CDuda%2CTilda%2CNext.js%2CNuxt.js%2CAstro%2CGatsby%2CHugo%2CJekyll%2CEleventy%2CVercel%2CNetlify%2CGitHub+Pages%2CFramer+Sites%2CLovable%2CBase44&geo=ALL&rank=ALL&start=2020-01-01&end=2026-05-01,2026-06-15T22:17:28.655795Z
2025-12-01,Next.js,Static/app framework,React app framework and static/hybrid generator,#111827,178686,259901,438587,ALL,ALL,HTTP Archive Technology Report API adoption endpoint,https://cdn.httparchive.org/v1/adoption?technology=ALL%2CWordPress%2CShopify%2CWix%2CSquarespace%2CWebflow%2CDuda%2CTilda%2CNext.js%2CNuxt.js%2CAstro%2CGatsby%2CHugo%2CJekyll%2CEleventy%2CVercel%2CNetlify%2CGitHub+Pages%2CFramer+Sites%2CLovable%2CBase44&geo=ALL&rank=ALL&start=2020-01-01&end=2026-05-01,2026-06-15T22:17:28.655795Z
2025-12-01,Nuxt.js,Static/app framework,Vue app framework and static/hybrid generator,#00dc82,58441,88520,146961,ALL,ALL,HTTP Archive Technology Report API adoption endpoint,https://cdn.httparchive.org/v1/adoption?technology=ALL%2CWordPress%2CShopify%2CWix%2CSquarespace%2CWebflow%2CDuda%2CTilda%2CNext.js%2CNuxt.js%2CAstro%2CGatsby%2CHugo%2CJekyll%2CEleventy%2CVercel%2CNetlify%2CGitHub+Pages%2CFramer+Sites%2CLovable%2CBase44&geo=ALL&rank=ALL&start=2020-01-01&end=2026-05-01,2026-06-15T22:17:28.655795Z
2025-12-01,Shopify,CMS/ecommerce/builder,Hosted ecommerce,#16a34a,307261,430730,737991,ALL,ALL,HTTP Archive Technology Report API adoption endpoint,https://cdn.httparchive.org/v1/adoption?technology=ALL%2CWordPress%2CShopify%2CWix%2CSquarespace%2CWebflow%2CDuda%2CTilda%2CNext.js%2CNuxt.js%2CAstro%2CGatsby%2CHugo%2CJekyll%2CEleventy%2CVercel%2CNetlify%2CGitHub+Pages%2CFramer+Sites%2CLovable%2CBase44&geo=ALL&rank=ALL&start=2020-01-01&end=2026-05-01,2026-06-15T22:17:28.655795Z
2025-12-01,Squarespace,CMS/ecommerce/builder,Hosted website builder,#64748b,69012,90249,159261,ALL,ALL,HTTP Archive Technology Report API adoption endpoint,https://cdn.httparchive.org/v1/adoption?technology=ALL%2CWordPress%2CShopify%2CWix%2CSquarespace%2CWebflow%2CDuda%2CTilda%2CNext.js%2CNuxt.js%2CAstro%2CGatsby%2CHugo%2CJekyll%2CEleventy%2CVercel%2CNetlify%2CGitHub+Pages%2CFramer+Sites%2CLovable%2CBase44&geo=ALL&rank=ALL&start=2020-01-01&end=2026-05-01,2026-06-15T22:17:28.655795Z
2025-12-01,Tilda,CMS/ecommerce/builder,Hosted website builder,#a855f7,12763,50735,63498,ALL,ALL,HTTP Archive Technology Report API adoption endpoint,https://cdn.httparchive.org/v1/adoption?technology=ALL%2CWordPress%2CShopify%2CWix%2CSquarespace%2CWebflow%2CDuda%2CTilda%2CNext.js%2CNuxt.js%2CAstro%2CGatsby%2CHugo%2CJekyll%2CEleventy%2CVercel%2CNetlify%2CGitHub+Pages%2CFramer+Sites%2CLovable%2CBase44&geo=ALL&rank=ALL&start=2020-01-01&end=2026-05-01,2026-06-15T22:17:28.655795Z
2025-12-01,Vercel,Deployment surface,Frontend cloud/PaaS often paired with Next.js,#000000,63083,79279,142362,ALL,ALL,HTTP Archive Technology Report API adoption endpoint,https://cdn.httparchive.org/v1/adoption?technology=ALL%2CWordPress%2CShopify%2CWix%2CSquarespace%2CWebflow%2CDuda%2CTilda%2CNext.js%2CNuxt.js%2CAstro%2CGatsby%2CHugo%2CJekyll%2CEleventy%2CVercel%2CNetlify%2CGitHub+Pages%2CFramer+Sites%2CLovable%2CBase44&geo=ALL&rank=ALL&start=2020-01-01&end=2026-05-01,2026-06-15T22:17:28.655795Z
2025-12-01,Webflow,CMS/ecommerce/builder,Visual website builder/CMS,#0891b2,52445,59885,112330,ALL,ALL,HTTP Archive Technology Report API adoption endpoint,https://cdn.httparchive.org/v1/adoption?technology=ALL%2CWordPress%2CShopify%2CWix%2CSquarespace%2CWebflow%2CDuda%2CTilda%2CNext.js%2CNuxt.js%2CAstro%2CGatsby%2CHugo%2CJekyll%2CEleventy%2CVercel%2CNetlify%2CGitHub+Pages%2CFramer+Sites%2CLovable%2CBase44&geo=ALL&rank=ALL&start=2020-01-01&end=2026-05-01,2026-06-15T22:17:28.655795Z
2025-12-01,Wix,CMS/ecommerce/builder,Hosted website builder,#f59e0b,75302,185906,261208,ALL,ALL,HTTP Archive Technology Report API adoption endpoint,https://cdn.httparchive.org/v1/adoption?technology=ALL%2CWordPress%2CShopify%2CWix%2CSquarespace%2CWebflow%2CDuda%2CTilda%2CNext.js%2CNuxt.js%2CAstro%2CGatsby%2CHugo%2CJekyll%2CEleventy%2CVercel%2CNetlify%2CGitHub+Pages%2CFramer+Sites%2CLovable%2CBase44&geo=ALL&rank=ALL&start=2020-01-01&end=2026-05-01,2026-06-15T22:17:28.655795Z
2025-12-01,WordPress,CMS/ecommerce/builder,Open-source CMS,#2563eb,1680921,2882654,4563575,ALL,ALL,HTTP Archive Technology Report API adoption endpoint,https://cdn.httparchive.org/v1/adoption?technology=ALL%2CWordPress%2CShopify%2CWix%2CSquarespace%2CWebflow%2CDuda%2CTilda%2CNext.js%2CNuxt.js%2CAstro%2CGatsby%2CHugo%2CJekyll%2CEleventy%2CVercel%2CNetlify%2CGitHub+Pages%2CFramer+Sites%2CLovable%2CBase44&geo=ALL&rank=ALL&start=2020-01-01&end=2026-05-01,2026-06-15T22:17:28.655795Z
2026-01-01,ALL,All origins,All HTTP Archive crawl origins,#0f172a,5913204,8870684,14783888,ALL,ALL,HTTP Archive Technology Report API adoption endpoint,https://cdn.httparchive.org/v1/adoption?technology=ALL%2CWordPress%2CShopify%2CWix%2CSquarespace%2CWebflow%2CDuda%2CTilda%2CNext.js%2CNuxt.js%2CAstro%2CGatsby%2CHugo%2CJekyll%2CEleventy%2CVercel%2CNetlify%2CGitHub+Pages%2CFramer+Sites%2CLovable%2CBase44&geo=ALL&rank=ALL&start=2020-01-01&end=2026-05-01,2026-06-15T22:17:28.655795Z
2026-01-01,Astro,Static/app framework,Static site generator/app framework,#fb7185,12630,21456,34086,ALL,ALL,HTTP Archive Technology Report API adoption endpoint,https://cdn.httparchive.org/v1/adoption?technology=ALL%2CWordPress%2CShopify%2CWix%2CSquarespace%2CWebflow%2CDuda%2CTilda%2CNext.js%2CNuxt.js%2CAstro%2CGatsby%2CHugo%2CJekyll%2CEleventy%2CVercel%2CNetlify%2CGitHub+Pages%2CFramer+Sites%2CLovable%2CBase44&geo=ALL&rank=ALL&start=2020-01-01&end=2026-05-01,2026-06-15T22:17:28.655795Z
2026-01-01,Base44,AI-era builder signal,AI app/site builder detected by Wappalyzer/HTTP Archive,#7c3aed,35,60,95,ALL,ALL,HTTP Archive Technology Report API adoption endpoint,https://cdn.httparchive.org/v1/adoption?technology=ALL%2CWordPress%2CShopify%2CWix%2CSquarespace%2CWebflow%2CDuda%2CTilda%2CNext.js%2CNuxt.js%2CAstro%2CGatsby%2CHugo%2CJekyll%2CEleventy%2CVercel%2CNetlify%2CGitHub+Pages%2CFramer+Sites%2CLovable%2CBase44&geo=ALL&rank=ALL&start=2020-01-01&end=2026-05-01,2026-06-15T22:17:28.655795Z
2026-01-01,Duda,CMS/ecommerce/builder,Hosted website builder,#dc2626,16883,40812,57695,ALL,ALL,HTTP Archive Technology Report API adoption endpoint,https://cdn.httparchive.org/v1/adoption?technology=ALL%2CWordPress%2CShopify%2CWix%2CSquarespace%2CWebflow%2CDuda%2CTilda%2CNext.js%2CNuxt.js%2CAstro%2CGatsby%2CHugo%2CJekyll%2CEleventy%2CVercel%2CNetlify%2CGitHub+Pages%2CFramer+Sites%2CLovable%2CBase44&geo=ALL&rank=ALL&start=2020-01-01&end=2026-05-01,2026-06-15T22:17:28.655795Z
2026-01-01,Eleventy,Static/app framework,Static site generator,#222222,204,185,389,ALL,ALL,HTTP Archive Technology Report API adoption endpoint,https://cdn.httparchive.org/v1/adoption?technology=ALL%2CWordPress%2CShopify%2CWix%2CSquarespace%2CWebflow%2CDuda%2CTilda%2CNext.js%2CNuxt.js%2CAstro%2CGatsby%2CHugo%2CJekyll%2CEleventy%2CVercel%2CNetlify%2CGitHub+Pages%2CFramer+Sites%2CLovable%2CBase44&geo=ALL&rank=ALL&start=2020-01-01&end=2026-05-01,2026-06-15T22:17:28.655795Z
2026-01-01,Framer Sites,AI-era builder signal,Visual site builder with AI-assisted creation features,#0055ff,11441,10220,21661,ALL,ALL,HTTP Archive Technology Report API adoption endpoint,https://cdn.httparchive.org/v1/adoption?technology=ALL%2CWordPress%2CShopify%2CWix%2CSquarespace%2CWebflow%2CDuda%2CTilda%2CNext.js%2CNuxt.js%2CAstro%2CGatsby%2CHugo%2CJekyll%2CEleventy%2CVercel%2CNetlify%2CGitHub+Pages%2CFramer+Sites%2CLovable%2CBase44&geo=ALL&rank=ALL&start=2020-01-01&end=2026-05-01,2026-06-15T22:17:28.655795Z
2026-01-01,Gatsby,Static/app framework,React static site generator,#663399,9564,11273,20837,ALL,ALL,HTTP Archive Technology Report API adoption endpoint,https://cdn.httparchive.org/v1/adoption?technology=ALL%2CWordPress%2CShopify%2CWix%2CSquarespace%2CWebflow%2CDuda%2CTilda%2CNext.js%2CNuxt.js%2CAstro%2CGatsby%2CHugo%2CJekyll%2CEleventy%2CVercel%2CNetlify%2CGitHub+Pages%2CFramer+Sites%2CLovable%2CBase44&geo=ALL&rank=ALL&start=2020-01-01&end=2026-05-01,2026-06-15T22:17:28.655795Z
2026-01-01,GitHub Pages,Deployment surface,Static hosting platform,#6e7781,20065,13351,33416,ALL,ALL,HTTP Archive Technology Report API adoption endpoint,https://cdn.httparchive.org/v1/adoption?technology=ALL%2CWordPress%2CShopify%2CWix%2CSquarespace%2CWebflow%2CDuda%2CTilda%2CNext.js%2CNuxt.js%2CAstro%2CGatsby%2CHugo%2CJekyll%2CEleventy%2CVercel%2CNetlify%2CGitHub+Pages%2CFramer+Sites%2CLovable%2CBase44&geo=ALL&rank=ALL&start=2020-01-01&end=2026-05-01,2026-06-15T22:17:28.655795Z
2026-01-01,Hugo,Static/app framework,Static site generator,#ff4088,5957,6315,12272,ALL,ALL,HTTP Archive Technology Report API adoption endpoint,https://cdn.httparchive.org/v1/adoption?technology=ALL%2CWordPress%2CShopify%2CWix%2CSquarespace%2CWebflow%2CDuda%2CTilda%2CNext.js%2CNuxt.js%2CAstro%2CGatsby%2CHugo%2CJekyll%2CEleventy%2CVercel%2CNetlify%2CGitHub+Pages%2CFramer+Sites%2CLovable%2CBase44&geo=ALL&rank=ALL&start=2020-01-01&end=2026-05-01,2026-06-15T22:17:28.655795Z
2026-01-01,Jekyll,Static/app framework,Static site generator,#cc0000,3320,2242,5562,ALL,ALL,HTTP Archive Technology Report API adoption endpoint,https://cdn.httparchive.org/v1/adoption?technology=ALL%2CWordPress%2CShopify%2CWix%2CSquarespace%2CWebflow%2CDuda%2CTilda%2CNext.js%2CNuxt.js%2CAstro%2CGatsby%2CHugo%2CJekyll%2CEleventy%2CVercel%2CNetlify%2CGitHub+Pages%2CFramer+Sites%2CLovable%2CBase44&geo=ALL&rank=ALL&start=2020-01-01&end=2026-05-01,2026-06-15T22:17:28.655795Z
2026-01-01,Lovable,AI-era builder signal,AI app/site builder detected by Wappalyzer/HTTP Archive,#ff6b6b,1112,2274,3386,ALL,ALL,HTTP Archive Technology Report API adoption endpoint,https://cdn.httparchive.org/v1/adoption?technology=ALL%2CWordPress%2CShopify%2CWix%2CSquarespace%2CWebflow%2CDuda%2CTilda%2CNext.js%2CNuxt.js%2CAstro%2CGatsby%2CHugo%2CJekyll%2CEleventy%2CVercel%2CNetlify%2CGitHub+Pages%2CFramer+Sites%2CLovable%2CBase44&geo=ALL&rank=ALL&start=2020-01-01&end=2026-05-01,2026-06-15T22:17:28.655795Z
2026-01-01,Netlify,Deployment surface,Static/app deployment platform,#00ad9f,21789,27862,49651,ALL,ALL,HTTP Archive Technology Report API adoption endpoint,https://cdn.httparchive.org/v1/adoption?technology=ALL%2CWordPress%2CShopify%2CWix%2CSquarespace%2CWebflow%2CDuda%2CTilda%2CNext.js%2CNuxt.js%2CAstro%2CGatsby%2CHugo%2CJekyll%2CEleventy%2CVercel%2CNetlify%2CGitHub+Pages%2CFramer+Sites%2CLovable%2CBase44&geo=ALL&rank=ALL&start=2020-01-01&end=2026-05-01,2026-06-15T22:17:28.655795Z
2026-01-01,Next.js,Static/app framework,React app framework and static/hybrid generator,#111827,194527,272841,467368,ALL,ALL,HTTP Archive Technology Report API adoption endpoint,https://cdn.httparchive.org/v1/adoption?technology=ALL%2CWordPress%2CShopify%2CWix%2CSquarespace%2CWebflow%2CDuda%2CTilda%2CNext.js%2CNuxt.js%2CAstro%2CGatsby%2CHugo%2CJekyll%2CEleventy%2CVercel%2CNetlify%2CGitHub+Pages%2CFramer+Sites%2CLovable%2CBase44&geo=ALL&rank=ALL&start=2020-01-01&end=2026-05-01,2026-06-15T22:17:28.655795Z
2026-01-01,Nuxt.js,Static/app framework,Vue app framework and static/hybrid generator,#00dc82,63040,91399,154439,ALL,ALL,HTTP Archive Technology Report API adoption endpoint,https://cdn.httparchive.org/v1/adoption?technology=ALL%2CWordPress%2CShopify%2CWix%2CSquarespace%2CWebflow%2CDuda%2CTilda%2CNext.js%2CNuxt.js%2CAstro%2CGatsby%2CHugo%2CJekyll%2CEleventy%2CVercel%2CNetlify%2CGitHub+Pages%2CFramer+Sites%2CLovable%2CBase44&geo=ALL&rank=ALL&start=2020-01-01&end=2026-05-01,2026-06-15T22:17:28.655795Z
2026-01-01,Shopify,CMS/ecommerce/builder,Hosted ecommerce,#16a34a,306509,414540,721049,ALL,ALL,HTTP Archive Technology Report API adoption endpoint,https://cdn.httparchive.org/v1/adoption?technology=ALL%2CWordPress%2CShopify%2CWix%2CSquarespace%2CWebflow%2CDuda%2CTilda%2CNext.js%2CNuxt.js%2CAstro%2CGatsby%2CHugo%2CJekyll%2CEleventy%2CVercel%2CNetlify%2CGitHub+Pages%2CFramer+Sites%2CLovable%2CBase44&geo=ALL&rank=ALL&start=2020-01-01&end=2026-05-01,2026-06-15T22:17:28.655795Z
2026-01-01,Squarespace,CMS/ecommerce/builder,Hosted website builder,#64748b,83635,97333,180968,ALL,ALL,HTTP Archive Technology Report API adoption endpoint,https://cdn.httparchive.org/v1/adoption?technology=ALL%2CWordPress%2CShopify%2CWix%2CSquarespace%2CWebflow%2CDuda%2CTilda%2CNext.js%2CNuxt.js%2CAstro%2CGatsby%2CHugo%2CJekyll%2CEleventy%2CVercel%2CNetlify%2CGitHub+Pages%2CFramer+Sites%2CLovable%2CBase44&geo=ALL&rank=ALL&start=2020-01-01&end=2026-05-01,2026-06-15T22:17:28.655795Z
2026-01-01,Tilda,CMS/ecommerce/builder,Hosted website builder,#a855f7,13188,52104,65292,ALL,ALL,HTTP Archive Technology Report API adoption endpoint,https://cdn.httparchive.org/v1/adoption?technology=ALL%2CWordPress%2CShopify%2CWix%2CSquarespace%2CWebflow%2CDuda%2CTilda%2CNext.js%2CNuxt.js%2CAstro%2CGatsby%2CHugo%2CJekyll%2CEleventy%2CVercel%2CNetlify%2CGitHub+Pages%2CFramer+Sites%2CLovable%2CBase44&geo=ALL&rank=ALL&start=2020-01-01&end=2026-05-01,2026-06-15T22:17:28.655795Z
2026-01-01,Vercel,Deployment surface,Frontend cloud/PaaS often paired with Next.js,#000000,69841,85011,154852,ALL,ALL,HTTP Archive Technology Report API adoption endpoint,https://cdn.httparchive.org/v1/adoption?technology=ALL%2CWordPress%2CShopify%2CWix%2CSquarespace%2CWebflow%2CDuda%2CTilda%2CNext.js%2CNuxt.js%2CAstro%2CGatsby%2CHugo%2CJekyll%2CEleventy%2CVercel%2CNetlify%2CGitHub+Pages%2CFramer+Sites%2CLovable%2CBase44&geo=ALL&rank=ALL&start=2020-01-01&end=2026-05-01,2026-06-15T22:17:28.655795Z
2026-01-01,Webflow,CMS/ecommerce/builder,Visual website builder/CMS,#0891b2,60944,64556,125500,ALL,ALL,HTTP Archive Technology Report API adoption endpoint,https://cdn.httparchive.org/v1/adoption?technology=ALL%2CWordPress%2CShopify%2CWix%2CSquarespace%2CWebflow%2CDuda%2CTilda%2CNext.js%2CNuxt.js%2CAstro%2CGatsby%2CHugo%2CJekyll%2CEleventy%2CVercel%2CNetlify%2CGitHub+Pages%2CFramer+Sites%2CLovable%2CBase44&geo=ALL&rank=ALL&start=2020-01-01&end=2026-05-01,2026-06-15T22:17:28.655795Z
2026-01-01,Wix,CMS/ecommerce/builder,Hosted website builder,#f59e0b,91722,189967,281689,ALL,ALL,HTTP Archive Technology Report API adoption endpoint,https://cdn.httparchive.org/v1/adoption?technology=ALL%2CWordPress%2CShopify%2CWix%2CSquarespace%2CWebflow%2CDuda%2CTilda%2CNext.js%2CNuxt.js%2CAstro%2CGatsby%2CHugo%2CJekyll%2CEleventy%2CVercel%2CNetlify%2CGitHub+Pages%2CFramer+Sites%2CLovable%2CBase44&geo=ALL&rank=ALL&start=2020-01-01&end=2026-05-01,2026-06-15T22:17:28.655795Z
2026-01-01,WordPress,CMS/ecommerce/builder,Open-source CMS,#2563eb,1853866,2979049,4832915,ALL,ALL,HTTP Archive Technology Report API adoption endpoint,https://cdn.httparchive.org/v1/adoption?technology=ALL%2CWordPress%2CShopify%2CWix%2CSquarespace%2CWebflow%2CDuda%2CTilda%2CNext.js%2CNuxt.js%2CAstro%2CGatsby%2CHugo%2CJekyll%2CEleventy%2CVercel%2CNetlify%2CGitHub+Pages%2CFramer+Sites%2CLovable%2CBase44&geo=ALL&rank=ALL&start=2020-01-01&end=2026-05-01,2026-06-15T22:17:28.655795Z
2026-02-01,ALL,All origins,All HTTP Archive crawl origins,#0f172a,6120303,9086247,15206550,ALL,ALL,HTTP Archive Technology Report API adoption endpoint,https://cdn.httparchive.org/v1/adoption?technology=ALL%2CWordPress%2CShopify%2CWix%2CSquarespace%2CWebflow%2CDuda%2CTilda%2CNext.js%2CNuxt.js%2CAstro%2CGatsby%2CHugo%2CJekyll%2CEleventy%2CVercel%2CNetlify%2CGitHub+Pages%2CFramer+Sites%2CLovable%2CBase44&geo=ALL&rank=ALL&start=2020-01-01&end=2026-05-01,2026-06-15T22:17:28.655795Z
2026-02-01,Astro,Static/app framework,Static site generator/app framework,#fb7185,14686,24842,39528,ALL,ALL,HTTP Archive Technology Report API adoption endpoint,https://cdn.httparchive.org/v1/adoption?technology=ALL%2CWordPress%2CShopify%2CWix%2CSquarespace%2CWebflow%2CDuda%2CTilda%2CNext.js%2CNuxt.js%2CAstro%2CGatsby%2CHugo%2CJekyll%2CEleventy%2CVercel%2CNetlify%2CGitHub+Pages%2CFramer+Sites%2CLovable%2CBase44&geo=ALL&rank=ALL&start=2020-01-01&end=2026-05-01,2026-06-15T22:17:28.655795Z
2026-02-01,Base44,AI-era builder signal,AI app/site builder detected by Wappalyzer/HTTP Archive,#7c3aed,4,4,8,ALL,ALL,HTTP Archive Technology Report API adoption endpoint,https://cdn.httparchive.org/v1/adoption?technology=ALL%2CWordPress%2CShopify%2CWix%2CSquarespace%2CWebflow%2CDuda%2CTilda%2CNext.js%2CNuxt.js%2CAstro%2CGatsby%2CHugo%2CJekyll%2CEleventy%2CVercel%2CNetlify%2CGitHub+Pages%2CFramer+Sites%2CLovable%2CBase44&geo=ALL&rank=ALL&start=2020-01-01&end=2026-05-01,2026-06-15T22:17:28.655795Z
2026-02-01,Duda,CMS/ecommerce/builder,Hosted website builder,#dc2626,18417,44169,62586,ALL,ALL,HTTP Archive Technology Report API adoption endpoint,https://cdn.httparchive.org/v1/adoption?technology=ALL%2CWordPress%2CShopify%2CWix%2CSquarespace%2CWebflow%2CDuda%2CTilda%2CNext.js%2CNuxt.js%2CAstro%2CGatsby%2CHugo%2CJekyll%2CEleventy%2CVercel%2CNetlify%2CGitHub+Pages%2CFramer+Sites%2CLovable%2CBase44&geo=ALL&rank=ALL&start=2020-01-01&end=2026-05-01,2026-06-15T22:17:28.655795Z
2026-02-01,Eleventy,Static/app framework,Static site generator,#222222,214,197,411,ALL,ALL,HTTP Archive Technology Report API adoption endpoint,https://cdn.httparchive.org/v1/adoption?technology=ALL%2CWordPress%2CShopify%2CWix%2CSquarespace%2CWebflow%2CDuda%2CTilda%2CNext.js%2CNuxt.js%2CAstro%2CGatsby%2CHugo%2CJekyll%2CEleventy%2CVercel%2CNetlify%2CGitHub+Pages%2CFramer+Sites%2CLovable%2CBase44&geo=ALL&rank=ALL&start=2020-01-01&end=2026-05-01,2026-06-15T22:17:28.655795Z
2026-02-01,Framer Sites,AI-era builder signal,Visual site builder with AI-assisted creation features,#0055ff,12435,10905,23340,ALL,ALL,HTTP Archive Technology Report API adoption endpoint,https://cdn.httparchive.org/v1/adoption?technology=ALL%2CWordPress%2CShopify%2CWix%2CSquarespace%2CWebflow%2CDuda%2CTilda%2CNext.js%2CNuxt.js%2CAstro%2CGatsby%2CHugo%2CJekyll%2CEleventy%2CVercel%2CNetlify%2CGitHub+Pages%2CFramer+Sites%2CLovable%2CBase44&geo=ALL&rank=ALL&start=2020-01-01&end=2026-05-01,2026-06-15T22:17:28.655795Z
2026-02-01,Gatsby,Static/app framework,React static site generator,#663399,9647,11226,20873,ALL,ALL,HTTP Archive Technology Report API adoption endpoint,https://cdn.httparchive.org/v1/adoption?technology=ALL%2CWordPress%2CShopify%2CWix%2CSquarespace%2CWebflow%2CDuda%2CTilda%2CNext.js%2CNuxt.js%2CAstro%2CGatsby%2CHugo%2CJekyll%2CEleventy%2CVercel%2CNetlify%2CGitHub+Pages%2CFramer+Sites%2CLovable%2CBase44&geo=ALL&rank=ALL&start=2020-01-01&end=2026-05-01,2026-06-15T22:17:28.655795Z
2026-02-01,GitHub Pages,Deployment surface,Static hosting platform,#6e7781,20554,13993,34547,ALL,ALL,HTTP Archive Technology Report API adoption endpoint,https://cdn.httparchive.org/v1/adoption?technology=ALL%2CWordPress%2CShopify%2CWix%2CSquarespace%2CWebflow%2CDuda%2CTilda%2CNext.js%2CNuxt.js%2CAstro%2CGatsby%2CHugo%2CJekyll%2CEleventy%2CVercel%2CNetlify%2CGitHub+Pages%2CFramer+Sites%2CLovable%2CBase44&geo=ALL&rank=ALL&start=2020-01-01&end=2026-05-01,2026-06-15T22:17:28.655795Z
2026-02-01,Hugo,Static/app framework,Static site generator,#ff4088,6176,6481,12657,ALL,ALL,HTTP Archive Technology Report API adoption endpoint,https://cdn.httparchive.org/v1/adoption?technology=ALL%2CWordPress%2CShopify%2CWix%2CSquarespace%2CWebflow%2CDuda%2CTilda%2CNext.js%2CNuxt.js%2CAstro%2CGatsby%2CHugo%2CJekyll%2CEleventy%2CVercel%2CNetlify%2CGitHub+Pages%2CFramer+Sites%2CLovable%2CBase44&geo=ALL&rank=ALL&start=2020-01-01&end=2026-05-01,2026-06-15T22:17:28.655795Z
2026-02-01,Jekyll,Static/app framework,Static site generator,#cc0000,3374,2298,5672,ALL,ALL,HTTP Archive Technology Report API adoption endpoint,https://cdn.httparchive.org/v1/adoption?technology=ALL%2CWordPress%2CShopify%2CWix%2CSquarespace%2CWebflow%2CDuda%2CTilda%2CNext.js%2CNuxt.js%2CAstro%2CGatsby%2CHugo%2CJekyll%2CEleventy%2CVercel%2CNetlify%2CGitHub+Pages%2CFramer+Sites%2CLovable%2CBase44&geo=ALL&rank=ALL&start=2020-01-01&end=2026-05-01,2026-06-15T22:17:28.655795Z
2026-02-01,Lovable,AI-era builder signal,AI app/site builder detected by Wappalyzer/HTTP Archive,#ff6b6b,1354,2644,3998,ALL,ALL,HTTP Archive Technology Report API adoption endpoint,https://cdn.httparchive.org/v1/adoption?technology=ALL%2CWordPress%2CShopify%2CWix%2CSquarespace%2CWebflow%2CDuda%2CTilda%2CNext.js%2CNuxt.js%2CAstro%2CGatsby%2CHugo%2CJekyll%2CEleventy%2CVercel%2CNetlify%2CGitHub+Pages%2CFramer+Sites%2CLovable%2CBase44&geo=ALL&rank=ALL&start=2020-01-01&end=2026-05-01,2026-06-15T22:17:28.655795Z
2026-02-01,Netlify,Deployment surface,Static/app deployment platform,#00ad9f,22823,29429,52252,ALL,ALL,HTTP Archive Technology Report API adoption endpoint,https://cdn.httparchive.org/v1/adoption?technology=ALL%2CWordPress%2CShopify%2CWix%2CSquarespace%2CWebflow%2CDuda%2CTilda%2CNext.js%2CNuxt.js%2CAstro%2CGatsby%2CHugo%2CJekyll%2CEleventy%2CVercel%2CNetlify%2CGitHub+Pages%2CFramer+Sites%2CLovable%2CBase44&geo=ALL&rank=ALL&start=2020-01-01&end=2026-05-01,2026-06-15T22:17:28.655795Z
2026-02-01,Next.js,Static/app framework,React app framework and static/hybrid generator,#111827,204806,286789,491595,ALL,ALL,HTTP Archive Technology Report API adoption endpoint,https://cdn.httparchive.org/v1/adoption?technology=ALL%2CWordPress%2CShopify%2CWix%2CSquarespace%2CWebflow%2CDuda%2CTilda%2CNext.js%2CNuxt.js%2CAstro%2CGatsby%2CHugo%2CJekyll%2CEleventy%2CVercel%2CNetlify%2CGitHub+Pages%2CFramer+Sites%2CLovable%2CBase44&geo=ALL&rank=ALL&start=2020-01-01&end=2026-05-01,2026-06-15T22:17:28.655795Z
2026-02-01,Nuxt.js,Static/app framework,Vue app framework and static/hybrid generator,#00dc82,64416,93196,157612,ALL,ALL,HTTP Archive Technology Report API adoption endpoint,https://cdn.httparchive.org/v1/adoption?technology=ALL%2CWordPress%2CShopify%2CWix%2CSquarespace%2CWebflow%2CDuda%2CTilda%2CNext.js%2CNuxt.js%2CAstro%2CGatsby%2CHugo%2CJekyll%2CEleventy%2CVercel%2CNetlify%2CGitHub+Pages%2CFramer+Sites%2CLovable%2CBase44&geo=ALL&rank=ALL&start=2020-01-01&end=2026-05-01,2026-06-15T22:17:28.655795Z
2026-02-01,Shopify,CMS/ecommerce/builder,Hosted ecommerce,#16a34a,310829,417517,728346,ALL,ALL,HTTP Archive Technology Report API adoption endpoint,https://cdn.httparchive.org/v1/adoption?technology=ALL%2CWordPress%2CShopify%2CWix%2CSquarespace%2CWebflow%2CDuda%2CTilda%2CNext.js%2CNuxt.js%2CAstro%2CGatsby%2CHugo%2CJekyll%2CEleventy%2CVercel%2CNetlify%2CGitHub+Pages%2CFramer+Sites%2CLovable%2CBase44&geo=ALL&rank=ALL&start=2020-01-01&end=2026-05-01,2026-06-15T22:17:28.655795Z
2026-02-01,Squarespace,CMS/ecommerce/builder,Hosted website builder,#64748b,89574,101708,191282,ALL,ALL,HTTP Archive Technology Report API adoption endpoint,https://cdn.httparchive.org/v1/adoption?technology=ALL%2CWordPress%2CShopify%2CWix%2CSquarespace%2CWebflow%2CDuda%2CTilda%2CNext.js%2CNuxt.js%2CAstro%2CGatsby%2CHugo%2CJekyll%2CEleventy%2CVercel%2CNetlify%2CGitHub+Pages%2CFramer+Sites%2CLovable%2CBase44&geo=ALL&rank=ALL&start=2020-01-01&end=2026-05-01,2026-06-15T22:17:28.655795Z
2026-02-01,Tilda,CMS/ecommerce/builder,Hosted website builder,#a855f7,14565,53719,68284,ALL,ALL,HTTP Archive Technology Report API adoption endpoint,https://cdn.httparchive.org/v1/adoption?technology=ALL%2CWordPress%2CShopify%2CWix%2CSquarespace%2CWebflow%2CDuda%2CTilda%2CNext.js%2CNuxt.js%2CAstro%2CGatsby%2CHugo%2CJekyll%2CEleventy%2CVercel%2CNetlify%2CGitHub+Pages%2CFramer+Sites%2CLovable%2CBase44&geo=ALL&rank=ALL&start=2020-01-01&end=2026-05-01,2026-06-15T22:17:28.655795Z
2026-02-01,Vercel,Deployment surface,Frontend cloud/PaaS often paired with Next.js,#000000,74936,91627,166563,ALL,ALL,HTTP Archive Technology Report API adoption endpoint,https://cdn.httparchive.org/v1/adoption?technology=ALL%2CWordPress%2CShopify%2CWix%2CSquarespace%2CWebflow%2CDuda%2CTilda%2CNext.js%2CNuxt.js%2CAstro%2CGatsby%2CHugo%2CJekyll%2CEleventy%2CVercel%2CNetlify%2CGitHub+Pages%2CFramer+Sites%2CLovable%2CBase44&geo=ALL&rank=ALL&start=2020-01-01&end=2026-05-01,2026-06-15T22:17:28.655795Z
2026-02-01,Webflow,CMS/ecommerce/builder,Visual website builder/CMS,#0891b2,63634,66369,130003,ALL,ALL,HTTP Archive Technology Report API adoption endpoint,https://cdn.httparchive.org/v1/adoption?technology=ALL%2CWordPress%2CShopify%2CWix%2CSquarespace%2CWebflow%2CDuda%2CTilda%2CNext.js%2CNuxt.js%2CAstro%2CGatsby%2CHugo%2CJekyll%2CEleventy%2CVercel%2CNetlify%2CGitHub+Pages%2CFramer+Sites%2CLovable%2CBase44&geo=ALL&rank=ALL&start=2020-01-01&end=2026-05-01,2026-06-15T22:17:28.655795Z
2026-02-01,Wix,CMS/ecommerce/builder,Hosted website builder,#f59e0b,98872,199249,298121,ALL,ALL,HTTP Archive Technology Report API adoption endpoint,https://cdn.httparchive.org/v1/adoption?technology=ALL%2CWordPress%2CShopify%2CWix%2CSquarespace%2CWebflow%2CDuda%2CTilda%2CNext.js%2CNuxt.js%2CAstro%2CGatsby%2CHugo%2CJekyll%2CEleventy%2CVercel%2CNetlify%2CGitHub+Pages%2CFramer+Sites%2CLovable%2CBase44&geo=ALL&rank=ALL&start=2020-01-01&end=2026-05-01,2026-06-15T22:17:28.655795Z
2026-02-01,WordPress,CMS/ecommerce/builder,Open-source CMS,#2563eb,1958001,3046471,5004472,ALL,ALL,HTTP Archive Technology Report API adoption endpoint,https://cdn.httparchive.org/v1/adoption?technology=ALL%2CWordPress%2CShopify%2CWix%2CSquarespace%2CWebflow%2CDuda%2CTilda%2CNext.js%2CNuxt.js%2CAstro%2CGatsby%2CHugo%2CJekyll%2CEleventy%2CVercel%2CNetlify%2CGitHub+Pages%2CFramer+Sites%2CLovable%2CBase44&geo=ALL&rank=ALL&start=2020-01-01&end=2026-05-01,2026-06-15T22:17:28.655795Z
2026-03-01,ALL,All origins,All HTTP Archive crawl origins,#0f172a,6030058,8909023,14939081,ALL,ALL,HTTP Archive Technology Report API adoption endpoint,https://cdn.httparchive.org/v1/adoption?technology=ALL%2CWordPress%2CShopify%2CWix%2CSquarespace%2CWebflow%2CDuda%2CTilda%2CNext.js%2CNuxt.js%2CAstro%2CGatsby%2CHugo%2CJekyll%2CEleventy%2CVercel%2CNetlify%2CGitHub+Pages%2CFramer+Sites%2CLovable%2CBase44&geo=ALL&rank=ALL&start=2020-01-01&end=2026-05-01,2026-06-15T22:17:28.655795Z
2026-03-01,Astro,Static/app framework,Static site generator/app framework,#fb7185,15645,25892,41537,ALL,ALL,HTTP Archive Technology Report API adoption endpoint,https://cdn.httparchive.org/v1/adoption?technology=ALL%2CWordPress%2CShopify%2CWix%2CSquarespace%2CWebflow%2CDuda%2CTilda%2CNext.js%2CNuxt.js%2CAstro%2CGatsby%2CHugo%2CJekyll%2CEleventy%2CVercel%2CNetlify%2CGitHub+Pages%2CFramer+Sites%2CLovable%2CBase44&geo=ALL&rank=ALL&start=2020-01-01&end=2026-05-01,2026-06-15T22:17:28.655795Z
2026-03-01,Base44,AI-era builder signal,AI app/site builder detected by Wappalyzer/HTTP Archive,#7c3aed,3,3,6,ALL,ALL,HTTP Archive Technology Report API adoption endpoint,https://cdn.httparchive.org/v1/adoption?technology=ALL%2CWordPress%2CShopify%2CWix%2CSquarespace%2CWebflow%2CDuda%2CTilda%2CNext.js%2CNuxt.js%2CAstro%2CGatsby%2CHugo%2CJekyll%2CEleventy%2CVercel%2CNetlify%2CGitHub+Pages%2CFramer+Sites%2CLovable%2CBase44&geo=ALL&rank=ALL&start=2020-01-01&end=2026-05-01,2026-06-15T22:17:28.655795Z
2026-03-01,Duda,CMS/ecommerce/builder,Hosted website builder,#dc2626,18220,43729,61949,ALL,ALL,HTTP Archive Technology Report API adoption endpoint,https://cdn.httparchive.org/v1/adoption?technology=ALL%2CWordPress%2CShopify%2CWix%2CSquarespace%2CWebflow%2CDuda%2CTilda%2CNext.js%2CNuxt.js%2CAstro%2CGatsby%2CHugo%2CJekyll%2CEleventy%2CVercel%2CNetlify%2CGitHub+Pages%2CFramer+Sites%2CLovable%2CBase44&geo=ALL&rank=ALL&start=2020-01-01&end=2026-05-01,2026-06-15T22:17:28.655795Z
2026-03-01,Eleventy,Static/app framework,Static site generator,#222222,202,189,391,ALL,ALL,HTTP Archive Technology Report API adoption endpoint,https://cdn.httparchive.org/v1/adoption?technology=ALL%2CWordPress%2CShopify%2CWix%2CSquarespace%2CWebflow%2CDuda%2CTilda%2CNext.js%2CNuxt.js%2CAstro%2CGatsby%2CHugo%2CJekyll%2CEleventy%2CVercel%2CNetlify%2CGitHub+Pages%2CFramer+Sites%2CLovable%2CBase44&geo=ALL&rank=ALL&start=2020-01-01&end=2026-05-01,2026-06-15T22:17:28.655795Z
2026-03-01,Framer Sites,AI-era builder signal,Visual site builder with AI-assisted creation features,#0055ff,12420,10981,23401,ALL,ALL,HTTP Archive Technology Report API adoption endpoint,https://cdn.httparchive.org/v1/adoption?technology=ALL%2CWordPress%2CShopify%2CWix%2CSquarespace%2CWebflow%2CDuda%2CTilda%2CNext.js%2CNuxt.js%2CAstro%2CGatsby%2CHugo%2CJekyll%2CEleventy%2CVercel%2CNetlify%2CGitHub+Pages%2CFramer+Sites%2CLovable%2CBase44&geo=ALL&rank=ALL&start=2020-01-01&end=2026-05-01,2026-06-15T22:17:28.655795Z
2026-03-01,Gatsby,Static/app framework,React static site generator,#663399,9285,10952,20237,ALL,ALL,HTTP Archive Technology Report API adoption endpoint,https://cdn.httparchive.org/v1/adoption?technology=ALL%2CWordPress%2CShopify%2CWix%2CSquarespace%2CWebflow%2CDuda%2CTilda%2CNext.js%2CNuxt.js%2CAstro%2CGatsby%2CHugo%2CJekyll%2CEleventy%2CVercel%2CNetlify%2CGitHub+Pages%2CFramer+Sites%2CLovable%2CBase44&geo=ALL&rank=ALL&start=2020-01-01&end=2026-05-01,2026-06-15T22:17:28.655795Z
2026-03-01,GitHub Pages,Deployment surface,Static hosting platform,#6e7781,20601,13804,34405,ALL,ALL,HTTP Archive Technology Report API adoption endpoint,https://cdn.httparchive.org/v1/adoption?technology=ALL%2CWordPress%2CShopify%2CWix%2CSquarespace%2CWebflow%2CDuda%2CTilda%2CNext.js%2CNuxt.js%2CAstro%2CGatsby%2CHugo%2CJekyll%2CEleventy%2CVercel%2CNetlify%2CGitHub+Pages%2CFramer+Sites%2CLovable%2CBase44&geo=ALL&rank=ALL&start=2020-01-01&end=2026-05-01,2026-06-15T22:17:28.655795Z
2026-03-01,Hugo,Static/app framework,Static site generator,#ff4088,6052,6425,12477,ALL,ALL,HTTP Archive Technology Report API adoption endpoint,https://cdn.httparchive.org/v1/adoption?technology=ALL%2CWordPress%2CShopify%2CWix%2CSquarespace%2CWebflow%2CDuda%2CTilda%2CNext.js%2CNuxt.js%2CAstro%2CGatsby%2CHugo%2CJekyll%2CEleventy%2CVercel%2CNetlify%2CGitHub+Pages%2CFramer+Sites%2CLovable%2CBase44&geo=ALL&rank=ALL&start=2020-01-01&end=2026-05-01,2026-06-15T22:17:28.655795Z
2026-03-01,Jekyll,Static/app framework,Static site generator,#cc0000,3300,2192,5492,ALL,ALL,HTTP Archive Technology Report API adoption endpoint,https://cdn.httparchive.org/v1/adoption?technology=ALL%2CWordPress%2CShopify%2CWix%2CSquarespace%2CWebflow%2CDuda%2CTilda%2CNext.js%2CNuxt.js%2CAstro%2CGatsby%2CHugo%2CJekyll%2CEleventy%2CVercel%2CNetlify%2CGitHub+Pages%2CFramer+Sites%2CLovable%2CBase44&geo=ALL&rank=ALL&start=2020-01-01&end=2026-05-01,2026-06-15T22:17:28.655795Z
2026-03-01,Lovable,AI-era builder signal,AI app/site builder detected by Wappalyzer/HTTP Archive,#ff6b6b,1452,2977,4429,ALL,ALL,HTTP Archive Technology Report API adoption endpoint,https://cdn.httparchive.org/v1/adoption?technology=ALL%2CWordPress%2CShopify%2CWix%2CSquarespace%2CWebflow%2CDuda%2CTilda%2CNext.js%2CNuxt.js%2CAstro%2CGatsby%2CHugo%2CJekyll%2CEleventy%2CVercel%2CNetlify%2CGitHub+Pages%2CFramer+Sites%2CLovable%2CBase44&geo=ALL&rank=ALL&start=2020-01-01&end=2026-05-01,2026-06-15T22:17:28.655795Z
2026-03-01,Netlify,Deployment surface,Static/app deployment platform,#00ad9f,22522,29588,52110,ALL,ALL,HTTP Archive Technology Report API adoption endpoint,https://cdn.httparchive.org/v1/adoption?technology=ALL%2CWordPress%2CShopify%2CWix%2CSquarespace%2CWebflow%2CDuda%2CTilda%2CNext.js%2CNuxt.js%2CAstro%2CGatsby%2CHugo%2CJekyll%2CEleventy%2CVercel%2CNetlify%2CGitHub+Pages%2CFramer+Sites%2CLovable%2CBase44&geo=ALL&rank=ALL&start=2020-01-01&end=2026-05-01,2026-06-15T22:17:28.655795Z
2026-03-01,Next.js,Static/app framework,React app framework and static/hybrid generator,#111827,208876,294530,503406,ALL,ALL,HTTP Archive Technology Report API adoption endpoint,https://cdn.httparchive.org/v1/adoption?technology=ALL%2CWordPress%2CShopify%2CWix%2CSquarespace%2CWebflow%2CDuda%2CTilda%2CNext.js%2CNuxt.js%2CAstro%2CGatsby%2CHugo%2CJekyll%2CEleventy%2CVercel%2CNetlify%2CGitHub+Pages%2CFramer+Sites%2CLovable%2CBase44&geo=ALL&rank=ALL&start=2020-01-01&end=2026-05-01,2026-06-15T22:17:28.655795Z
2026-03-01,Nuxt.js,Static/app framework,Vue app framework and static/hybrid generator,#00dc82,64064,92905,156969,ALL,ALL,HTTP Archive Technology Report API adoption endpoint,https://cdn.httparchive.org/v1/adoption?technology=ALL%2CWordPress%2CShopify%2CWix%2CSquarespace%2CWebflow%2CDuda%2CTilda%2CNext.js%2CNuxt.js%2CAstro%2CGatsby%2CHugo%2CJekyll%2CEleventy%2CVercel%2CNetlify%2CGitHub+Pages%2CFramer+Sites%2CLovable%2CBase44&geo=ALL&rank=ALL&start=2020-01-01&end=2026-05-01,2026-06-15T22:17:28.655795Z
2026-03-01,Shopify,CMS/ecommerce/builder,Hosted ecommerce,#16a34a,310426,419910,730336,ALL,ALL,HTTP Archive Technology Report API adoption endpoint,https://cdn.httparchive.org/v1/adoption?technology=ALL%2CWordPress%2CShopify%2CWix%2CSquarespace%2CWebflow%2CDuda%2CTilda%2CNext.js%2CNuxt.js%2CAstro%2CGatsby%2CHugo%2CJekyll%2CEleventy%2CVercel%2CNetlify%2CGitHub+Pages%2CFramer+Sites%2CLovable%2CBase44&geo=ALL&rank=ALL&start=2020-01-01&end=2026-05-01,2026-06-15T22:17:28.655795Z
2026-03-01,Squarespace,CMS/ecommerce/builder,Hosted website builder,#64748b,86096,99462,185558,ALL,ALL,HTTP Archive Technology Report API adoption endpoint,https://cdn.httparchive.org/v1/adoption?technology=ALL%2CWordPress%2CShopify%2CWix%2CSquarespace%2CWebflow%2CDuda%2CTilda%2CNext.js%2CNuxt.js%2CAstro%2CGatsby%2CHugo%2CJekyll%2CEleventy%2CVercel%2CNetlify%2CGitHub+Pages%2CFramer+Sites%2CLovable%2CBase44&geo=ALL&rank=ALL&start=2020-01-01&end=2026-05-01,2026-06-15T22:17:28.655795Z
2026-03-01,Tilda,CMS/ecommerce/builder,Hosted website builder,#a855f7,14050,54050,68100,ALL,ALL,HTTP Archive Technology Report API adoption endpoint,https://cdn.httparchive.org/v1/adoption?technology=ALL%2CWordPress%2CShopify%2CWix%2CSquarespace%2CWebflow%2CDuda%2CTilda%2CNext.js%2CNuxt.js%2CAstro%2CGatsby%2CHugo%2CJekyll%2CEleventy%2CVercel%2CNetlify%2CGitHub+Pages%2CFramer+Sites%2CLovable%2CBase44&geo=ALL&rank=ALL&start=2020-01-01&end=2026-05-01,2026-06-15T22:17:28.655795Z
2026-03-01,Vercel,Deployment surface,Frontend cloud/PaaS often paired with Next.js,#000000,76895,94824,171719,ALL,ALL,HTTP Archive Technology Report API adoption endpoint,https://cdn.httparchive.org/v1/adoption?technology=ALL%2CWordPress%2CShopify%2CWix%2CSquarespace%2CWebflow%2CDuda%2CTilda%2CNext.js%2CNuxt.js%2CAstro%2CGatsby%2CHugo%2CJekyll%2CEleventy%2CVercel%2CNetlify%2CGitHub+Pages%2CFramer+Sites%2CLovable%2CBase44&geo=ALL&rank=ALL&start=2020-01-01&end=2026-05-01,2026-06-15T22:17:28.655795Z
2026-03-01,Webflow,CMS/ecommerce/builder,Visual website builder/CMS,#0891b2,62227,65190,127417,ALL,ALL,HTTP Archive Technology Report API adoption endpoint,https://cdn.httparchive.org/v1/adoption?technology=ALL%2CWordPress%2CShopify%2CWix%2CSquarespace%2CWebflow%2CDuda%2CTilda%2CNext.js%2CNuxt.js%2CAstro%2CGatsby%2CHugo%2CJekyll%2CEleventy%2CVercel%2CNetlify%2CGitHub+Pages%2CFramer+Sites%2CLovable%2CBase44&geo=ALL&rank=ALL&start=2020-01-01&end=2026-05-01,2026-06-15T22:17:28.655795Z
2026-03-01,Wix,CMS/ecommerce/builder,Hosted website builder,#f59e0b,96199,194215,290414,ALL,ALL,HTTP Archive Technology Report API adoption endpoint,https://cdn.httparchive.org/v1/adoption?technology=ALL%2CWordPress%2CShopify%2CWix%2CSquarespace%2CWebflow%2CDuda%2CTilda%2CNext.js%2CNuxt.js%2CAstro%2CGatsby%2CHugo%2CJekyll%2CEleventy%2CVercel%2CNetlify%2CGitHub+Pages%2CFramer+Sites%2CLovable%2CBase44&geo=ALL&rank=ALL&start=2020-01-01&end=2026-05-01,2026-06-15T22:17:28.655795Z
2026-03-01,WordPress,CMS/ecommerce/builder,Open-source CMS,#2563eb,1913065,2972566,4885631,ALL,ALL,HTTP Archive Technology Report API adoption endpoint,https://cdn.httparchive.org/v1/adoption?technology=ALL%2CWordPress%2CShopify%2CWix%2CSquarespace%2CWebflow%2CDuda%2CTilda%2CNext.js%2CNuxt.js%2CAstro%2CGatsby%2CHugo%2CJekyll%2CEleventy%2CVercel%2CNetlify%2CGitHub+Pages%2CFramer+Sites%2CLovable%2CBase44&geo=ALL&rank=ALL&start=2020-01-01&end=2026-05-01,2026-06-15T22:17:28.655795Z
2026-04-01,ALL,All origins,All HTTP Archive crawl origins,#0f172a,5929595,8922735,14852330,ALL,ALL,HTTP Archive Technology Report API adoption endpoint,https://cdn.httparchive.org/v1/adoption?technology=ALL%2CWordPress%2CShopify%2CWix%2CSquarespace%2CWebflow%2CDuda%2CTilda%2CNext.js%2CNuxt.js%2CAstro%2CGatsby%2CHugo%2CJekyll%2CEleventy%2CVercel%2CNetlify%2CGitHub+Pages%2CFramer+Sites%2CLovable%2CBase44&geo=ALL&rank=ALL&start=2020-01-01&end=2026-05-01,2026-06-15T22:17:28.655795Z
2026-04-01,Astro,Static/app framework,Static site generator/app framework,#fb7185,17315,28731,46046,ALL,ALL,HTTP Archive Technology Report API adoption endpoint,https://cdn.httparchive.org/v1/adoption?technology=ALL%2CWordPress%2CShopify%2CWix%2CSquarespace%2CWebflow%2CDuda%2CTilda%2CNext.js%2CNuxt.js%2CAstro%2CGatsby%2CHugo%2CJekyll%2CEleventy%2CVercel%2CNetlify%2CGitHub+Pages%2CFramer+Sites%2CLovable%2CBase44&geo=ALL&rank=ALL&start=2020-01-01&end=2026-05-01,2026-06-15T22:17:28.655795Z
2026-04-01,Base44,AI-era builder signal,AI app/site builder detected by Wappalyzer/HTTP Archive,#7c3aed,4,4,8,ALL,ALL,HTTP Archive Technology Report API adoption endpoint,https://cdn.httparchive.org/v1/adoption?technology=ALL%2CWordPress%2CShopify%2CWix%2CSquarespace%2CWebflow%2CDuda%2CTilda%2CNext.js%2CNuxt.js%2CAstro%2CGatsby%2CHugo%2CJekyll%2CEleventy%2CVercel%2CNetlify%2CGitHub+Pages%2CFramer+Sites%2CLovable%2CBase44&geo=ALL&rank=ALL&start=2020-01-01&end=2026-05-01,2026-06-15T22:17:28.655795Z
2026-04-01,Duda,CMS/ecommerce/builder,Hosted website builder,#dc2626,18013,45029,63042,ALL,ALL,HTTP Archive Technology Report API adoption endpoint,https://cdn.httparchive.org/v1/adoption?technology=ALL%2CWordPress%2CShopify%2CWix%2CSquarespace%2CWebflow%2CDuda%2CTilda%2CNext.js%2CNuxt.js%2CAstro%2CGatsby%2CHugo%2CJekyll%2CEleventy%2CVercel%2CNetlify%2CGitHub+Pages%2CFramer+Sites%2CLovable%2CBase44&geo=ALL&rank=ALL&start=2020-01-01&end=2026-05-01,2026-06-15T22:17:28.655795Z
2026-04-01,Eleventy,Static/app framework,Static site generator,#222222,193,193,386,ALL,ALL,HTTP Archive Technology Report API adoption endpoint,https://cdn.httparchive.org/v1/adoption?technology=ALL%2CWordPress%2CShopify%2CWix%2CSquarespace%2CWebflow%2CDuda%2CTilda%2CNext.js%2CNuxt.js%2CAstro%2CGatsby%2CHugo%2CJekyll%2CEleventy%2CVercel%2CNetlify%2CGitHub+Pages%2CFramer+Sites%2CLovable%2CBase44&geo=ALL&rank=ALL&start=2020-01-01&end=2026-05-01,2026-06-15T22:17:28.655795Z
2026-04-01,Framer Sites,AI-era builder signal,Visual site builder with AI-assisted creation features,#0055ff,12375,11226,23601,ALL,ALL,HTTP Archive Technology Report API adoption endpoint,https://cdn.httparchive.org/v1/adoption?technology=ALL%2CWordPress%2CShopify%2CWix%2CSquarespace%2CWebflow%2CDuda%2CTilda%2CNext.js%2CNuxt.js%2CAstro%2CGatsby%2CHugo%2CJekyll%2CEleventy%2CVercel%2CNetlify%2CGitHub+Pages%2CFramer+Sites%2CLovable%2CBase44&geo=ALL&rank=ALL&start=2020-01-01&end=2026-05-01,2026-06-15T22:17:28.655795Z
2026-04-01,Gatsby,Static/app framework,React static site generator,#663399,8833,10636,19469,ALL,ALL,HTTP Archive Technology Report API adoption endpoint,https://cdn.httparchive.org/v1/adoption?technology=ALL%2CWordPress%2CShopify%2CWix%2CSquarespace%2CWebflow%2CDuda%2CTilda%2CNext.js%2CNuxt.js%2CAstro%2CGatsby%2CHugo%2CJekyll%2CEleventy%2CVercel%2CNetlify%2CGitHub+Pages%2CFramer+Sites%2CLovable%2CBase44&geo=ALL&rank=ALL&start=2020-01-01&end=2026-05-01,2026-06-15T22:17:28.655795Z
2026-04-01,GitHub Pages,Deployment surface,Static hosting platform,#6e7781,20542,14106,34648,ALL,ALL,HTTP Archive Technology Report API adoption endpoint,https://cdn.httparchive.org/v1/adoption?technology=ALL%2CWordPress%2CShopify%2CWix%2CSquarespace%2CWebflow%2CDuda%2CTilda%2CNext.js%2CNuxt.js%2CAstro%2CGatsby%2CHugo%2CJekyll%2CEleventy%2CVercel%2CNetlify%2CGitHub+Pages%2CFramer+Sites%2CLovable%2CBase44&geo=ALL&rank=ALL&start=2020-01-01&end=2026-05-01,2026-06-15T22:17:28.655795Z
2026-04-01,Hugo,Static/app framework,Static site generator,#ff4088,5981,6384,12365,ALL,ALL,HTTP Archive Technology Report API adoption endpoint,https://cdn.httparchive.org/v1/adoption?technology=ALL%2CWordPress%2CShopify%2CWix%2CSquarespace%2CWebflow%2CDuda%2CTilda%2CNext.js%2CNuxt.js%2CAstro%2CGatsby%2CHugo%2CJekyll%2CEleventy%2CVercel%2CNetlify%2CGitHub+Pages%2CFramer+Sites%2CLovable%2CBase44&geo=ALL&rank=ALL&start=2020-01-01&end=2026-05-01,2026-06-15T22:17:28.655795Z
2026-04-01,Jekyll,Static/app framework,Static site generator,#cc0000,3226,2162,5388,ALL,ALL,HTTP Archive Technology Report API adoption endpoint,https://cdn.httparchive.org/v1/adoption?technology=ALL%2CWordPress%2CShopify%2CWix%2CSquarespace%2CWebflow%2CDuda%2CTilda%2CNext.js%2CNuxt.js%2CAstro%2CGatsby%2CHugo%2CJekyll%2CEleventy%2CVercel%2CNetlify%2CGitHub+Pages%2CFramer+Sites%2CLovable%2CBase44&geo=ALL&rank=ALL&start=2020-01-01&end=2026-05-01,2026-06-15T22:17:28.655795Z
2026-04-01,Lovable,AI-era builder signal,AI app/site builder detected by Wappalyzer/HTTP Archive,#ff6b6b,1719,3730,5449,ALL,ALL,HTTP Archive Technology Report API adoption endpoint,https://cdn.httparchive.org/v1/adoption?technology=ALL%2CWordPress%2CShopify%2CWix%2CSquarespace%2CWebflow%2CDuda%2CTilda%2CNext.js%2CNuxt.js%2CAstro%2CGatsby%2CHugo%2CJekyll%2CEleventy%2CVercel%2CNetlify%2CGitHub+Pages%2CFramer+Sites%2CLovable%2CBase44&geo=ALL&rank=ALL&start=2020-01-01&end=2026-05-01,2026-06-15T22:17:28.655795Z
2026-04-01,Netlify,Deployment surface,Static/app deployment platform,#00ad9f,22496,30624,53120,ALL,ALL,HTTP Archive Technology Report API adoption endpoint,https://cdn.httparchive.org/v1/adoption?technology=ALL%2CWordPress%2CShopify%2CWix%2CSquarespace%2CWebflow%2CDuda%2CTilda%2CNext.js%2CNuxt.js%2CAstro%2CGatsby%2CHugo%2CJekyll%2CEleventy%2CVercel%2CNetlify%2CGitHub+Pages%2CFramer+Sites%2CLovable%2CBase44&geo=ALL&rank=ALL&start=2020-01-01&end=2026-05-01,2026-06-15T22:17:28.655795Z
2026-04-01,Next.js,Static/app framework,React app framework and static/hybrid generator,#111827,215409,305629,521038,ALL,ALL,HTTP Archive Technology Report API adoption endpoint,https://cdn.httparchive.org/v1/adoption?technology=ALL%2CWordPress%2CShopify%2CWix%2CSquarespace%2CWebflow%2CDuda%2CTilda%2CNext.js%2CNuxt.js%2CAstro%2CGatsby%2CHugo%2CJekyll%2CEleventy%2CVercel%2CNetlify%2CGitHub+Pages%2CFramer+Sites%2CLovable%2CBase44&geo=ALL&rank=ALL&start=2020-01-01&end=2026-05-01,2026-06-15T22:17:28.655795Z
2026-04-01,Nuxt.js,Static/app framework,Vue app framework and static/hybrid generator,#00dc82,64212,93984,158196,ALL,ALL,HTTP Archive Technology Report API adoption endpoint,https://cdn.httparchive.org/v1/adoption?technology=ALL%2CWordPress%2CShopify%2CWix%2CSquarespace%2CWebflow%2CDuda%2CTilda%2CNext.js%2CNuxt.js%2CAstro%2CGatsby%2CHugo%2CJekyll%2CEleventy%2CVercel%2CNetlify%2CGitHub+Pages%2CFramer+Sites%2CLovable%2CBase44&geo=ALL&rank=ALL&start=2020-01-01&end=2026-05-01,2026-06-15T22:17:28.655795Z
2026-04-01,Shopify,CMS/ecommerce/builder,Hosted ecommerce,#16a34a,308457,423209,731666,ALL,ALL,HTTP Archive Technology Report API adoption endpoint,https://cdn.httparchive.org/v1/adoption?technology=ALL%2CWordPress%2CShopify%2CWix%2CSquarespace%2CWebflow%2CDuda%2CTilda%2CNext.js%2CNuxt.js%2CAstro%2CGatsby%2CHugo%2CJekyll%2CEleventy%2CVercel%2CNetlify%2CGitHub+Pages%2CFramer+Sites%2CLovable%2CBase44&geo=ALL&rank=ALL&start=2020-01-01&end=2026-05-01,2026-06-15T22:17:28.655795Z
2026-04-01,Squarespace,CMS/ecommerce/builder,Hosted website builder,#64748b,84121,100665,184786,ALL,ALL,HTTP Archive Technology Report API adoption endpoint,https://cdn.httparchive.org/v1/adoption?technology=ALL%2CWordPress%2CShopify%2CWix%2CSquarespace%2CWebflow%2CDuda%2CTilda%2CNext.js%2CNuxt.js%2CAstro%2CGatsby%2CHugo%2CJekyll%2CEleventy%2CVercel%2CNetlify%2CGitHub+Pages%2CFramer+Sites%2CLovable%2CBase44&geo=ALL&rank=ALL&start=2020-01-01&end=2026-05-01,2026-06-15T22:17:28.655795Z
2026-04-01,Tilda,CMS/ecommerce/builder,Hosted website builder,#a855f7,13425,54202,67627,ALL,ALL,HTTP Archive Technology Report API adoption endpoint,https://cdn.httparchive.org/v1/adoption?technology=ALL%2CWordPress%2CShopify%2CWix%2CSquarespace%2CWebflow%2CDuda%2CTilda%2CNext.js%2CNuxt.js%2CAstro%2CGatsby%2CHugo%2CJekyll%2CEleventy%2CVercel%2CNetlify%2CGitHub+Pages%2CFramer+Sites%2CLovable%2CBase44&geo=ALL&rank=ALL&start=2020-01-01&end=2026-05-01,2026-06-15T22:17:28.655795Z
2026-04-01,Vercel,Deployment surface,Frontend cloud/PaaS often paired with Next.js,#000000,80689,102625,183314,ALL,ALL,HTTP Archive Technology Report API adoption endpoint,https://cdn.httparchive.org/v1/adoption?technology=ALL%2CWordPress%2CShopify%2CWix%2CSquarespace%2CWebflow%2CDuda%2CTilda%2CNext.js%2CNuxt.js%2CAstro%2CGatsby%2CHugo%2CJekyll%2CEleventy%2CVercel%2CNetlify%2CGitHub+Pages%2CFramer+Sites%2CLovable%2CBase44&geo=ALL&rank=ALL&start=2020-01-01&end=2026-05-01,2026-06-15T22:17:28.655795Z
2026-04-01,Webflow,CMS/ecommerce/builder,Visual website builder/CMS,#0891b2,60043,64732,124775,ALL,ALL,HTTP Archive Technology Report API adoption endpoint,https://cdn.httparchive.org/v1/adoption?technology=ALL%2CWordPress%2CShopify%2CWix%2CSquarespace%2CWebflow%2CDuda%2CTilda%2CNext.js%2CNuxt.js%2CAstro%2CGatsby%2CHugo%2CJekyll%2CEleventy%2CVercel%2CNetlify%2CGitHub+Pages%2CFramer+Sites%2CLovable%2CBase44&geo=ALL&rank=ALL&start=2020-01-01&end=2026-05-01,2026-06-15T22:17:28.655795Z
2026-04-01,Wix,CMS/ecommerce/builder,Hosted website builder,#f59e0b,92993,197510,290503,ALL,ALL,HTTP Archive Technology Report API adoption endpoint,https://cdn.httparchive.org/v1/adoption?technology=ALL%2CWordPress%2CShopify%2CWix%2CSquarespace%2CWebflow%2CDuda%2CTilda%2CNext.js%2CNuxt.js%2CAstro%2CGatsby%2CHugo%2CJekyll%2CEleventy%2CVercel%2CNetlify%2CGitHub+Pages%2CFramer+Sites%2CLovable%2CBase44&geo=ALL&rank=ALL&start=2020-01-01&end=2026-05-01,2026-06-15T22:17:28.655795Z
2026-04-01,WordPress,CMS/ecommerce/builder,Open-source CMS,#2563eb,1859246,2962844,4822090,ALL,ALL,HTTP Archive Technology Report API adoption endpoint,https://cdn.httparchive.org/v1/adoption?technology=ALL%2CWordPress%2CShopify%2CWix%2CSquarespace%2CWebflow%2CDuda%2CTilda%2CNext.js%2CNuxt.js%2CAstro%2CGatsby%2CHugo%2CJekyll%2CEleventy%2CVercel%2CNetlify%2CGitHub+Pages%2CFramer+Sites%2CLovable%2CBase44&geo=ALL&rank=ALL&start=2020-01-01&end=2026-05-01,2026-06-15T22:17:28.655795Z
2026-05-01,ALL,All origins,All HTTP Archive crawl origins,#0f172a,5833768,8900835,14734603,ALL,ALL,HTTP Archive Technology Report API adoption endpoint,https://cdn.httparchive.org/v1/adoption?technology=ALL%2CWordPress%2CShopify%2CWix%2CSquarespace%2CWebflow%2CDuda%2CTilda%2CNext.js%2CNuxt.js%2CAstro%2CGatsby%2CHugo%2CJekyll%2CEleventy%2CVercel%2CNetlify%2CGitHub+Pages%2CFramer+Sites%2CLovable%2CBase44&geo=ALL&rank=ALL&start=2020-01-01&end=2026-05-01,2026-06-15T22:17:28.655795Z
2026-05-01,Astro,Static/app framework,Static site generator/app framework,#fb7185,19390,31643,51033,ALL,ALL,HTTP Archive Technology Report API adoption endpoint,https://cdn.httparchive.org/v1/adoption?technology=ALL%2CWordPress%2CShopify%2CWix%2CSquarespace%2CWebflow%2CDuda%2CTilda%2CNext.js%2CNuxt.js%2CAstro%2CGatsby%2CHugo%2CJekyll%2CEleventy%2CVercel%2CNetlify%2CGitHub+Pages%2CFramer+Sites%2CLovable%2CBase44&geo=ALL&rank=ALL&start=2020-01-01&end=2026-05-01,2026-06-15T22:17:28.655795Z
2026-05-01,Base44,AI-era builder signal,AI app/site builder detected by Wappalyzer/HTTP Archive,#7c3aed,5,5,10,ALL,ALL,HTTP Archive Technology Report API adoption endpoint,https://cdn.httparchive.org/v1/adoption?technology=ALL%2CWordPress%2CShopify%2CWix%2CSquarespace%2CWebflow%2CDuda%2CTilda%2CNext.js%2CNuxt.js%2CAstro%2CGatsby%2CHugo%2CJekyll%2CEleventy%2CVercel%2CNetlify%2CGitHub+Pages%2CFramer+Sites%2CLovable%2CBase44&geo=ALL&rank=ALL&start=2020-01-01&end=2026-05-01,2026-06-15T22:17:28.655795Z
2026-05-01,Duda,CMS/ecommerce/builder,Hosted website builder,#dc2626,17585,45270,62855,ALL,ALL,HTTP Archive Technology Report API adoption endpoint,https://cdn.httparchive.org/v1/adoption?technology=ALL%2CWordPress%2CShopify%2CWix%2CSquarespace%2CWebflow%2CDuda%2CTilda%2CNext.js%2CNuxt.js%2CAstro%2CGatsby%2CHugo%2CJekyll%2CEleventy%2CVercel%2CNetlify%2CGitHub+Pages%2CFramer+Sites%2CLovable%2CBase44&geo=ALL&rank=ALL&start=2020-01-01&end=2026-05-01,2026-06-15T22:17:28.655795Z
2026-05-01,Eleventy,Static/app framework,Static site generator,#222222,188,180,368,ALL,ALL,HTTP Archive Technology Report API adoption endpoint,https://cdn.httparchive.org/v1/adoption?technology=ALL%2CWordPress%2CShopify%2CWix%2CSquarespace%2CWebflow%2CDuda%2CTilda%2CNext.js%2CNuxt.js%2CAstro%2CGatsby%2CHugo%2CJekyll%2CEleventy%2CVercel%2CNetlify%2CGitHub+Pages%2CFramer+Sites%2CLovable%2CBase44&geo=ALL&rank=ALL&start=2020-01-01&end=2026-05-01,2026-06-15T22:17:28.655795Z
2026-05-01,Framer Sites,AI-era builder signal,Visual site builder with AI-assisted creation features,#0055ff,11968,11267,23235,ALL,ALL,HTTP Archive Technology Report API adoption endpoint,https://cdn.httparchive.org/v1/adoption?technology=ALL%2CWordPress%2CShopify%2CWix%2CSquarespace%2CWebflow%2CDuda%2CTilda%2CNext.js%2CNuxt.js%2CAstro%2CGatsby%2CHugo%2CJekyll%2CEleventy%2CVercel%2CNetlify%2CGitHub+Pages%2CFramer+Sites%2CLovable%2CBase44&geo=ALL&rank=ALL&start=2020-01-01&end=2026-05-01,2026-06-15T22:17:28.655795Z
2026-05-01,Gatsby,Static/app framework,React static site generator,#663399,8508,10424,18932,ALL,ALL,HTTP Archive Technology Report API adoption endpoint,https://cdn.httparchive.org/v1/adoption?technology=ALL%2CWordPress%2CShopify%2CWix%2CSquarespace%2CWebflow%2CDuda%2CTilda%2CNext.js%2CNuxt.js%2CAstro%2CGatsby%2CHugo%2CJekyll%2CEleventy%2CVercel%2CNetlify%2CGitHub+Pages%2CFramer+Sites%2CLovable%2CBase44&geo=ALL&rank=ALL&start=2020-01-01&end=2026-05-01,2026-06-15T22:17:28.655795Z
2026-05-01,GitHub Pages,Deployment surface,Static hosting platform,#6e7781,19769,14483,34252,ALL,ALL,HTTP Archive Technology Report API adoption endpoint,https://cdn.httparchive.org/v1/adoption?technology=ALL%2CWordPress%2CShopify%2CWix%2CSquarespace%2CWebflow%2CDuda%2CTilda%2CNext.js%2CNuxt.js%2CAstro%2CGatsby%2CHugo%2CJekyll%2CEleventy%2CVercel%2CNetlify%2CGitHub+Pages%2CFramer+Sites%2CLovable%2CBase44&geo=ALL&rank=ALL&start=2020-01-01&end=2026-05-01,2026-06-15T22:17:28.655795Z
2026-05-01,Hugo,Static/app framework,Static site generator,#ff4088,5798,6205,12003,ALL,ALL,HTTP Archive Technology Report API adoption endpoint,https://cdn.httparchive.org/v1/adoption?technology=ALL%2CWordPress%2CShopify%2CWix%2CSquarespace%2CWebflow%2CDuda%2CTilda%2CNext.js%2CNuxt.js%2CAstro%2CGatsby%2CHugo%2CJekyll%2CEleventy%2CVercel%2CNetlify%2CGitHub+Pages%2CFramer+Sites%2CLovable%2CBase44&geo=ALL&rank=ALL&start=2020-01-01&end=2026-05-01,2026-06-15T22:17:28.655795Z
2026-05-01,Jekyll,Static/app framework,Static site generator,#cc0000,2962,2094,5056,ALL,ALL,HTTP Archive Technology Report API adoption endpoint,https://cdn.httparchive.org/v1/adoption?technology=ALL%2CWordPress%2CShopify%2CWix%2CSquarespace%2CWebflow%2CDuda%2CTilda%2CNext.js%2CNuxt.js%2CAstro%2CGatsby%2CHugo%2CJekyll%2CEleventy%2CVercel%2CNetlify%2CGitHub+Pages%2CFramer+Sites%2CLovable%2CBase44&geo=ALL&rank=ALL&start=2020-01-01&end=2026-05-01,2026-06-15T22:17:28.655795Z
2026-05-01,Lovable,AI-era builder signal,AI app/site builder detected by Wappalyzer/HTTP Archive,#ff6b6b,1849,4239,6088,ALL,ALL,HTTP Archive Technology Report API adoption endpoint,https://cdn.httparchive.org/v1/adoption?technology=ALL%2CWordPress%2CShopify%2CWix%2CSquarespace%2CWebflow%2CDuda%2CTilda%2CNext.js%2CNuxt.js%2CAstro%2CGatsby%2CHugo%2CJekyll%2CEleventy%2CVercel%2CNetlify%2CGitHub+Pages%2CFramer+Sites%2CLovable%2CBase44&geo=ALL&rank=ALL&start=2020-01-01&end=2026-05-01,2026-06-15T22:17:28.655795Z
2026-05-01,Netlify,Deployment surface,Static/app deployment platform,#00ad9f,22470,32321,54791,ALL,ALL,HTTP Archive Technology Report API adoption endpoint,https://cdn.httparchive.org/v1/adoption?technology=ALL%2CWordPress%2CShopify%2CWix%2CSquarespace%2CWebflow%2CDuda%2CTilda%2CNext.js%2CNuxt.js%2CAstro%2CGatsby%2CHugo%2CJekyll%2CEleventy%2CVercel%2CNetlify%2CGitHub+Pages%2CFramer+Sites%2CLovable%2CBase44&geo=ALL&rank=ALL&start=2020-01-01&end=2026-05-01,2026-06-15T22:17:28.655795Z
2026-05-01,Next.js,Static/app framework,React app framework and static/hybrid generator,#111827,222905,318444,541349,ALL,ALL,HTTP Archive Technology Report API adoption endpoint,https://cdn.httparchive.org/v1/adoption?technology=ALL%2CWordPress%2CShopify%2CWix%2CSquarespace%2CWebflow%2CDuda%2CTilda%2CNext.js%2CNuxt.js%2CAstro%2CGatsby%2CHugo%2CJekyll%2CEleventy%2CVercel%2CNetlify%2CGitHub+Pages%2CFramer+Sites%2CLovable%2CBase44&geo=ALL&rank=ALL&start=2020-01-01&end=2026-05-01,2026-06-15T22:17:28.655795Z
2026-05-01,Nuxt.js,Static/app framework,Vue app framework and static/hybrid generator,#00dc82,64051,94178,158229,ALL,ALL,HTTP Archive Technology Report API adoption endpoint,https://cdn.httparchive.org/v1/adoption?technology=ALL%2CWordPress%2CShopify%2CWix%2CSquarespace%2CWebflow%2CDuda%2CTilda%2CNext.js%2CNuxt.js%2CAstro%2CGatsby%2CHugo%2CJekyll%2CEleventy%2CVercel%2CNetlify%2CGitHub+Pages%2CFramer+Sites%2CLovable%2CBase44&geo=ALL&rank=ALL&start=2020-01-01&end=2026-05-01,2026-06-15T22:17:28.655795Z
2026-05-01,Shopify,CMS/ecommerce/builder,Hosted ecommerce,#16a34a,305599,423645,729244,ALL,ALL,HTTP Archive Technology Report API adoption endpoint,https://cdn.httparchive.org/v1/adoption?technology=ALL%2CWordPress%2CShopify%2CWix%2CSquarespace%2CWebflow%2CDuda%2CTilda%2CNext.js%2CNuxt.js%2CAstro%2CGatsby%2CHugo%2CJekyll%2CEleventy%2CVercel%2CNetlify%2CGitHub+Pages%2CFramer+Sites%2CLovable%2CBase44&geo=ALL&rank=ALL&start=2020-01-01&end=2026-05-01,2026-06-15T22:17:28.655795Z
2026-05-01,Squarespace,CMS/ecommerce/builder,Hosted website builder,#64748b,79907,99580,179487,ALL,ALL,HTTP Archive Technology Report API adoption endpoint,https://cdn.httparchive.org/v1/adoption?technology=ALL%2CWordPress%2CShopify%2CWix%2CSquarespace%2CWebflow%2CDuda%2CTilda%2CNext.js%2CNuxt.js%2CAstro%2CGatsby%2CHugo%2CJekyll%2CEleventy%2CVercel%2CNetlify%2CGitHub+Pages%2CFramer+Sites%2CLovable%2CBase44&geo=ALL&rank=ALL&start=2020-01-01&end=2026-05-01,2026-06-15T22:17:28.655795Z
2026-05-01,Tilda,CMS/ecommerce/builder,Hosted website builder,#a855f7,12632,53560,66192,ALL,ALL,HTTP Archive Technology Report API adoption endpoint,https://cdn.httparchive.org/v1/adoption?technology=ALL%2CWordPress%2CShopify%2CWix%2CSquarespace%2CWebflow%2CDuda%2CTilda%2CNext.js%2CNuxt.js%2CAstro%2CGatsby%2CHugo%2CJekyll%2CEleventy%2CVercel%2CNetlify%2CGitHub+Pages%2CFramer+Sites%2CLovable%2CBase44&geo=ALL&rank=ALL&start=2020-01-01&end=2026-05-01,2026-06-15T22:17:28.655795Z
2026-05-01,Vercel,Deployment surface,Frontend cloud/PaaS often paired with Next.js,#000000,85013,111538,196551,ALL,ALL,HTTP Archive Technology Report API adoption endpoint,https://cdn.httparchive.org/v1/adoption?technology=ALL%2CWordPress%2CShopify%2CWix%2CSquarespace%2CWebflow%2CDuda%2CTilda%2CNext.js%2CNuxt.js%2CAstro%2CGatsby%2CHugo%2CJekyll%2CEleventy%2CVercel%2CNetlify%2CGitHub+Pages%2CFramer+Sites%2CLovable%2CBase44&geo=ALL&rank=ALL&start=2020-01-01&end=2026-05-01,2026-06-15T22:17:28.655795Z
2026-05-01,Webflow,CMS/ecommerce/builder,Visual website builder/CMS,#0891b2,58269,64226,122495,ALL,ALL,HTTP Archive Technology Report API adoption endpoint,https://cdn.httparchive.org/v1/adoption?technology=ALL%2CWordPress%2CShopify%2CWix%2CSquarespace%2CWebflow%2CDuda%2CTilda%2CNext.js%2CNuxt.js%2CAstro%2CGatsby%2CHugo%2CJekyll%2CEleventy%2CVercel%2CNetlify%2CGitHub+Pages%2CFramer+Sites%2CLovable%2CBase44&geo=ALL&rank=ALL&start=2020-01-01&end=2026-05-01,2026-06-15T22:17:28.655795Z
2026-05-01,Wix,CMS/ecommerce/builder,Hosted website builder,#f59e0b,89708,197082,286790,ALL,ALL,HTTP Archive Technology Report API adoption endpoint,https://cdn.httparchive.org/v1/adoption?technology=ALL%2CWordPress%2CShopify%2CWix%2CSquarespace%2CWebflow%2CDuda%2CTilda%2CNext.js%2CNuxt.js%2CAstro%2CGatsby%2CHugo%2CJekyll%2CEleventy%2CVercel%2CNetlify%2CGitHub+Pages%2CFramer+Sites%2CLovable%2CBase44&geo=ALL&rank=ALL&start=2020-01-01&end=2026-05-01,2026-06-15T22:17:28.655795Z
2026-05-01,WordPress,CMS/ecommerce/builder,Open-source CMS,#2563eb,1817040,2932393,4749433,ALL,ALL,HTTP Archive Technology Report API adoption endpoint,https://cdn.httparchive.org/v1/adoption?technology=ALL%2CWordPress%2CShopify%2CWix%2CSquarespace%2CWebflow%2CDuda%2CTilda%2CNext.js%2CNuxt.js%2CAstro%2CGatsby%2CHugo%2CJekyll%2CEleventy%2CVercel%2CNetlify%2CGitHub+Pages%2CFramer+Sites%2CLovable%2CBase44&geo=ALL&rank=ALL&start=2020-01-01&end=2026-05-01,2026-06-15T22:17:28.655795Z
